DIVISION,ST,AGEP,CIT,MAR,SCHL,WAGP,NATIVITY
9,6,36,1,1,17.0,0,1
3,26,1,1,5,0.0,0,1
9,53,7,1,5,12.0,0,1
5,12,32,4,1,21.0,0,2
8,49,9,1,5,19.0,0,1
8,8,5,1,5,7.0,0,1
2,36,3,1,5,4.0,0,1
5,12,21,1,1,22.0,4,1
4,31,21,1,1,20.0,0,1
2,36,28,1,1,16.0,2,1
2,34,17,1,1,21.0,6,1
5,13,27,1,1,16.0,0,1
9,6,27,5,1,10.0,2,2
3,17,10,1,5,19.0,2,1
1,25,24,1,3,21.0,0,1
4,27,28,1,5,18.0,0,1
9,53,8,1,5,13.0,0,1
4,20,29,1,1,21.0,3,1
5,45,34,1,1,22.0,0,1
7,48,19,1,1,21.0,7,1
3,17,41,1,1,19.0,0,1
1,25,14,1,5,16.0,3,1
6,47,20,1,1,16.0,0,1
9,6,38,1,1,22.0,0,1
4,20,36,1,3,16.0,0,1
2,42,32,1,1,16.0,5,1
9,6,3,1,5,4.0,0,1
3,26,18,1,1,22.0,2,1
3,26,13,1,1,20.0,1,1
7,48,21,1,3,22.0,3,1
7,48,25,1,3,19.0,0,1
8,4,11,1,5,20.0,0,1
2,36,40,1,2,14.0,0,1
2,34,7,1,5,11.0,0,1
0,72,8,1,5,14.0,0,1
3,17,29,1,5,16.0,0,1
4,29,12,5,1,16.0,0,2
5,12,38,1,3,21.0,0,1
5,37,13,1,5,16.0,1,1
2,36,8,1,5,14.0,0,1
7,40,9,1,5,13.0,0,1
1,50,13,1,5,21.0,5,1
7,48,5,1,5,8.0,0,1
8,4,47,1,3,1.0,1,1
2,36,44,1,2,19.0,0,1
5,12,0,1,5,0.0,0,1
5,51,4,1,5,5.0,0,1
9,41,33,1,3,16.0,0,1
1,25,12,1,5,21.0,2,1
3,39,35,1,1,16.0,0,1
1,9,7,1,5,11.0,0,1
2,36,42,1,1,24.0,0,1
3,17,36,1,4,16.0,0,1
1,33,17,1,2,17.0,0,1
8,4,1,1,5,0.0,0,1
5,12,29,1,1,21.0,6,1
2,36,19,5,1,21.0,7,2
5,13,26,1,1,21.0,19,1
5,24,4,1,5,5.0,0,1
6,21,9,1,5,16.0,0,1
5,51,16,1,1,21.0,7,1
7,5,11,1,5,19.0,2,1
6,28,35,1,3,21.0,0,1
5,12,32,1,3,16.0,0,1
5,13,19,1,5,20.0,1,1
7,48,41,1,1,21.0,0,1
0,72,46,1,2,16.0,0,1
9,6,5,1,5,9.0,0,1
3,55,35,1,1,20.0,0,1
7,48,36,1,1,17.0,0,1
5,51,8,1,5,12.0,0,1
8,4,36,1,1,21.0,0,1
2,36,20,1,1,11.0,0,1
3,55,22,1,1,21.0,3,1
4,19,43,1,1,16.0,0,1
7,48,35,1,1,16.0,5,1
1,25,7,1,5,11.0,0,1
1,25,15,1,5,22.0,8,1
5,37,35,1,1,23.0,1,1
9,2,34,1,1,20.0,1,1
1,44,9,5,5,16.0,1,2
2,36,20,1,5,21.0,0,1
7,48,19,1,1,16.0,0,1
9,53,44,1,1,16.0,0,1
7,40,21,1,3,16.0,0,1
1,9,20,5,1,13.0,6,2
7,48,13,5,5,22.0,5,2
9,6,12,1,5,16.0,2,1
9,41,16,1,1,19.0,2,1
5,10,24,1,1,21.0,3,1
5,10,19,1,1,13.0,3,1
1,23,33,1,5,22.0,4,1
9,53,9,4,5,20.0,1,2
3,39,38,1,2,16.0,0,1
7,48,31,1,2,21.0,0,1
9,41,26,5,1,19.0,5,2
2,36,24,1,2,20.0,1,1
5,51,34,1,1,22.0,0,1
5,13,35,1,1,22.0,0,1
8,4,31,1,5,22.0,5,1
7,48,14,5,5,21.0,1,2
8,56,12,1,5,20.0,13,1
3,55,35,1,5,18.0,0,1
5,45,28,1,5,11.0,0,1
2,42,48,1,1,14.0,0,1
1,25,33,1,1,16.0,0,1
9,6,22,1,1,18.0,1,1
1,33,41,1,1,21.0,0,1
9,6,20,1,5,22.0,7,1
1,25,24,4,1,15.0,1,2
3,17,27,1,1,21.0,5,1
8,8,31,1,1,22.0,1,1
9,53,36,1,1,23.0,0,1
3,18,8,1,5,14.0,0,1
3,17,37,1,5,19.0,0,1
4,20,38,1,1,21.0,0,1
1,44,23,1,1,22.0,8,1
2,42,23,1,3,16.0,0,1
9,6,25,4,1,14.0,1,2
4,27,20,1,5,21.0,5,1
7,48,23,1,3,19.0,0,1
5,51,14,1,5,16.0,1,1
4,27,40,1,1,24.0,0,1
3,26,0,1,5,0.0,0,1
2,42,0,1,5,0.0,0,1
5,12,23,1,5,21.0,3,1
9,53,34,4,1,20.0,0,2
9,6,37,1,5,18.0,0,1
8,4,18,1,1,21.0,9,1
5,12,34,4,1,16.0,1,2
2,42,37,1,2,16.0,0,1
3,17,30,1,1,20.0,0,1
8,4,0,1,5,0.0,0,1
7,48,26,1,1,13.0,0,1
5,12,33,1,1,21.0,0,1
5,13,16,1,5,21.0,2,1
5,51,35,1,1,16.0,1,1
5,51,32,1,1,18.0,0,1
6,1,39,1,3,20.0,0,1
5,12,21,1,1,18.0,3,1
6,1,30,1,1,16.0,3,1
7,48,17,1,1,21.0,1,1
9,6,2,1,5,1.0,0,1
2,42,33,1,2,21.0,0,1
3,17,6,1,5,8.0,0,1
1,25,10,1,5,19.0,0,1
5,12,14,1,5,16.0,2,1
6,21,31,1,3,11.0,0,1
6,21,18,1,1,21.0,6,1
9,6,23,5,5,9.0,1,2
3,17,29,4,1,20.0,2,2
4,27,21,1,1,20.0,0,1
8,4,35,1,1,19.0,0,1
3,39,33,1,1,19.0,0,1
7,48,35,1,1,18.0,0,1
3,55,8,1,5,12.0,0,1
5,24,10,1,5,19.0,1,1
3,17,36,1,3,22.0,0,1
5,13,24,1,3,20.0,3,1
9,6,10,1,5,19.0,0,1
3,55,20,1,1,16.0,0,1
2,36,30,1,3,21.0,5,1
7,48,31,1,1,15.0,4,1
7,48,11,1,5,19.0,0,1
9,6,14,5,5,16.0,3,2
1,9,31,1,1,22.0,5,1
6,21,12,5,1,21.0,5,2
7,48,8,1,5,16.0,0,1
9,6,20,1,1,21.0,1,1
9,53,6,1,5,10.0,0,1
3,39,31,1,3,21.0,7,1
9,6,29,1,1,20.0,0,1
2,36,4,1,5,6.0,0,1
5,12,27,4,1,21.0,1,2
7,48,23,1,1,20.0,3,1
1,25,27,1,1,21.0,15,1
2,36,13,1,5,21.0,0,1
7,48,19,1,5,20.0,2,1
3,17,25,1,5,16.0,0,1
5,37,26,1,1,21.0,6,1
6,21,19,1,1,21.0,6,1
2,34,32,2,1,20.0,0,1
7,48,21,1,5,21.0,8,1
9,6,38,1,1,19.0,0,1
3,18,14,1,5,20.0,1,1
9,41,37,1,1,19.0,0,1
9,6,17,1,5,17.0,0,1
0,72,23,2,1,19.0,0,1
5,37,47,1,1,21.0,0,1
9,6,31,5,1,21.0,2,2
2,36,14,1,1,21.0,13,1
5,12,24,1,1,19.0,6,1
9,53,26,1,1,22.0,7,1
9,6,32,1,1,19.0,0,1
8,32,40,4,3,18.0,0,2
2,42,17,1,1,16.0,3,1
7,48,2,1,5,2.0,0,1
6,47,13,1,5,19.0,1,1
2,42,26,1,5,21.0,6,1
5,13,30,1,1,22.0,0,1
2,42,11,1,5,20.0,2,1
6,47,9,1,5,18.0,1,1
5,51,18,5,1,21.0,7,2
9,6,9,1,5,19.0,0,1
9,6,18,1,1,21.0,0,1
8,4,18,1,1,22.0,16,1
8,49,7,1,5,12.0,0,1
1,25,9,4,5,16.0,0,2
5,45,38,1,2,16.0,0,1
4,46,36,1,1,21.0,1,1
9,6,21,1,1,16.0,0,1
7,5,3,1,5,1.0,0,1
3,39,34,1,5,21.0,0,1
6,1,12,1,5,19.0,1,1
3,39,27,1,1,22.0,7,1
5,37,16,1,5,12.0,1,1
9,6,23,5,5,16.0,5,2
4,29,30,1,2,14.0,0,1
4,31,34,1,1,24.0,5,1
7,48,11,1,5,18.0,1,1
2,42,35,1,1,16.0,0,1
9,53,38,1,1,21.0,0,1
4,31,0,1,5,0.0,0,1
2,42,43,1,2,16.0,0,1
9,6,7,1,5,11.0,0,1
0,72,29,2,5,16.0,0,1
9,6,2,1,5,1.0,0,1
0,72,29,2,5,6.0,1,1
3,17,4,1,5,5.0,0,1
7,48,24,4,1,21.0,3,2
3,17,39,4,1,11.0,0,2
8,35,10,1,5,19.0,1,1
7,40,6,1,5,9.0,0,1
4,27,17,1,5,19.0,0,1
7,22,4,1,5,4.0,0,1
5,24,34,1,1,24.0,3,1
2,42,31,1,1,21.0,2,1
9,53,42,1,1,24.0,0,1
3,39,33,1,1,17.0,0,1
5,13,15,1,5,19.0,0,1
4,29,48,1,2,16.0,0,1
4,20,2,1,5,2.0,0,1
8,35,32,1,1,16.0,0,1
2,36,30,1,3,21.0,2,1
4,20,37,1,1,21.0,0,1
2,36,31,1,1,13.0,0,1
9,53,20,1,5,20.0,4,1
5,10,13,1,5,19.0,1,1
5,12,13,1,1,16.0,0,1
8,4,7,1,5,11.0,0,1
5,12,17,1,5,16.0,0,1
7,48,28,1,1,16.0,0,1
9,6,32,1,5,12.0,0,1
5,51,17,1,1,18.0,2,1
5,12,38,1,1,21.0,0,1
5,13,6,1,5,9.0,0,1
7,48,19,1,5,22.0,2,1
4,27,4,1,5,7.0,0,1
6,28,17,1,5,1.0,0,1
1,25,48,1,1,16.0,0,1
1,25,28,4,1,16.0,0,2
3,18,12,1,5,19.0,2,1
4,29,26,1,1,16.0,0,1
2,36,13,1,1,22.0,0,1
5,51,25,1,1,21.0,0,1
3,39,6,1,5,1.0,0,1
5,51,26,1,1,22.0,0,1
7,48,13,1,1,16.0,2,1
5,12,5,1,5,8.0,0,1
5,51,5,1,5,7.0,0,1
6,1,37,1,2,21.0,0,1
2,36,29,1,4,18.0,0,1
5,10,47,4,2,7.0,0,2
9,6,14,1,5,21.0,5,1
2,36,27,1,1,21.0,1,1
3,26,40,1,3,23.0,0,1
2,36,11,5,5,16.0,0,2
8,16,14,1,5,18.0,0,1
0,72,20,2,5,24.0,0,1
5,51,41,1,4,16.0,0,1
7,5,25,1,1,16.0,4,1
7,48,30,1,1,21.0,0,1
5,45,23,1,1,16.0,0,1
7,48,7,1,5,11.0,0,1
3,26,6,5,5,9.0,0,2
7,48,8,1,5,14.0,0,1
3,39,12,1,1,16.0,4,1
5,13,31,1,3,20.0,0,1
9,6,21,5,1,20.0,0,2
1,25,35,1,3,19.0,2,1
2,34,38,1,1,19.0,0,1
5,51,28,1,1,16.0,0,1
2,36,15,1,5,22.0,0,1
7,48,19,5,4,9.0,0,2
4,31,2,1,5,1.0,0,1
8,4,31,1,3,21.0,16,1
7,48,15,1,5,15.0,0,1
1,50,34,1,2,16.0,0,1
3,18,17,1,5,21.0,5,1
2,42,19,1,5,20.0,2,1
2,36,39,1,5,18.0,0,1
3,17,4,1,5,6.0,0,1
5,12,46,1,3,17.0,0,1
2,34,25,5,3,15.0,1,2
9,6,23,4,1,21.0,9,2
3,55,37,1,2,15.0,0,1
2,42,30,1,1,16.0,4,1
2,42,30,5,1,21.0,0,2
5,54,8,1,5,14.0,0,1
7,48,18,4,1,21.0,0,2
5,13,15,1,5,21.0,3,1
5,51,30,1,1,19.0,0,1
9,6,15,1,5,22.0,0,1
5,12,37,1,1,21.0,0,1
8,4,11,1,5,16.0,0,1
7,48,24,1,5,16.0,1,1
3,39,27,1,1,20.0,3,1
7,48,24,1,1,21.0,5,1
6,47,22,1,1,19.0,1,1
9,6,20,1,5,19.0,5,1
9,6,37,4,1,19.0,0,2
0,72,2,2,5,1.0,0,1
5,37,32,1,5,14.0,0,1
5,12,31,4,1,23.0,2,2
6,47,15,1,5,16.0,2,1
6,28,10,1,5,16.0,1,1
3,39,32,1,1,16.0,0,1
5,13,20,1,5,17.0,0,1
3,39,14,1,4,16.0,0,1
3,26,11,1,5,19.0,1,1
7,48,17,1,1,21.0,35,1
5,37,25,1,1,19.0,5,1
7,48,1,1,5,2.0,0,1
9,6,32,1,1,21.0,0,1
3,39,13,1,5,14.0,0,1
3,39,30,4,1,21.0,0,2
5,12,9,1,5,16.0,0,1
1,25,5,1,5,8.0,0,1
1,25,27,4,1,20.0,0,2
2,36,36,1,1,21.0,0,1
1,25,38,2,2,10.0,0,1
1,23,24,1,1,21.0,6,1
5,12,6,1,5,10.0,0,1
4,19,9,1,5,18.0,0,1
4,19,36,1,1,18.0,0,1
3,17,40,1,1,16.0,0,1
8,32,0,5,5,0.0,0,2
7,48,10,1,5,20.0,0,1
5,12,32,5,1,16.0,0,2
9,6,11,1,5,21.0,0,1
9,6,24,1,1,18.0,0,1
6,47,22,1,5,21.0,3,1
5,51,9,1,5,16.0,0,1
5,12,18,1,1,21.0,2,1
4,46,24,1,5,16.0,0,1
8,4,3,1,5,4.0,0,1
8,32,27,1,1,16.0,6,1
3,55,22,5,1,21.0,7,2
5,45,37,1,3,16.0,0,1
7,5,25,1,5,20.0,0,1
9,6,11,3,5,1.0,0,1
5,13,27,1,2,22.0,0,1
3,18,6,1,5,9.0,0,1
2,36,28,1,1,21.0,3,1
4,31,6,1,5,8.0,0,1
9,6,21,1,5,16.0,0,1
9,6,33,1,1,21.0,0,1
7,5,41,1,1,16.0,0,1
5,37,32,1,1,21.0,6,1
9,53,6,1,5,9.0,0,1
3,39,25,1,1,22.0,13,1
7,5,19,1,4,16.0,4,1
4,31,9,1,5,19.0,0,1
9,6,12,1,5,16.0,2,1
7,48,8,1,5,14.0,0,1
5,37,44,1,2,16.0,0,1
8,8,19,1,1,17.0,9,1
4,19,3,1,5,3.0,0,1
1,25,17,5,1,13.0,3,2
5,12,29,1,1,15.0,1,1
9,6,6,1,5,10.0,0,1
5,24,11,1,5,21.0,0,1
1,9,41,1,2,16.0,0,1
5,51,17,1,1,21.0,3,1
5,51,21,1,1,21.0,11,1
5,37,4,1,5,6.0,0,1
9,53,36,1,1,20.0,0,1
5,13,34,1,1,17.0,0,1
9,6,34,4,5,19.0,0,2
0,72,37,2,1,22.0,0,1
3,39,19,1,1,21.0,0,1
7,48,23,1,2,19.0,3,1
3,26,21,1,3,18.0,0,1
8,35,8,1,5,14.0,0,1
5,12,24,1,5,19.0,2,1
2,34,21,1,1,21.0,3,1
6,21,0,1,5,0.0,0,1
8,16,2,1,5,1.0,0,1
5,12,15,1,1,17.0,3,1
9,6,38,1,1,19.0,0,1
7,40,29,4,3,21.0,0,2
8,16,39,1,1,18.0,0,1
9,6,27,5,1,9.0,0,2
5,13,17,1,1,21.0,2,1
9,6,0,1,5,0.0,0,1
3,39,13,1,5,21.0,4,1
3,55,8,1,5,13.0,0,1
6,28,35,1,1,18.0,0,1
5,13,12,1,5,19.0,3,1
5,24,19,1,1,22.0,1,1
3,17,32,1,1,17.0,1,1
5,24,8,5,5,14.0,0,2
7,48,30,5,4,1.0,0,2
3,39,2,1,5,2.0,0,1
4,29,48,1,2,16.0,0,1
9,6,4,1,5,6.0,0,1
7,5,2,1,5,1.0,0,1
3,39,24,1,2,17.0,0,1
2,42,24,1,1,16.0,2,1
9,6,19,4,5,16.0,3,2
2,36,34,5,1,15.0,0,2
3,18,5,1,5,7.0,0,1
7,48,13,1,5,21.0,3,1
9,6,16,1,5,22.0,0,1
4,31,21,1,1,16.0,33,1
5,12,38,1,1,19.0,0,1
6,21,20,1,1,16.0,1,1
1,44,39,1,1,20.0,0,1
5,37,15,3,5,22.0,4,1
3,17,28,1,1,21.0,4,1
7,48,9,1,5,16.0,0,1
7,48,35,4,1,8.0,0,2
7,48,9,1,5,19.0,0,1
9,6,19,5,5,16.0,0,2
9,41,14,1,5,18.0,0,1
6,47,16,1,1,18.0,1,1
8,16,34,1,1,16.0,4,1
9,6,1,1,5,1.0,0,1
5,12,4,1,5,7.0,0,1
9,6,33,4,3,19.0,1,2
7,40,19,1,1,21.0,2,1
3,26,4,1,5,6.0,0,1
5,13,26,4,1,21.0,7,2
3,39,16,1,1,19.0,4,1
3,18,13,1,1,21.0,0,1
7,48,15,1,1,19.0,1,1
1,25,34,1,1,21.0,6,1
3,17,10,1,5,16.0,1,1
7,40,32,1,1,21.0,0,1
2,42,39,5,1,16.0,0,2
6,21,9,1,5,15.0,0,1
8,4,45,1,2,16.0,0,1
7,48,25,4,1,9.0,0,2
5,12,37,4,3,16.0,0,2
1,50,4,1,5,5.0,0,1
5,51,20,1,3,20.0,0,1
0,72,33,2,2,20.0,0,1
2,36,34,1,1,20.0,2,1
6,47,25,1,3,17.0,0,1
9,53,20,1,1,16.0,5,1
4,27,18,1,5,12.0,0,1
7,48,29,1,1,19.0,0,1
3,55,33,3,1,21.0,0,1
2,36,42,1,5,16.0,0,1
6,47,19,1,1,17.0,0,1
9,6,7,1,5,12.0,0,1
7,48,26,1,1,21.0,2,1
9,6,5,1,5,6.0,0,1
5,51,27,1,1,21.0,1,1
5,37,35,1,1,16.0,0,1
8,49,5,1,5,8.0,0,1
3,17,8,1,5,14.0,0,1
2,36,9,1,5,14.0,0,1
3,17,40,1,2,17.0,0,1
9,53,9,1,5,16.0,0,1
9,6,5,1,5,6.0,0,1
2,34,27,1,3,16.0,1,1
9,6,27,1,1,22.0,8,1
8,4,27,1,5,16.0,0,1
2,34,19,1,1,21.0,46,1
5,37,31,1,1,16.0,3,1
3,17,20,1,1,22.0,7,1
5,51,33,1,1,21.0,0,1
4,19,8,1,5,11.0,0,1
2,42,13,1,1,16.0,0,1
3,17,0,1,5,0.0,0,1
7,48,9,1,5,18.0,0,1
2,34,11,1,5,21.0,0,1
7,48,43,1,1,20.0,0,1
2,42,32,1,1,18.0,3,1
3,39,18,1,1,22.0,3,1
3,17,7,1,5,13.0,0,1
2,36,22,4,1,21.0,3,2
6,28,13,1,5,16.0,0,1
9,6,6,1,5,9.0,0,1
9,53,19,1,5,21.0,2,1
2,36,11,1,5,21.0,2,1
3,18,19,1,3,16.0,2,1
9,6,12,1,5,16.0,1,1
7,40,25,1,1,16.0,3,1
5,45,4,1,5,5.0,0,1
3,26,17,1,5,20.0,1,1
5,51,4,1,5,4.0,0,1
7,48,24,1,5,21.0,0,1
2,34,5,1,5,7.0,0,1
5,37,5,1,5,6.0,0,1
3,26,26,1,1,19.0,1,1
6,1,6,1,5,9.0,0,1
3,17,48,1,2,16.0,0,1
3,39,3,1,5,4.0,0,1
9,6,38,4,1,1.0,0,2
5,45,1,1,5,0.0,0,1
5,12,33,1,2,16.0,0,1
1,9,13,1,5,16.0,5,1
7,48,15,1,1,16.0,2,1
7,40,16,4,1,21.0,3,2
7,48,31,1,1,16.0,3,1
2,42,0,1,5,0.0,0,1
1,25,9,1,5,16.0,1,1
4,19,19,1,1,16.0,0,1
6,21,3,1,5,4.0,0,1
5,51,37,1,1,22.0,0,1
7,48,41,1,1,18.0,0,1
9,6,44,1,2,21.0,0,1
3,17,7,1,5,11.0,0,1
1,23,3,1,5,4.0,0,1
9,53,35,1,3,19.0,0,1
6,47,7,3,5,11.0,0,1
1,9,23,4,1,22.0,4,2
9,6,26,1,1,16.0,4,1
3,26,27,1,1,19.0,5,1
7,5,2,1,5,2.0,0,1
9,6,31,4,3,21.0,0,2
2,36,26,1,1,21.0,2,1
9,6,25,5,1,16.0,0,2
6,47,40,1,5,18.0,0,1
5,12,25,1,1,24.0,3,1
8,4,29,1,3,21.0,4,1
8,49,1,1,5,1.0,0,1
9,6,30,4,3,21.0,17,2
3,26,2,1,5,1.0,0,1
3,39,1,1,5,1.0,0,1
3,26,35,1,5,16.0,0,1
7,48,34,4,2,6.0,2,2
2,34,35,1,1,21.0,21,1
5,51,34,1,1,19.0,0,1
6,28,33,1,5,16.0,0,1
2,36,25,1,5,11.0,0,1
2,34,19,1,1,22.0,1,1
5,37,13,1,5,19.0,1,1
9,6,31,4,1,17.0,15,2
6,1,26,1,1,18.0,8,1
7,48,10,1,5,16.0,1,1
5,12,35,1,1,23.0,0,1
9,41,0,1,5,0.0,0,1
7,48,4,1,5,6.0,0,1
9,6,6,1,5,9.0,0,1
7,48,36,1,1,21.0,0,1
4,31,7,1,5,11.0,0,1
3,26,1,1,5,0.0,0,1
9,6,28,5,1,18.0,0,2
3,18,29,1,1,16.0,5,1
2,36,2,1,5,2.0,0,1
9,6,31,4,1,19.0,0,2
4,29,2,1,5,2.0,0,1
3,26,19,1,1,24.0,0,1
5,13,29,4,1,16.0,3,2
2,42,31,1,1,21.0,0,1
4,31,20,1,5,16.0,0,1
3,39,20,1,3,19.0,2,1
9,6,20,1,4,22.0,3,1
6,47,14,1,5,21.0,2,1
9,6,48,1,2,22.0,0,1
3,39,30,1,1,16.0,0,1
7,5,23,1,1,16.0,1,1
5,13,14,1,3,20.0,1,1
0,72,22,2,3,22.0,1,1
3,55,3,1,5,4.0,0,1
8,56,40,1,1,23.0,0,1
3,18,29,1,1,11.0,0,1
5,12,31,1,2,21.0,6,1
9,53,8,1,5,14.0,0,1
2,36,4,1,5,7.0,0,1
3,26,18,1,1,21.0,5,1
3,39,38,1,1,19.0,0,1
4,29,11,1,5,18.0,1,1
2,36,0,1,5,0.0,0,1
9,6,42,4,1,21.0,0,2
2,42,37,1,2,16.0,0,1
7,48,2,1,5,2.0,0,1
9,15,16,1,1,21.0,0,1
7,22,30,1,5,15.0,3,1
2,36,19,1,5,21.0,1,1
3,17,32,1,1,16.0,0,1
4,20,30,1,1,16.0,0,1
5,37,10,1,5,17.0,1,1
5,12,26,1,3,20.0,0,1
5,37,36,1,1,22.0,0,1
8,32,17,5,1,1.0,0,2
2,36,19,1,1,24.0,5,1
5,37,32,1,1,20.0,0,1
9,2,2,1,5,1.0,0,1
8,49,9,1,5,20.0,0,1
5,24,14,5,5,16.0,2,2
9,15,39,1,3,23.0,0,1
5,37,37,1,1,20.0,0,1
9,6,15,5,5,17.0,3,2
5,13,24,1,1,21.0,5,1
9,53,8,1,5,13.0,0,1
9,6,20,1,5,23.0,21,1
5,54,24,1,1,16.0,1,1
7,48,30,1,1,13.0,0,1
7,22,10,1,5,19.0,0,1
5,37,9,1,5,19.0,0,1
1,25,30,1,3,18.0,1,1
7,48,17,1,5,19.0,3,1
9,6,10,3,5,16.0,0,1
7,48,0,1,5,0.0,0,1
7,40,19,1,5,17.0,2,1
3,39,26,1,1,18.0,2,1
5,12,34,1,1,21.0,0,1
7,5,12,1,5,22.0,1,1
9,6,8,1,5,13.0,0,1
4,29,37,1,1,16.0,0,1
3,39,12,1,5,21.0,1,1
7,48,7,1,5,13.0,0,1
5,24,28,4,1,24.0,3,2
0,72,17,2,5,9.0,0,1
5,12,18,1,3,16.0,2,1
9,53,21,1,1,22.0,2,1
7,48,18,4,1,18.0,0,2
8,32,12,1,5,18.0,0,1
2,42,10,1,5,16.0,1,1
5,45,29,1,1,21.0,4,1
5,24,9,1,5,18.0,0,1
3,39,35,1,5,21.0,1,1
3,17,6,1,5,3.0,0,1
2,42,44,1,3,18.0,0,1
5,10,34,1,3,19.0,0,1
7,48,36,4,1,10.0,0,2
9,6,21,1,5,21.0,0,1
3,26,9,1,5,16.0,0,1
7,48,32,1,1,22.0,3,1
7,48,29,1,1,18.0,2,1
9,6,19,1,1,16.0,9,1
5,51,18,1,3,13.0,0,1
5,13,19,1,3,21.0,2,1
5,37,31,1,1,21.0,0,1
3,55,11,1,5,16.0,0,1
9,6,6,1,5,11.0,0,1
2,36,1,1,5,0.0,0,1
6,1,32,1,1,16.0,0,1
4,20,29,3,1,21.0,11,1
5,12,18,1,1,16.0,2,1
5,37,3,1,5,4.0,0,1
0,72,23,2,3,20.0,1,1
2,36,39,4,1,1.0,0,2
7,48,17,1,1,19.0,4,1
2,42,10,1,5,19.0,0,1
5,37,40,1,1,22.0,0,1
9,53,14,1,1,19.0,0,1
5,12,27,1,3,1.0,3,1
5,51,35,1,3,21.0,3,1
2,34,29,4,1,21.0,0,2
8,4,45,1,2,16.0,0,1
4,29,16,1,5,19.0,0,1
9,6,40,5,1,19.0,0,2
8,8,22,5,1,11.0,2,2
5,24,3,1,5,4.0,0,1
2,36,22,1,5,16.0,0,1
4,29,36,1,1,16.0,0,1
0,72,38,2,1,20.0,0,1
9,6,13,1,5,21.0,0,1
7,48,30,1,1,21.0,0,1
9,6,20,4,3,21.0,11,2
0,72,0,2,5,0.0,0,1
5,13,11,1,5,21.0,1,1
9,53,4,1,5,7.0,0,1
9,6,26,1,5,13.0,3,1
5,12,7,1,5,12.0,0,1
7,48,15,1,1,18.0,0,1
0,72,5,2,5,7.0,0,1
9,6,31,4,1,18.0,3,2
5,45,24,1,1,22.0,4,1
6,28,12,1,5,16.0,0,1
7,48,21,1,1,21.0,13,1
8,35,18,1,1,20.0,1,1
1,9,14,1,5,21.0,4,1
8,32,24,1,3,16.0,0,1
8,4,27,1,1,21.0,9,1
7,48,19,4,1,22.0,3,2
5,13,33,1,1,16.0,0,1
9,53,21,1,1,23.0,9,1
9,6,20,1,5,15.0,0,1
9,6,8,1,5,19.0,1,1
8,8,23,4,3,22.0,4,2
8,8,40,1,1,21.0,0,1
5,37,7,1,5,12.0,0,1
1,25,39,1,1,21.0,0,1
5,37,32,1,3,17.0,1,1
9,6,8,1,5,13.0,0,1
8,49,23,1,1,20.0,4,1
2,42,15,1,5,16.0,0,1
3,39,31,1,3,14.0,0,1
9,6,3,1,5,5.0,0,1
9,6,32,1,1,21.0,7,1
3,17,27,1,5,17.0,0,1
8,49,37,1,2,19.0,0,1
7,48,9,1,5,18.0,0,1
1,9,31,1,1,22.0,8,1
5,24,18,1,1,22.0,9,1
9,6,0,1,5,0.0,0,1
4,29,19,1,5,21.0,7,1
3,17,6,1,5,9.0,0,1
9,6,35,1,1,23.0,0,1
5,24,48,1,2,16.0,0,1
5,45,36,1,2,18.0,0,1
5,51,40,1,1,21.0,0,1
3,55,6,1,5,9.0,0,1
2,34,29,1,1,21.0,6,1
6,28,10,1,5,16.0,0,1
8,4,5,1,5,8.0,0,1
9,6,30,1,3,16.0,0,1
2,36,48,1,2,16.0,0,1
8,8,37,1,1,19.0,0,1
5,12,23,4,3,22.0,6,2
3,39,4,1,5,5.0,0,1
5,45,21,1,4,20.0,0,1
4,29,13,1,5,18.0,2,1
7,48,21,1,5,21.0,2,1
9,6,21,1,1,21.0,7,1
1,33,9,1,5,16.0,0,1
9,6,42,1,2,16.0,0,1
8,16,9,1,3,18.0,0,1
9,6,23,1,1,19.0,0,1
5,13,26,1,1,16.0,2,1
5,13,9,1,1,17.0,1,1
3,26,45,1,2,16.0,0,1
5,45,34,1,1,16.0,4,1
7,22,26,1,3,21.0,4,1
2,42,17,1,5,17.0,0,1
2,36,8,1,5,12.0,0,1
9,6,1,1,5,0.0,0,1
8,8,40,1,1,22.0,0,1
6,47,27,1,1,16.0,6,1
5,37,13,1,5,16.0,1,1
6,1,26,1,3,16.0,0,1
2,36,12,2,5,15.0,0,1
8,4,9,1,5,19.0,0,1
9,6,24,1,5,17.0,0,1
9,53,37,1,3,21.0,0,1
3,17,42,1,2,19.0,0,1
4,20,33,1,3,16.0,0,1
4,20,14,5,5,21.0,1,2
1,25,35,1,1,20.0,0,1
5,12,24,1,1,20.0,4,1
3,26,15,1,1,21.0,4,1
9,6,9,1,5,18.0,0,1
7,22,27,1,5,16.0,1,1
9,6,13,1,5,21.0,3,1
8,49,4,1,5,5.0,0,1
1,50,26,1,1,22.0,4,1
4,27,29,1,1,20.0,1,1
3,26,21,1,5,18.0,0,1
5,37,31,1,1,19.0,0,1
7,48,24,1,1,16.0,2,1
8,4,11,1,5,16.0,1,1
9,6,7,1,5,12.0,0,1
1,9,46,1,2,16.0,0,1
9,6,17,5,1,17.0,2,2
5,12,19,1,1,21.0,9,1
5,12,6,5,5,10.0,0,2
2,42,12,1,5,21.0,0,1
6,28,32,1,1,21.0,12,1
7,48,40,1,1,22.0,0,1
4,19,24,1,4,16.0,4,1
8,30,6,1,5,9.0,0,1
8,32,12,1,5,21.0,0,1
9,53,29,1,1,21.0,7,1
4,19,15,1,5,19.0,2,1
9,6,21,1,1,13.0,3,1
7,48,17,1,1,22.0,3,1
9,6,35,1,1,22.0,0,1
9,6,12,1,5,11.0,0,1
5,37,37,1,1,23.0,0,1
9,6,35,1,2,20.0,1,1
5,45,26,1,1,16.0,0,1
5,13,34,1,1,13.0,0,1
9,6,10,1,5,19.0,0,1
7,48,28,5,1,1.0,3,2
3,17,21,1,1,24.0,17,1
3,55,6,1,5,11.0,0,1
8,35,1,1,5,0.0,0,1
7,48,25,4,1,16.0,0,2
2,42,26,1,1,17.0,3,1
3,17,16,1,3,19.0,2,1
9,6,8,1,5,14.0,0,1
3,55,30,1,1,16.0,0,1
9,53,25,1,3,18.0,2,1
2,36,19,4,1,21.0,10,2
4,20,9,1,5,19.0,0,1
2,34,18,1,5,13.0,1,1
0,72,1,2,5,0.0,0,1
5,12,6,1,5,10.0,0,1
7,48,23,1,1,23.0,6,1
5,13,15,1,4,18.0,0,1
5,51,11,1,5,21.0,3,1
3,17,10,1,1,20.0,0,1
5,51,10,1,5,19.0,0,1
8,8,22,1,4,15.0,0,1
1,23,3,1,5,2.0,0,1
2,34,18,1,5,16.0,0,1
2,36,23,1,3,21.0,5,1
3,39,29,1,3,16.0,3,1
5,13,36,1,1,23.0,1,1
2,36,20,1,5,22.0,8,1
9,6,3,1,5,3.0,0,1
8,8,29,1,1,21.0,1,1
4,31,30,1,1,19.0,7,1
9,6,12,1,5,21.0,3,1
9,6,21,1,1,21.0,3,1
5,12,35,1,3,16.0,0,1
6,47,35,1,1,22.0,0,1
9,6,0,1,5,0.0,0,1
5,13,39,1,2,13.0,0,1
5,13,40,1,1,16.0,0,1
7,48,27,4,1,21.0,0,2
3,39,15,1,1,18.0,5,1
3,39,8,1,5,13.0,0,1
8,4,26,1,1,21.0,6,1
8,35,21,1,3,19.0,0,1
4,38,38,1,2,19.0,0,1
5,13,16,1,1,18.0,1,1
4,31,7,1,5,9.0,0,1
2,36,2,1,5,3.0,0,1
3,39,2,1,5,1.0,0,1
3,17,48,5,2,16.0,0,2
3,39,41,1,3,16.0,0,1
5,13,26,5,3,1.0,0,2
3,55,7,1,5,11.0,0,1
7,48,14,1,5,19.0,0,1
5,13,7,1,5,11.0,0,1
2,42,39,1,3,16.0,0,1
5,12,11,1,1,15.0,1,1
1,25,42,4,1,22.0,0,2
5,13,37,1,3,15.0,0,1
5,51,36,1,1,10.0,0,1
9,6,31,5,1,21.0,0,2
5,45,8,1,5,14.0,0,1
2,36,41,1,3,18.0,0,1
8,4,35,1,1,20.0,0,1
9,6,9,1,5,19.0,0,1
2,42,19,1,1,21.0,3,1
8,4,22,1,3,19.0,2,1
9,41,36,1,1,21.0,0,1
3,26,21,1,1,19.0,0,1
5,37,15,1,1,22.0,5,1
5,12,26,4,1,21.0,3,2
4,29,28,5,4,12.0,0,2
3,17,7,1,5,12.0,0,1
9,41,36,1,1,18.0,0,1
5,51,12,1,4,16.0,0,1
9,2,13,4,5,16.0,3,2
1,9,19,1,1,20.0,3,1
9,6,34,1,1,21.0,0,1
2,36,27,1,2,19.0,2,1
7,48,35,1,1,19.0,0,1
8,32,31,1,3,17.0,1,1
3,26,1,1,5,1.0,0,1
2,42,29,1,1,22.0,3,1
4,31,25,1,1,20.0,2,1
4,29,0,1,5,0.0,0,1
9,53,24,1,1,20.0,0,1
2,42,34,1,1,19.0,0,1
7,48,36,4,1,21.0,0,2
6,21,21,1,1,16.0,2,1
5,13,30,4,1,21.0,10,2
2,36,38,2,5,16.0,0,1
2,36,15,1,1,21.0,14,1
9,6,23,1,1,19.0,0,1
3,26,26,1,1,16.0,4,1
7,22,36,1,1,16.0,0,1
2,42,5,1,5,7.0,0,1
9,6,22,4,5,18.0,0,2
5,24,14,1,5,21.0,5,1
9,6,8,1,5,14.0,0,1
9,6,39,1,1,19.0,0,1
3,17,31,4,3,19.0,0,2
8,4,34,1,1,21.0,0,1
9,15,8,1,5,14.0,0,1
2,36,5,1,5,8.0,0,1
5,45,0,1,5,0.0,0,1
9,6,11,1,1,19.0,0,1
2,42,4,1,5,6.0,0,1
9,53,35,1,1,21.0,0,1
3,26,21,1,1,19.0,0,1
7,48,11,5,1,16.0,0,2
2,42,19,1,1,20.0,2,1
5,12,35,1,1,20.0,0,1
5,12,5,1,5,6.0,0,1
5,51,32,1,5,16.0,0,1
9,6,35,1,5,20.0,0,1
9,6,35,1,3,19.0,0,1
8,30,33,1,1,18.0,0,1
1,9,25,4,3,19.0,0,2
8,16,35,1,5,16.0,0,1
9,6,41,1,2,19.0,0,1
7,48,13,1,5,21.0,0,1
3,26,13,1,5,16.0,0,1
5,12,33,1,1,16.0,0,1
7,48,26,1,1,20.0,3,1
2,42,8,1,5,13.0,0,1
2,42,15,1,5,16.0,2,1
2,42,23,1,1,20.0,0,1
9,6,29,1,1,21.0,6,1
9,6,8,1,5,14.0,0,1
9,6,19,1,1,21.0,0,1
7,48,33,4,3,9.0,0,2
4,31,36,1,1,22.0,0,1
4,27,21,1,1,19.0,5,1
3,18,37,1,1,23.0,0,1
3,39,5,1,5,7.0,0,1
3,17,15,1,5,16.0,5,1
6,21,10,1,5,16.0,1,1
9,6,42,1,1,19.0,0,1
3,17,41,5,1,17.0,0,2
8,8,31,1,4,16.0,2,1
6,1,27,1,1,22.0,5,1
8,32,13,3,5,16.0,0,1
5,12,31,1,1,16.0,1,1
6,47,41,1,1,16.0,0,1
5,45,23,1,1,23.0,2,1
5,12,34,1,1,18.0,0,1
3,39,36,1,1,19.0,0,1
9,6,48,1,2,19.0,0,1
9,53,31,1,1,16.0,0,1
7,48,5,1,5,7.0,0,1
5,12,17,1,1,10.0,2,1
8,4,30,1,5,17.0,1,1
2,42,25,1,1,22.0,4,1
4,27,13,1,5,19.0,3,1
9,6,18,1,1,16.0,1,1
2,42,32,1,1,22.0,2,1
5,12,42,1,1,18.0,0,1
9,6,24,1,1,21.0,13,1
5,13,29,1,3,16.0,4,1
2,36,34,1,1,21.0,0,1
2,42,33,1,1,17.0,0,1
5,12,31,1,1,21.0,3,1
5,51,21,1,3,1.0,0,1
9,6,17,1,1,21.0,7,1
2,42,19,1,1,16.0,3,1
3,26,37,1,1,19.0,2,1
5,13,6,1,5,8.0,0,1
5,24,32,1,1,19.0,6,1
5,10,17,1,1,16.0,0,1
6,47,8,1,5,14.0,0,1
2,36,9,1,5,19.0,0,1
5,13,23,4,1,22.0,0,2
0,72,37,2,3,16.0,0,1
9,6,10,5,5,16.0,1,2
5,24,14,1,1,22.0,4,1
7,48,26,1,1,21.0,0,1
3,39,7,4,5,10.0,0,2
9,6,30,1,1,19.0,1,1
3,55,29,1,3,19.0,0,1
8,32,20,5,5,16.0,2,2
9,53,1,1,5,1.0,0,1
7,48,24,1,1,22.0,7,1
5,13,37,1,3,16.0,0,1
3,26,35,1,1,16.0,0,1
3,26,25,1,5,19.0,4,1
2,34,38,4,2,21.0,1,2
9,6,14,1,5,16.0,1,1
9,6,5,1,5,7.0,0,1
5,37,12,1,1,21.0,1,1
6,21,7,1,5,11.0,0,1
7,48,10,1,5,20.0,1,1
5,51,19,1,1,12.0,0,1
7,40,7,1,5,11.0,0,1
2,36,26,1,5,16.0,0,1
5,12,27,1,1,20.0,0,1
5,13,33,1,4,16.0,0,1
3,39,18,1,1,20.0,2,1
3,26,37,1,2,16.0,0,1
5,51,22,5,1,6.0,0,2
2,34,28,2,1,16.0,2,1
2,34,8,1,5,12.0,0,1
5,51,21,1,1,22.0,5,1
7,5,35,1,3,17.0,0,1
7,48,3,1,5,3.0,0,1
3,26,32,1,3,16.0,0,1
5,13,27,1,1,16.0,0,1
3,26,9,1,5,18.0,0,1
5,13,20,1,1,16.0,1,1
3,39,37,1,5,19.0,0,1
3,26,13,1,3,18.0,2,1
9,6,32,4,1,23.0,0,2
2,42,5,1,5,7.0,0,1
7,48,17,5,1,15.0,0,2
3,17,15,1,1,19.0,2,1
2,36,31,5,1,9.0,0,2
7,48,11,1,5,19.0,2,1
5,12,30,4,1,16.0,0,2
6,47,35,1,2,16.0,0,1
1,23,35,1,1,16.0,0,1
7,48,26,1,5,16.0,2,1
2,36,1,4,5,1.0,0,2
2,36,5,1,5,9.0,0,1
2,36,15,5,1,24.0,2,2
8,8,20,1,1,21.0,4,1
7,22,27,1,5,19.0,5,1
9,6,15,1,5,21.0,16,1
7,40,3,1,5,2.0,0,1
7,48,4,1,5,6.0,0,1
9,6,3,1,5,4.0,0,1
8,8,33,1,5,18.0,0,1
4,29,1,1,5,1.0,0,1
5,45,38,1,1,16.0,0,1
5,12,11,1,5,21.0,1,1
2,36,29,1,3,13.0,0,1
7,48,19,5,1,19.0,2,2
3,26,28,1,1,18.0,3,1
9,6,32,5,1,12.0,0,2
8,35,14,1,5,16.0,0,1
4,29,37,1,2,20.0,0,1
4,46,35,1,1,16.0,1,1
5,45,12,1,1,17.0,0,1
2,34,9,1,5,19.0,0,1
9,6,7,3,5,11.0,0,1
9,6,7,1,5,11.0,0,1
9,6,39,1,1,21.0,0,1
5,12,31,1,4,17.0,2,1
4,27,26,1,1,21.0,0,1
2,36,8,5,5,12.0,0,2
4,19,1,1,5,1.0,0,1
6,1,22,1,1,21.0,6,1
7,48,36,1,1,20.0,0,1
7,48,7,1,5,12.0,0,1
5,12,38,1,1,21.0,0,1
8,16,27,1,1,20.0,13,1
7,48,11,1,5,16.0,0,1
3,26,22,1,1,21.0,7,1
3,39,11,1,5,21.0,1,1
2,34,15,1,5,19.0,0,1
7,48,23,1,1,16.0,6,1
8,4,39,1,1,21.0,0,1
0,72,36,2,3,16.0,0,1
5,13,13,1,5,21.0,1,1
8,4,21,1,3,17.0,1,1
3,55,11,1,5,16.0,1,1
7,48,44,4,3,24.0,0,2
5,12,19,5,1,21.0,0,2
5,13,6,1,5,10.0,0,1
2,42,38,1,1,23.0,0,1
2,36,17,5,5,19.0,0,2
9,6,3,1,5,3.0,0,1
2,34,32,5,1,16.0,2,2
5,13,37,1,1,21.0,0,1
5,37,29,1,3,19.0,0,1
8,32,19,4,4,12.0,3,2
9,6,2,1,5,2.0,0,1
5,37,17,5,1,22.0,0,2
5,51,1,1,5,0.0,0,1
5,13,29,1,1,20.0,4,1
5,13,21,1,1,1.0,0,1
9,6,32,1,1,19.0,6,1
2,36,15,1,5,20.0,0,1
3,17,37,1,1,21.0,0,1
9,6,28,1,1,21.0,6,1
2,42,20,1,1,22.0,4,1
2,36,21,1,1,13.0,0,1
9,6,25,5,1,21.0,0,2
5,12,40,4,3,22.0,0,2
5,24,37,1,3,19.0,0,1
9,6,21,1,5,16.0,2,1
7,48,28,4,2,21.0,6,2
3,17,23,1,1,21.0,3,1
5,12,23,5,1,19.0,0,2
2,36,32,1,1,16.0,0,1
8,49,28,1,1,16.0,2,1
7,48,29,1,1,21.0,5,1
3,17,9,1,5,19.0,0,1
5,12,24,1,3,16.0,3,1
4,27,9,1,5,14.0,0,1
5,37,31,1,3,20.0,4,1
7,48,9,1,5,18.0,0,1
1,25,31,4,1,20.0,0,2
8,49,8,1,5,14.0,0,1
9,6,26,1,1,19.0,3,1
1,9,36,1,1,20.0,0,1
5,24,23,4,1,21.0,3,2
2,34,28,4,1,20.0,3,2
2,34,12,1,5,20.0,0,1
9,6,45,1,2,21.0,0,1
4,19,3,1,5,3.0,0,1
5,13,29,1,3,21.0,2,1
3,17,40,1,1,16.0,0,1
9,6,24,5,3,21.0,12,2
4,29,12,1,1,20.0,0,1
5,13,11,1,5,19.0,0,1
4,20,30,1,3,19.0,0,1
4,20,35,1,1,19.0,0,1
1,9,28,1,1,16.0,5,1
8,16,47,1,1,19.0,0,1
3,55,21,1,1,21.0,3,1
9,6,4,1,5,5.0,0,1
6,47,25,1,5,16.0,0,1
9,6,29,2,1,20.0,14,1
9,6,14,1,5,19.0,0,1
3,18,45,1,2,21.0,0,1
5,51,46,1,2,16.0,0,1
3,39,4,1,5,5.0,0,1
9,6,1,1,5,0.0,0,1
5,51,29,1,3,22.0,6,1
2,36,2,1,5,2.0,0,1
3,26,16,1,5,18.0,0,1
3,18,32,1,3,20.0,4,1
3,26,33,1,1,20.0,0,1
5,12,28,4,5,21.0,0,2
5,13,31,4,1,16.0,0,2
2,36,12,1,5,21.0,0,1
1,9,32,1,5,18.0,2,1
3,17,30,1,5,16.0,3,1
5,24,29,1,1,20.0,0,1
3,55,38,1,3,16.0,0,1
9,6,29,1,1,19.0,0,1
5,37,35,1,2,21.0,0,1
8,4,25,1,1,21.0,16,1
7,48,34,3,1,20.0,0,1
6,1,13,1,1,16.0,3,1
8,4,39,1,2,14.0,0,1
7,48,19,1,5,22.0,4,1
7,48,28,5,5,4.0,1,2
5,24,15,4,1,16.0,0,2
6,21,35,1,5,16.0,0,1
9,6,7,1,5,11.0,0,1
5,24,12,1,5,21.0,1,1
2,34,25,1,1,21.0,9,1
3,26,23,1,3,18.0,2,1
7,22,1,1,5,0.0,0,1
7,48,32,1,2,24.0,6,1
3,39,2,1,5,2.0,0,1
2,36,45,1,2,16.0,0,1
3,17,18,1,1,15.0,3,1
5,45,22,1,1,16.0,3,1
3,17,11,1,1,21.0,0,1
2,36,29,4,3,21.0,2,2
5,12,13,1,5,17.0,0,1
4,19,25,1,1,19.0,5,1
7,48,31,4,3,18.0,0,2
8,16,15,4,1,21.0,6,2
9,6,14,1,1,19.0,1,1
5,13,17,1,5,16.0,1,1
1,25,31,1,2,18.0,4,1
2,34,22,1,5,16.0,4,1
5,12,30,4,3,21.0,13,2
9,6,23,1,3,21.0,0,1
8,4,18,4,1,16.0,3,2
7,48,24,1,1,18.0,4,1
5,51,37,1,1,22.0,0,1
9,41,14,1,1,19.0,1,1
6,47,42,1,2,19.0,0,1
4,31,30,1,1,23.0,6,1
5,12,36,1,1,16.0,0,1
9,6,37,5,1,5.0,0,2
8,49,6,1,5,9.0,0,1
3,18,7,1,5,12.0,0,1
3,18,37,1,1,20.0,0,1
8,4,31,5,1,22.0,0,2
9,6,1,1,5,1.0,0,1
5,12,28,5,1,21.0,1,2
2,42,1,1,5,1.0,0,1
5,51,20,1,1,12.0,0,1
9,6,22,5,1,12.0,0,2
8,16,3,1,5,3.0,0,1
2,36,31,1,3,20.0,3,1
7,48,8,1,5,12.0,0,1
4,29,33,1,2,9.0,0,1
6,21,0,1,5,0.0,0,1
6,21,8,1,5,11.0,0,1
3,17,30,1,1,23.0,9,1
6,21,0,1,5,0.0,0,1
9,6,35,5,3,19.0,0,2
1,9,15,1,1,16.0,0,1
7,48,7,1,5,1.0,0,1
3,26,13,1,5,21.0,3,1
0,72,19,2,5,9.0,0,1
5,12,30,1,3,16.0,1,1
3,18,9,1,5,18.0,0,1
2,36,21,1,3,22.0,0,1
3,39,11,1,5,21.0,1,1
6,21,38,1,1,16.0,0,1
9,53,36,1,1,19.0,6,1
3,18,38,1,2,16.0,0,1
8,4,6,1,5,11.0,0,1
8,35,6,1,5,8.0,0,1
9,41,31,1,1,21.0,3,1
5,13,12,1,5,21.0,5,1
5,37,10,1,5,20.0,0,1
2,36,3,1,5,4.0,0,1
3,17,17,1,1,20.0,3,1
8,32,47,4,1,24.0,6,2
3,17,41,1,2,20.0,0,1
2,36,30,1,3,20.0,0,1
8,8,25,1,1,21.0,5,1
2,36,37,1,5,16.0,0,1
6,1,27,1,3,21.0,4,1
2,34,39,1,2,22.0,0,1
7,22,33,1,1,18.0,0,1
5,13,37,1,1,21.0,0,1
3,26,28,1,1,16.0,0,1
9,15,28,1,1,19.0,0,1
7,5,26,1,1,21.0,6,1
7,48,34,1,1,21.0,3,1
9,6,2,1,5,3.0,0,1
4,19,43,1,5,19.0,0,1
2,36,29,1,1,20.0,3,1
4,29,30,1,1,16.0,0,1
2,42,41,1,1,18.0,0,1
5,45,22,1,1,18.0,4,1
3,39,26,1,5,16.0,0,1
9,6,32,1,1,22.0,9,1
4,20,16,1,5,22.0,0,1
3,18,17,5,5,11.0,0,2
9,53,34,1,1,14.0,0,1
9,6,30,1,5,16.0,3,1
9,6,20,1,5,21.0,22,1
3,26,9,1,5,16.0,0,1
5,12,7,1,5,10.0,0,1
7,48,24,1,1,20.0,3,1
9,15,36,1,1,22.0,0,1
9,6,4,1,5,4.0,0,1
3,17,37,4,1,20.0,0,2
3,17,42,1,1,16.0,0,1
8,8,15,5,1,19.0,1,2
7,48,6,1,5,11.0,0,1
0,72,1,2,5,0.0,0,1
2,42,32,1,3,16.0,0,1
9,6,22,2,3,13.0,0,1
8,8,22,5,1,1.0,0,2
6,28,41,1,1,23.0,0,1
6,47,35,1,1,21.0,0,1
1,44,21,1,3,19.0,4,1
5,12,31,1,3,16.0,0,1
3,26,25,1,4,16.0,0,1
5,12,40,1,2,16.0,0,1
8,4,9,5,5,16.0,0,2
9,53,8,1,5,14.0,0,1
5,37,19,1,1,21.0,3,1
2,36,9,5,5,19.0,0,2
2,34,27,1,1,16.0,0,1
2,42,36,1,3,16.0,0,1
9,41,20,1,1,20.0,3,1
7,48,35,1,1,22.0,0,1
6,21,34,1,1,20.0,1,1
7,48,47,1,2,20.0,0,1
3,55,42,1,1,21.0,0,1
5,37,19,1,1,23.0,3,1
8,4,31,4,1,10.0,3,2
2,34,13,1,5,21.0,2,1
2,42,44,1,1,21.0,0,1
3,26,32,1,5,16.0,0,1
4,29,0,1,5,0.0,0,1
3,18,0,1,5,0.0,0,1
3,18,6,1,5,9.0,0,1
6,1,21,1,1,16.0,1,1
2,34,17,1,5,16.0,0,1
1,25,27,1,5,21.0,6,1
4,19,31,1,3,16.0,2,1
2,36,25,5,1,18.0,1,2
7,48,31,1,1,21.0,13,1
6,1,32,1,3,16.0,0,1
3,26,13,5,5,22.0,0,2
3,39,9,1,5,16.0,0,1
9,6,15,1,1,16.0,5,1
8,4,8,5,5,14.0,0,2
9,53,5,1,5,6.0,0,1
9,6,18,1,5,21.0,5,1
8,16,28,1,1,18.0,0,1
3,39,42,1,2,21.0,0,1
3,18,11,5,5,18.0,1,2
6,47,0,1,5,0.0,0,1
5,24,23,1,3,20.0,0,1
5,51,18,1,1,21.0,0,1
9,6,5,1,5,9.0,0,1
2,34,9,1,5,18.0,0,1
7,48,4,1,5,5.0,0,1
5,37,7,1,5,12.0,0,1
2,34,39,1,3,18.0,0,1
2,42,24,1,1,16.0,3,1
5,12,17,1,5,20.0,4,1
5,45,33,1,2,20.0,0,1
3,39,33,1,5,20.0,2,1
4,29,35,1,1,17.0,0,1
2,36,34,1,4,17.0,0,1
9,6,9,1,5,20.0,0,1
5,45,15,1,1,20.0,3,1
3,17,41,1,2,16.0,2,1
2,36,27,1,1,21.0,4,1
5,51,36,1,1,21.0,0,1
5,12,35,1,5,16.0,0,1
5,37,40,1,5,21.0,0,1
5,12,2,1,5,1.0,0,1
8,16,29,1,1,20.0,0,1
2,42,14,1,1,21.0,10,1
5,37,38,1,2,20.0,0,1
5,37,6,1,5,9.0,0,1
5,45,32,1,1,21.0,0,1
5,13,23,1,1,22.0,0,1
5,37,28,1,1,22.0,5,1
9,6,4,1,5,6.0,0,1
4,27,32,1,1,22.0,0,1
7,48,10,1,5,16.0,0,1
5,12,6,1,5,11.0,0,1
9,53,36,1,2,16.0,0,1
2,42,30,1,1,16.0,0,1
1,25,8,1,5,13.0,0,1
4,20,34,1,3,19.0,0,1
2,36,18,4,1,21.0,13,2
9,41,25,1,3,17.0,0,1
5,12,8,1,5,12.0,0,1
2,36,42,1,1,21.0,0,1
7,40,4,1,5,5.0,0,1
5,13,1,1,5,2.0,0,1
5,24,24,1,1,19.0,0,1
2,36,32,1,5,11.0,0,1
2,42,30,1,1,20.0,0,1
2,42,26,1,1,21.0,1,1
5,51,29,1,1,14.0,1,1
5,13,18,1,5,15.0,1,1
2,34,31,1,1,18.0,6,1
5,12,1,1,5,1.0,0,1
8,32,21,1,1,22.0,4,1
2,42,11,1,5,18.0,1,1
2,34,34,1,5,19.0,0,1
7,40,10,1,5,19.0,0,1
7,22,21,1,1,21.0,3,1
5,12,21,1,1,16.0,0,1
5,45,4,1,5,5.0,0,1
9,6,16,1,5,11.0,0,1
7,48,5,1,5,7.0,0,1
7,48,35,1,3,13.0,0,1
3,55,24,1,5,17.0,2,1
3,26,37,1,1,16.0,0,1
3,18,1,1,5,0.0,0,1
9,6,20,1,5,16.0,0,1
5,45,32,1,1,21.0,7,1
1,33,31,1,3,16.0,0,1
3,39,1,1,5,1.0,0,1
5,12,17,1,5,19.0,0,1
9,6,38,1,3,22.0,1,1
9,6,1,1,5,0.0,0,1
3,55,31,1,3,17.0,0,1
2,42,9,1,5,14.0,0,1
8,4,39,1,1,18.0,0,1
5,54,6,1,5,10.0,0,1
9,6,5,1,5,7.0,0,1
5,12,24,1,1,22.0,16,1
6,47,18,1,3,16.0,6,1
9,6,24,1,1,16.0,0,1
9,6,29,5,1,16.0,2,2
9,6,15,1,5,19.0,1,1
7,5,35,2,1,20.0,0,1
2,36,29,1,1,20.0,3,1
3,55,35,1,1,21.0,0,1
6,1,40,1,1,16.0,0,1
4,27,38,1,1,21.0,0,1
5,51,0,1,5,0.0,0,1
7,22,39,1,1,19.0,0,1
7,48,14,5,1,22.0,2,2
9,6,29,1,1,22.0,11,1
5,51,14,1,5,21.0,3,1
6,1,28,1,1,17.0,0,1
8,49,12,1,5,17.0,0,1
2,36,37,1,3,22.0,0,1
5,12,27,2,2,21.0,2,1
9,6,15,1,5,17.0,1,1
2,34,32,1,1,19.0,2,1
7,48,32,4,1,12.0,0,2
9,6,39,1,1,21.0,0,1
7,48,25,1,1,18.0,2,1
2,36,8,1,5,14.0,0,1
9,6,40,1,3,21.0,0,1
7,48,28,1,1,21.0,0,1
2,42,37,4,5,16.0,0,2
2,36,38,1,1,21.0,0,1
8,8,14,1,5,22.0,3,1
6,47,37,1,1,16.0,0,1
7,5,28,1,1,16.0,3,1
2,36,38,1,1,20.0,0,1
7,48,7,1,5,11.0,0,1
7,48,33,1,5,20.0,0,1
5,12,30,1,1,16.0,4,1
7,22,32,1,1,21.0,0,1
9,6,21,5,3,16.0,0,2
6,1,45,1,1,21.0,0,1
5,37,22,1,1,20.0,7,1
3,39,20,5,1,22.0,7,2
4,31,8,1,5,13.0,0,1
9,53,40,1,2,19.0,0,1
5,37,10,1,5,20.0,0,1
5,12,15,1,5,21.0,0,1
2,36,24,1,5,20.0,1,1
1,33,30,1,1,19.0,3,1
4,29,42,4,2,16.0,0,2
9,41,8,1,5,14.0,0,1
7,48,18,1,1,23.0,0,1
6,47,1,1,5,1.0,0,1
8,35,37,3,3,21.0,0,1
7,5,8,1,5,13.0,0,1
9,6,19,1,1,19.0,5,1
0,72,17,2,1,17.0,0,1
3,26,18,4,1,23.0,11,2
3,39,40,1,2,19.0,0,1
7,48,19,1,1,17.0,0,1
5,51,32,1,1,18.0,1,1
1,25,25,1,1,20.0,9,1
8,8,1,1,5,1.0,0,1
3,39,37,1,1,18.0,0,1
3,17,28,1,3,20.0,3,1
6,1,34,1,1,19.0,0,1
5,37,18,1,3,16.0,1,1
2,36,2,1,5,2.0,0,1
3,18,24,1,1,19.0,2,1
5,12,12,5,5,16.0,2,2
6,1,0,1,5,0.0,0,1
9,6,6,1,5,8.0,0,1
5,12,36,4,1,15.0,0,2
8,30,29,3,1,21.0,0,1
7,48,10,1,5,14.0,0,1
9,6,17,4,1,22.0,2,2
5,13,29,1,5,16.0,0,1
9,53,43,1,1,21.0,0,1
9,6,4,1,5,6.0,0,1
5,24,5,1,5,8.0,0,1
7,48,11,1,5,18.0,1,1
9,6,15,1,5,19.0,0,1
7,22,41,1,2,16.0,0,1
5,13,27,1,4,19.0,0,1
5,12,16,4,3,21.0,2,2
8,4,5,5,5,7.0,0,2
4,27,23,1,3,20.0,4,1
9,6,19,1,1,16.0,3,1
9,6,11,1,5,16.0,2,1
3,39,26,1,1,16.0,2,1
3,55,30,1,1,16.0,3,1
5,45,37,1,1,22.0,0,1
7,48,21,1,5,21.0,3,1
9,6,38,4,2,13.0,0,2
3,39,1,1,5,0.0,0,1
2,36,29,5,5,16.0,1,2
4,27,9,1,5,16.0,1,1
5,13,26,1,3,16.0,4,1
8,4,7,1,5,10.0,0,1
5,13,19,1,3,16.0,2,1
9,6,24,1,5,17.0,9,1
5,12,19,5,1,21.0,6,2
3,18,9,1,5,18.0,0,1
2,36,39,1,1,20.0,0,1
5,12,10,1,5,16.0,0,1
3,18,5,1,5,8.0,0,1
1,25,42,1,2,16.0,0,1
4,27,10,1,5,16.0,3,1
2,34,12,1,5,21.0,2,1
8,16,28,1,1,16.0,1,1
2,36,8,1,5,14.0,0,1
5,13,24,4,1,21.0,2,2
7,48,36,1,1,14.0,0,1
9,41,4,1,5,6.0,0,1
3,17,8,4,5,14.0,0,2
3,17,12,1,1,18.0,0,1
9,41,14,5,5,16.0,4,2
3,39,31,1,1,20.0,5,1
8,16,13,1,5,1.0,2,1
7,48,29,1,1,21.0,10,1
5,45,32,1,3,21.0,0,1
7,48,42,1,3,10.0,0,1
3,17,33,1,1,19.0,0,1
4,38,19,1,1,21.0,2,1
6,47,38,4,1,16.0,0,2
4,29,4,1,5,5.0,0,1
9,6,2,1,5,1.0,0,1
2,36,34,1,1,16.0,0,1
9,6,30,1,1,12.0,1,1
7,48,18,1,5,16.0,0,1
8,49,10,1,5,16.0,1,1
9,6,10,1,5,16.0,0,1
4,27,40,1,1,20.0,0,1
9,6,27,1,1,18.0,4,1
3,18,18,1,5,15.0,0,1
2,36,29,1,5,16.0,0,1
3,55,34,1,1,16.0,0,1
9,6,29,4,1,16.0,3,2
8,32,19,1,5,22.0,2,1
3,39,24,1,1,14.0,0,1
9,6,36,1,1,21.0,0,1
3,39,37,1,1,18.0,0,1
5,51,18,1,1,22.0,10,1
3,39,2,1,5,1.0,0,1
3,17,30,1,1,22.0,5,1
8,32,26,4,2,20.0,4,2
1,23,20,1,1,21.0,0,1
2,42,30,1,1,20.0,0,1
5,13,10,1,5,19.0,0,1
5,12,23,1,5,21.0,3,1
7,22,38,1,1,22.0,4,1
8,49,8,1,5,13.0,0,1
8,49,30,1,1,16.0,0,1
5,51,21,1,5,23.0,13,1
3,55,13,1,5,21.0,3,1
6,47,41,1,2,19.0,0,1
2,36,21,1,1,21.0,3,1
4,27,10,1,5,16.0,0,1
6,21,9,1,5,18.0,0,1
3,17,37,1,3,20.0,0,1
5,12,24,1,1,21.0,1,1
6,1,18,1,5,15.0,2,1
5,10,8,1,5,14.0,0,1
5,12,30,4,1,17.0,1,2
2,42,6,1,5,11.0,0,1
9,6,26,1,1,21.0,12,1
4,31,18,1,1,21.0,4,1
9,6,17,4,5,19.0,3,2
3,55,22,1,1,16.0,1,1
7,48,19,1,5,21.0,2,1
8,4,6,1,5,10.0,0,1
8,4,25,1,5,19.0,0,1
5,24,13,1,5,20.0,1,1
8,30,4,1,5,6.0,0,1
7,22,21,1,3,21.0,2,1
4,27,21,1,1,16.0,2,1
1,44,44,1,2,16.0,0,1
2,36,31,1,1,16.0,2,1
9,6,37,1,1,21.0,0,1
3,18,9,1,5,16.0,0,1
3,26,27,1,1,23.0,4,1
5,12,35,1,1,16.0,0,1
9,6,2,1,5,2.0,0,1
1,23,27,1,1,20.0,0,1
9,6,3,1,5,3.0,0,1
5,12,27,4,1,8.0,1,2
4,29,11,1,5,21.0,0,1
3,18,13,1,5,16.0,1,1
9,53,15,1,5,19.0,0,1
3,26,3,1,5,5.0,0,1
9,6,14,4,1,21.0,10,2
3,39,27,1,1,24.0,4,1
2,36,11,1,5,21.0,4,1
7,48,2,1,5,2.0,0,1
2,42,26,1,1,22.0,3,1
9,6,22,4,3,21.0,10,2
9,6,20,1,1,19.0,0,1
5,13,5,1,5,8.0,0,1
4,29,26,1,3,18.0,3,1
5,45,7,1,5,11.0,0,1
5,37,47,1,2,16.0,0,1
2,36,48,4,2,16.0,0,2
5,12,5,1,5,7.0,0,1
9,41,30,1,4,18.0,0,1
3,18,25,1,4,19.0,0,1
5,12,14,1,5,8.0,0,1
8,8,3,1,5,3.0,0,1
2,42,40,1,2,21.0,0,1
5,13,25,1,5,19.0,0,1
2,34,39,4,2,16.0,0,2
8,8,37,1,1,22.0,0,1
7,48,28,5,1,21.0,0,2
3,39,20,1,1,21.0,5,1
9,53,29,1,5,1.0,3,1
2,42,34,1,1,16.0,0,1
3,17,1,1,5,1.0,0,1
9,6,31,1,5,17.0,0,1
3,17,43,4,1,19.0,0,2
9,6,24,4,1,16.0,3,2
3,18,25,1,1,13.0,2,1
5,10,32,1,1,16.0,0,1
3,17,11,3,5,21.0,0,1
5,13,2,1,5,2.0,0,1
2,42,29,1,3,16.0,0,1
3,17,0,1,5,0.0,0,1
2,36,32,1,1,21.0,8,1
3,55,8,1,5,13.0,0,1
6,28,8,1,5,11.0,0,1
7,5,15,1,3,13.0,0,1
2,42,34,1,2,18.0,1,1
4,20,6,1,5,10.0,0,1
7,48,30,1,1,20.0,1,1
4,20,22,1,1,14.0,3,1
1,44,28,1,3,16.0,6,1
8,30,32,1,5,15.0,0,1
9,53,35,3,3,21.0,9,1
5,13,22,1,1,16.0,4,1
5,45,12,1,5,21.0,0,1
9,6,24,1,5,18.0,2,1
6,21,28,1,1,11.0,0,1
9,41,2,1,5,2.0,0,1
9,6,42,1,1,19.0,8,1
5,51,8,1,5,11.0,0,1
9,53,42,1,5,22.0,0,1
9,6,8,1,5,15.0,0,1
9,6,26,5,1,15.0,2,2
7,48,10,1,5,19.0,0,1
5,12,26,3,5,16.0,0,1
5,51,36,1,1,16.0,2,1
3,26,3,1,5,3.0,0,1
9,53,0,1,5,0.0,0,1
7,22,17,1,5,21.0,8,1
6,21,37,1,1,19.0,0,1
7,5,17,1,5,19.0,0,1
7,48,18,4,1,19.0,0,2
1,33,17,1,5,15.0,0,1
5,37,21,1,1,22.0,2,1
5,13,1,1,5,0.0,0,1
7,48,11,1,1,15.0,0,1
5,45,41,1,2,19.0,0,1
4,20,30,1,1,17.0,1,1
9,53,16,1,5,16.0,3,1
5,13,24,1,4,17.0,0,1
1,25,9,1,5,16.0,0,1
3,55,1,1,5,1.0,0,1
9,6,29,1,1,21.0,9,1
2,36,43,4,1,17.0,0,2
9,6,4,1,5,5.0,0,1
3,39,27,1,5,20.0,0,1
8,49,4,1,5,5.0,0,1
7,48,17,5,5,9.0,0,2
7,48,25,1,3,21.0,2,1
1,25,3,1,5,4.0,0,1
5,10,2,1,5,1.0,0,1
8,49,37,1,1,19.0,0,1
4,20,14,1,1,22.0,2,1
9,6,13,5,5,22.0,0,2
5,13,26,1,1,20.0,3,1
9,6,38,4,5,22.0,1,2
2,34,33,4,3,19.0,0,2
5,24,2,1,5,2.0,0,1
8,4,4,1,5,6.0,0,1
2,36,31,1,1,21.0,3,1
4,27,7,1,5,10.0,0,1
3,39,0,1,5,0.0,0,1
9,6,13,1,5,21.0,2,1
5,24,21,1,5,19.0,2,1
9,6,9,1,5,16.0,0,1
5,12,42,1,2,21.0,0,1
4,29,4,1,5,5.0,0,1
3,26,37,1,1,19.0,0,1
9,6,17,1,4,20.0,2,1
9,6,32,4,1,16.0,1,2
3,39,1,1,5,0.0,0,1
6,1,29,1,3,17.0,2,1
5,37,18,1,1,19.0,3,1
3,26,14,1,1,20.0,1,1
8,49,31,1,3,16.0,0,1
3,26,29,1,1,16.0,0,1
3,18,27,1,3,16.0,5,1
9,6,22,1,1,19.0,2,1
7,48,36,1,1,23.0,0,1
9,6,39,1,5,19.0,0,1
3,55,19,1,3,16.0,2,1
9,2,18,1,1,16.0,0,1
9,6,9,1,5,18.0,0,1
2,36,27,1,1,23.0,10,1
5,12,9,1,5,18.0,0,1
2,36,27,1,1,16.0,0,1
3,26,6,1,5,10.0,0,1
4,29,34,1,1,21.0,1,1
5,45,15,5,1,16.0,6,2
9,6,42,1,2,15.0,0,1
4,27,20,1,1,21.0,3,1
2,42,21,1,5,12.0,0,1
2,36,34,4,1,1.0,0,2
7,48,6,1,5,9.0,0,1
7,48,23,1,3,19.0,3,1
2,42,32,1,1,22.0,0,1
7,40,10,1,5,16.0,1,1
8,32,17,1,5,16.0,0,1
2,36,10,1,5,19.0,0,1
7,48,6,1,5,9.0,0,1
6,1,10,1,5,19.0,3,1
5,12,36,4,1,15.0,0,2
2,36,22,1,1,20.0,2,1
6,47,40,1,1,19.0,0,1
8,4,20,1,3,21.0,1,1
2,34,17,1,5,18.0,0,1
9,6,35,1,1,22.0,0,1
2,42,38,1,1,22.0,0,1
9,6,22,1,1,16.0,0,1
3,39,38,1,1,16.0,0,1
3,39,6,1,5,10.0,0,1
2,42,23,1,5,18.0,0,1
5,12,19,4,1,21.0,11,2
9,6,1,1,5,1.0,0,1
1,25,24,1,1,20.0,3,1
9,6,21,1,1,21.0,15,1
7,48,9,1,5,19.0,0,1
3,18,7,1,5,11.0,0,1
4,29,42,1,2,16.0,0,1
2,42,12,1,5,19.0,3,1
4,27,28,1,1,16.0,2,1
8,16,14,1,1,18.0,3,1
2,42,14,1,5,17.0,2,1
6,28,4,1,5,6.0,0,1
6,1,5,3,5,8.0,0,1
3,39,9,1,5,16.0,0,1
6,47,12,1,1,19.0,1,1
5,12,0,1,5,0.0,0,1
1,9,21,5,5,1.0,1,2
5,12,31,4,1,22.0,0,2
7,48,5,1,5,8.0,0,1
5,13,34,1,1,19.0,0,1
3,17,30,1,5,21.0,0,1
7,48,32,1,1,15.0,0,1
5,37,9,1,5,18.0,0,1
3,17,20,1,3,16.0,1,1
5,51,2,1,5,2.0,0,1
7,48,9,1,5,15.0,0,1
2,42,13,1,1,19.0,3,1
3,26,38,1,2,19.0,0,1
9,6,28,1,1,14.0,0,1
5,12,21,1,1,21.0,4,1
4,29,23,1,1,21.0,0,1
8,49,18,1,1,22.0,4,1
1,44,25,4,2,20.0,0,2
2,42,44,1,2,16.0,0,1
5,45,31,1,1,16.0,4,1
9,41,11,1,5,21.0,1,1
5,12,31,1,1,19.0,0,1
8,32,47,1,2,16.0,0,1
9,53,2,1,5,2.0,0,1
5,13,8,1,5,12.0,0,1
6,47,12,1,5,21.0,2,1
8,4,17,5,5,19.0,0,2
9,41,4,1,5,6.0,0,1
3,26,41,1,1,19.0,0,1
8,16,17,1,1,20.0,0,1
4,29,19,1,3,20.0,0,1
5,51,20,1,5,16.0,0,1
3,39,3,1,5,4.0,0,1
5,51,38,4,1,21.0,0,2
4,27,23,1,1,16.0,4,1
2,42,27,1,5,21.0,5,1
2,36,7,1,5,13.0,0,1
4,29,27,1,5,18.0,4,1
3,39,15,1,1,21.0,5,1
4,19,30,1,3,16.0,2,1
5,54,12,1,5,12.0,0,1
1,25,37,1,1,20.0,10,1
3,18,40,1,1,21.0,0,1
5,37,24,1,5,16.0,2,1
7,48,21,1,1,21.0,3,1
9,6,41,1,1,21.0,0,1
1,25,31,1,5,21.0,3,1
3,39,13,1,1,21.0,13,1
3,26,43,1,3,16.0,0,1
2,36,22,1,1,19.0,1,1
8,30,26,1,1,16.0,8,1
5,12,9,1,5,14.0,0,1
6,1,37,1,1,19.0,0,1
4,31,35,1,1,16.0,0,1
9,53,34,1,1,20.0,0,1
3,55,9,1,5,16.0,0,1
3,39,11,1,1,16.0,0,1
9,6,20,5,1,18.0,3,2
7,48,5,2,5,8.0,0,1
3,18,31,1,1,16.0,1,1
2,36,31,1,1,18.0,1,1
5,13,16,1,1,21.0,0,1
5,51,13,1,1,23.0,3,1
6,21,34,1,3,21.0,0,1
3,26,18,4,1,14.0,1,2
8,35,5,1,5,9.0,0,1
5,13,1,1,5,1.0,0,1
2,42,34,1,5,21.0,0,1
9,6,32,1,5,10.0,0,1
5,37,8,1,5,14.0,0,1
6,47,16,1,3,19.0,2,1
4,20,42,1,2,16.0,0,1
2,42,3,1,5,3.0,0,1
9,15,20,4,1,19.0,0,2
7,48,37,1,1,16.0,0,1
6,21,35,1,1,19.0,0,1
7,48,16,4,1,12.0,1,2
9,6,27,1,1,21.0,16,1
1,33,14,1,1,21.0,6,1
9,6,16,1,5,19.0,0,1
2,42,30,1,3,19.0,0,1
5,12,35,1,1,20.0,0,1
4,27,21,1,1,20.0,0,1
3,17,5,1,5,7.0,0,1
5,13,15,1,5,19.0,1,1
6,21,30,1,1,19.0,0,1
7,48,7,1,5,12.0,0,1
3,17,7,1,5,12.0,0,1
3,55,15,1,1,16.0,4,1
7,48,11,5,1,16.0,1,2
6,47,38,1,1,22.0,0,1
6,1,18,1,1,16.0,2,1
7,5,18,1,1,21.0,4,1
5,12,27,4,1,21.0,0,2
8,32,18,1,1,22.0,11,1
5,37,34,1,1,22.0,0,1
7,40,36,1,1,17.0,0,1
5,12,38,1,2,19.0,0,1
3,39,21,1,1,21.0,7,1
9,6,0,1,5,0.0,0,1
8,49,19,1,1,20.0,4,1
1,25,10,1,5,19.0,0,1
9,6,19,4,1,16.0,0,2
9,53,24,5,1,12.0,3,2
7,5,32,1,1,18.0,2,1
7,48,22,1,1,21.0,3,1
5,45,18,1,1,14.0,4,1
5,51,34,1,4,20.0,0,1
2,36,19,5,1,1.0,0,2
5,13,28,4,1,19.0,9,2
6,47,13,1,5,21.0,2,1
9,53,29,1,1,16.0,0,1
7,48,19,4,5,19.0,2,2
2,36,22,4,4,16.0,2,2
9,6,7,1,5,12.0,0,1
4,29,11,1,5,16.0,2,1
6,28,7,1,5,13.0,0,1
7,48,25,1,2,21.0,3,1
7,48,25,4,1,18.0,1,2
3,39,9,1,5,16.0,0,1
3,17,48,1,2,16.0,0,1
5,13,27,1,5,17.0,0,1
9,6,1,1,5,3.0,0,1
4,19,31,1,1,20.0,4,1
4,19,27,1,1,16.0,5,1
6,47,30,1,4,20.0,0,1
6,28,13,1,1,21.0,3,1
7,48,24,1,3,18.0,2,1
9,53,0,1,5,0.0,0,1
9,6,22,1,1,21.0,0,1
1,25,1,1,5,1.0,0,1
8,35,14,1,5,19.0,1,1
8,30,40,1,1,18.0,0,1
6,28,30,1,1,16.0,0,1
5,37,26,1,3,19.0,0,1
1,33,31,1,2,18.0,0,1
1,23,34,1,5,9.0,0,1
4,20,38,1,1,21.0,0,1
3,55,32,1,1,22.0,0,1
7,5,5,1,5,7.0,0,1
9,53,8,2,5,14.0,0,1
5,12,4,1,5,5.0,0,1
7,48,5,1,5,8.0,0,1
2,34,35,1,1,22.0,0,1
7,48,6,1,5,9.0,0,1
1,9,18,2,5,21.0,1,1
7,48,26,1,1,16.0,7,1
1,25,38,1,5,16.0,0,1
5,24,17,1,5,21.0,3,1
7,48,13,1,5,16.0,1,1
3,55,8,1,5,13.0,0,1
6,21,42,1,2,16.0,0,1
3,39,22,1,1,21.0,9,1
8,8,4,1,5,5.0,0,1
3,26,23,1,5,16.0,0,1
9,6,6,1,5,11.0,0,1
4,27,4,1,5,5.0,0,1
3,26,26,1,1,19.0,9,1
9,6,4,1,5,5.0,0,1
3,55,24,3,1,19.0,3,1
6,1,25,1,1,18.0,5,1
9,6,18,5,1,19.0,2,2
5,13,4,1,5,5.0,0,1
3,26,48,1,1,11.0,0,1
4,29,6,1,5,8.0,0,1
7,22,35,1,5,18.0,4,1
4,31,28,1,1,21.0,2,1
9,6,18,1,1,23.0,16,1
1,44,36,1,1,17.0,0,1
3,18,2,1,5,1.0,0,1
9,6,23,1,3,22.0,9,1
5,24,24,1,1,22.0,14,1
2,42,3,1,5,3.0,0,1
4,31,7,1,5,10.0,0,1
7,48,8,5,5,13.0,0,2
1,25,19,1,5,24.0,0,1
3,17,19,4,1,20.0,1,2
9,6,48,4,2,1.0,0,2
4,20,44,1,2,19.0,0,1
9,6,21,1,1,21.0,0,1
9,6,7,1,5,11.0,0,1
5,24,5,1,5,7.0,0,1
7,22,22,1,5,13.0,0,1
8,49,4,1,5,6.0,0,1
5,51,36,1,3,9.0,0,1
7,40,7,1,5,13.0,0,1
5,37,34,1,2,12.0,0,1
5,12,4,1,5,5.0,0,1
2,42,10,1,5,16.0,0,1
5,37,40,1,2,16.0,0,1
6,1,6,1,5,10.0,0,1
5,12,24,5,1,19.0,1,2
5,24,10,1,5,21.0,0,1
3,39,1,1,5,1.0,0,1
9,6,9,1,5,19.0,0,1
6,47,37,1,5,20.0,0,1
9,6,23,1,5,18.0,0,1
2,36,8,1,5,12.0,0,1
2,34,37,1,2,19.0,0,1
9,6,25,5,3,3.0,0,2
7,48,25,4,1,21.0,4,2
4,27,12,1,1,16.0,2,1
9,6,13,1,1,19.0,3,1
5,37,19,1,5,16.0,0,1
3,18,5,1,5,6.0,0,1
3,26,15,1,1,16.0,3,1
7,48,39,1,1,19.0,2,1
3,17,3,1,5,4.0,0,1
1,25,32,1,5,21.0,4,1
6,47,11,2,5,21.0,0,1
9,6,32,1,5,19.0,5,1
2,36,37,1,1,21.0,0,1
7,48,27,5,1,12.0,1,2
4,20,30,1,2,16.0,0,1
9,6,36,1,2,16.0,0,1
5,51,18,1,1,24.0,7,1
5,37,43,1,3,16.0,0,1
9,41,35,1,5,16.0,0,1
9,6,22,1,3,19.0,11,1
2,42,1,1,5,0.0,0,1
5,45,30,1,3,23.0,0,1
8,4,44,1,1,16.0,0,1
2,34,27,1,1,20.0,6,1
2,36,3,1,5,4.0,0,1
9,53,28,1,1,19.0,6,1
8,8,7,5,5,11.0,0,2
5,12,11,5,5,14.0,1,2
7,5,9,1,5,16.0,1,1
9,53,33,1,1,22.0,0,1
5,51,26,1,1,16.0,10,1
5,54,9,1,5,18.0,0,1
2,36,24,4,5,21.0,8,2
2,36,40,4,1,21.0,0,2
2,36,9,1,5,20.0,0,1
5,45,28,1,1,20.0,2,1
5,12,4,1,5,7.0,0,1
9,6,7,1,5,11.0,0,1
5,37,16,1,5,19.0,2,1
2,42,2,1,5,3.0,0,1
5,12,31,1,5,21.0,2,1
2,42,21,5,5,24.0,6,2
3,26,39,1,1,16.0,0,1
9,6,38,4,1,19.0,0,2
3,17,34,1,3,17.0,0,1
6,1,4,1,5,5.0,0,1
4,31,23,1,1,19.0,2,1
6,1,22,1,5,20.0,1,1
5,51,10,1,5,21.0,4,1
9,6,30,1,1,16.0,0,1
8,35,25,1,1,16.0,0,1
3,17,37,1,2,19.0,0,1
8,32,21,1,1,21.0,6,1
9,53,36,1,3,20.0,0,1
7,48,13,1,1,16.0,0,1
2,36,29,5,1,20.0,0,2
3,55,23,1,1,19.0,4,1
6,47,6,1,5,8.0,0,1
3,55,17,1,5,16.0,3,1
7,48,8,5,5,12.0,0,2
2,34,5,1,5,8.0,0,1
9,15,24,1,1,22.0,5,1
8,4,10,3,5,19.0,2,1
3,17,12,1,5,16.0,0,1
9,6,13,1,5,19.0,0,1
4,29,15,1,5,16.0,0,1
7,48,44,1,2,20.0,0,1
6,28,34,1,5,18.0,0,1
7,48,18,1,1,16.0,0,1
0,72,44,2,2,21.0,0,1
0,72,30,2,1,22.0,6,1
4,27,12,1,5,16.0,1,1
3,39,33,1,1,19.0,0,1
5,12,20,5,3,16.0,0,2
8,4,37,1,1,21.0,0,1
4,19,35,1,1,19.0,0,1
3,17,43,1,1,21.0,0,1
3,26,14,1,5,21.0,2,1
3,17,43,5,2,1.0,0,2
9,53,31,1,1,22.0,3,1
9,53,35,1,1,21.0,0,1
2,36,7,1,5,12.0,0,1
7,5,12,1,1,21.0,3,1
5,12,19,4,1,21.0,9,2
7,48,20,1,1,21.0,2,1
6,21,10,1,5,16.0,1,1
6,21,43,1,1,20.0,0,1
9,6,27,5,1,9.0,0,2
7,48,0,1,5,0.0,0,1
3,17,21,1,5,16.0,1,1
5,13,12,5,1,21.0,1,2
2,36,0,1,5,0.0,0,1
9,6,41,4,2,20.0,0,2
5,12,3,1,5,4.0,0,1
7,48,0,1,5,0.0,0,1
7,22,19,1,1,22.0,4,1
2,36,39,1,1,21.0,49,1
9,53,15,4,1,22.0,2,2
7,40,18,1,5,19.0,0,1
9,6,12,5,5,17.0,2,2
2,34,48,4,3,14.0,0,2
5,24,23,4,1,21.0,9,2
2,36,0,1,5,0.0,0,1
9,6,26,1,1,20.0,1,1
9,53,10,1,5,12.0,0,1
3,26,34,1,1,16.0,0,1
3,17,14,4,1,22.0,2,2
1,9,32,1,5,16.0,0,1
1,25,20,4,1,18.0,6,2
5,12,21,1,1,21.0,6,1
5,12,2,1,5,1.0,0,1
9,6,26,1,3,18.0,0,1
5,51,17,1,1,21.0,5,1
7,40,28,1,1,17.0,0,1
3,17,27,4,3,21.0,5,2
9,6,14,1,5,21.0,2,1
6,21,1,1,5,1.0,0,1
5,51,2,1,5,1.0,0,1
9,6,42,4,1,22.0,0,2
7,48,8,1,5,16.0,0,1
9,6,9,1,5,15.0,0,1
3,18,35,1,1,18.0,0,1
6,28,9,1,5,16.0,0,1
3,39,25,1,5,18.0,2,1
9,6,30,1,1,21.0,0,1
1,9,11,1,5,19.0,0,1
6,21,10,1,5,16.0,0,1
2,36,30,4,1,19.0,2,2
5,45,12,1,5,22.0,0,1
5,24,18,1,1,21.0,4,1
2,34,10,1,5,14.0,0,1
5,54,35,1,2,16.0,0,1
5,54,40,1,1,21.0,0,1
1,9,19,5,1,23.0,4,2
9,6,42,1,1,16.0,0,1
2,42,17,1,1,21.0,0,1
3,26,27,1,3,14.0,4,1
8,49,3,1,5,4.0,0,1
4,19,21,1,1,20.0,3,1
9,6,35,4,1,16.0,4,2
3,18,34,1,1,16.0,0,1
9,6,7,1,5,12.0,0,1
9,6,17,4,5,19.0,0,2
1,25,36,1,1,16.0,0,1
7,48,24,4,1,21.0,0,2
9,53,21,1,3,20.0,0,1
3,17,39,1,1,16.0,0,1
4,31,29,1,1,18.0,6,1
2,34,27,1,1,21.0,0,1
7,48,34,1,1,22.0,0,1
3,26,8,1,1,13.0,0,1
2,36,12,1,5,21.0,0,1
2,42,3,1,5,2.0,0,1
2,42,23,1,1,20.0,4,1
5,12,27,1,1,21.0,4,1
5,24,13,1,5,16.0,3,1
9,41,36,1,5,22.0,15,1
9,53,13,1,1,22.0,4,1
3,17,31,4,1,24.0,5,2
3,39,18,1,1,20.0,0,1
9,6,40,1,2,21.0,0,1
4,29,31,1,1,12.0,1,1
5,12,34,1,2,18.0,2,1
7,5,40,1,1,20.0,0,1
8,16,20,5,1,1.0,0,2
9,6,19,1,5,14.0,0,1
6,47,32,1,1,16.0,0,1
9,6,42,1,1,20.0,0,1
7,48,23,4,3,8.0,10,2
9,6,0,1,5,0.0,0,1
4,20,6,1,5,8.0,0,1
5,12,6,1,5,10.0,0,1
2,36,15,1,5,16.0,0,1
5,13,20,1,1,22.0,9,1
9,53,22,1,1,21.0,5,1
2,36,28,4,1,22.0,3,2
3,26,16,1,1,22.0,6,1
7,48,8,4,5,13.0,0,2
4,29,28,1,3,16.0,2,1
8,49,8,1,5,13.0,0,1
3,26,30,1,1,20.0,1,1
5,12,6,1,5,9.0,0,1
6,21,23,1,1,21.0,1,1
4,27,14,1,5,16.0,0,1
2,34,32,1,3,19.0,8,1
3,17,16,1,1,16.0,0,1
8,16,13,5,5,21.0,0,2
5,13,1,1,5,0.0,0,1
4,29,2,1,5,2.0,0,1
3,17,34,1,1,16.0,0,1
5,12,0,1,5,0.0,0,1
6,1,8,1,5,14.0,0,1
3,18,37,1,3,20.0,0,1
7,48,19,1,5,16.0,0,1
2,36,11,1,5,21.0,0,1
2,36,25,1,3,22.0,11,1
2,34,0,1,5,0.0,0,1
3,55,28,1,1,21.0,1,1
3,17,33,1,1,21.0,4,1
3,26,34,1,3,21.0,0,1
9,6,14,1,5,21.0,4,1
7,40,20,1,1,20.0,3,1
7,48,36,1,1,21.0,0,1
3,26,13,1,5,18.0,0,1
7,48,34,1,4,13.0,0,1
8,8,21,1,5,20.0,0,1
6,1,15,1,1,19.0,2,1
6,1,35,1,2,16.0,0,1
5,24,34,1,3,19.0,0,1
1,23,26,1,1,20.0,2,1
5,12,6,1,5,10.0,0,1
5,10,10,1,5,16.0,2,1
5,54,35,1,1,16.0,0,1
4,27,27,1,5,16.0,0,1
5,24,32,1,3,22.0,7,1
5,12,20,1,5,16.0,1,1
9,6,14,5,5,1.0,2,2
4,29,19,1,1,22.0,3,1
9,53,13,1,5,22.0,2,1
7,48,20,1,1,21.0,9,1
8,16,31,1,2,18.0,2,1
1,33,24,4,1,22.0,0,2
5,12,35,1,1,21.0,38,1
2,36,13,1,5,23.0,6,1
8,8,36,1,1,22.0,0,1
5,51,13,1,5,22.0,8,1
2,34,38,4,1,21.0,0,2
3,39,24,1,1,17.0,2,1
7,48,18,1,4,18.0,0,1
7,22,37,1,1,16.0,0,1
6,1,5,1,5,9.0,0,1
5,12,39,1,1,20.0,0,1
9,41,25,1,5,19.0,0,1
5,51,27,1,5,22.0,9,1
1,23,35,1,1,21.0,0,1
1,25,31,1,2,18.0,0,1
3,26,2,1,5,2.0,0,1
3,55,41,1,1,16.0,0,1
1,25,29,1,1,20.0,7,1
6,47,31,1,1,16.0,3,1
8,16,14,1,1,21.0,2,1
4,27,23,1,1,20.0,3,1
6,1,16,1,5,20.0,0,1
7,48,35,1,1,23.0,0,1
5,24,35,4,2,20.0,0,2
4,29,10,1,5,19.0,0,1
5,12,23,1,5,16.0,1,1
3,39,26,1,1,16.0,4,1
2,42,11,1,5,12.0,0,1
4,29,30,1,1,19.0,0,1
5,13,18,1,3,16.0,5,1
9,6,24,4,1,9.0,0,2
6,1,40,1,1,18.0,0,1
3,17,17,5,5,21.0,0,2
9,41,38,1,5,22.0,0,1
7,22,19,1,1,16.0,4,1
6,1,36,1,3,16.0,0,1
9,6,32,1,2,16.0,0,1
2,42,46,1,2,16.0,0,1
3,18,20,1,3,17.0,4,1
9,6,9,1,5,19.0,0,1
9,6,15,5,1,12.0,1,2
3,18,11,1,5,19.0,0,1
9,6,24,1,1,21.0,11,1
2,36,19,1,1,18.0,4,1
7,48,22,4,1,21.0,1,2
9,6,14,1,5,16.0,1,1
4,29,0,1,5,0.0,0,1
2,36,21,1,1,22.0,1,1
3,17,8,1,5,14.0,0,1
4,20,9,1,5,14.0,0,1
5,54,35,1,3,19.0,0,1
8,35,6,1,5,9.0,0,1
5,51,38,1,1,16.0,0,1
3,39,25,1,1,18.0,0,1
5,45,37,1,1,23.0,0,1
5,54,16,1,5,13.0,0,1
1,9,30,1,1,21.0,22,1
3,26,28,1,1,21.0,8,1
3,39,8,1,5,12.0,0,1
5,51,12,1,5,16.0,0,1
8,8,31,1,1,16.0,3,1
8,8,41,1,2,15.0,0,1
1,25,16,1,5,21.0,2,1
3,26,34,4,1,22.0,0,2
3,17,11,1,5,18.0,0,1
3,17,17,1,5,21.0,4,1
7,40,3,1,5,1.0,0,1
5,45,21,1,1,21.0,4,1
9,6,30,1,2,20.0,0,1
8,4,42,1,1,22.0,0,1
3,39,2,1,5,1.0,0,1
5,13,32,1,3,20.0,0,1
1,33,38,1,3,16.0,0,1
6,21,8,1,5,13.0,0,1
5,12,35,1,3,20.0,0,1
9,41,33,1,1,16.0,0,1
3,26,8,1,5,16.0,0,1
7,48,8,1,5,16.0,0,1
5,13,31,1,1,16.0,2,1
9,6,30,5,1,9.0,2,2
3,17,14,1,1,20.0,2,1
5,37,27,1,1,18.0,0,1
9,6,44,1,2,16.0,0,1
3,39,21,1,1,21.0,7,1
6,28,47,1,2,16.0,0,1
1,25,6,1,5,9.0,0,1
3,17,14,1,5,16.0,2,1
5,37,10,1,5,19.0,1,1
2,36,4,1,5,6.0,0,1
5,45,17,1,5,17.0,1,1
5,51,4,3,5,6.0,0,1
7,22,36,1,1,17.0,0,1
9,6,35,4,1,21.0,0,2
4,31,17,1,1,22.0,3,1
3,39,9,1,5,18.0,0,1
3,55,5,1,5,8.0,0,1
9,6,27,1,3,17.0,4,1
7,48,3,1,5,4.0,0,1
5,13,5,1,5,8.0,0,1
7,22,9,1,5,14.0,0,1
9,6,28,5,1,14.0,0,2
4,27,31,1,1,19.0,0,1
6,21,9,1,5,16.0,0,1
8,8,14,1,5,22.0,5,1
3,39,1,1,5,1.0,0,1
5,12,35,4,2,22.0,0,2
9,15,36,1,1,21.0,6,1
2,36,11,1,1,16.0,1,1
4,29,40,1,1,16.0,0,1
2,36,9,1,5,12.0,0,1
4,29,9,1,5,19.0,1,1
9,6,30,1,1,16.0,0,1
3,55,10,1,5,20.0,4,1
7,48,6,1,5,10.0,0,1
9,6,9,1,5,18.0,0,1
7,48,44,1,3,16.0,0,1
9,6,31,1,1,22.0,15,1
1,25,15,1,1,21.0,2,1
5,13,21,1,3,21.0,12,1
6,1,24,1,1,19.0,7,1
8,4,17,1,1,19.0,0,1
5,13,28,1,1,16.0,1,1
5,37,29,1,1,12.0,3,1
5,12,6,1,5,11.0,0,1
4,19,1,1,5,0.0,0,1
6,21,30,1,3,19.0,0,1
3,26,26,1,1,19.0,3,1
8,4,21,1,1,16.0,2,1
1,33,41,1,1,16.0,0,1
5,12,30,1,1,14.0,2,1
1,9,21,1,1,21.0,0,1
5,12,39,4,5,1.0,0,2
7,48,18,1,5,16.0,1,1
7,5,26,1,1,17.0,1,1
9,6,3,1,5,2.0,0,1
4,19,21,1,1,20.0,1,1
7,48,19,1,1,21.0,1,1
3,17,27,1,1,19.0,5,1
6,21,21,1,5,22.0,3,1
7,48,5,1,5,8.0,0,1
2,36,13,1,5,21.0,6,1
5,51,6,1,5,9.0,0,1
7,5,7,1,5,11.0,0,1
7,48,11,1,5,21.0,1,1
2,36,1,1,5,0.0,0,1
5,13,8,1,5,17.0,0,1
6,1,28,1,3,18.0,2,1
2,42,21,1,5,17.0,0,1
9,6,10,1,5,19.0,0,1
1,23,13,1,1,19.0,1,1
9,6,19,1,5,21.0,7,1
7,22,7,1,5,10.0,0,1
9,6,15,1,5,21.0,0,1
7,22,30,1,1,19.0,3,1
7,48,18,4,1,22.0,5,2
2,36,31,1,5,17.0,0,1
9,6,29,1,3,11.0,0,1
6,21,9,1,5,14.0,0,1
9,6,4,1,5,7.0,0,1
7,40,37,1,2,22.0,0,1
7,48,35,1,3,19.0,0,1
9,6,16,1,5,21.0,3,1
8,49,12,1,5,19.0,0,1
7,48,4,1,5,6.0,0,1
5,13,7,1,5,12.0,0,1
6,1,1,1,5,0.0,0,1
9,53,6,1,5,9.0,0,1
7,40,32,1,2,11.0,0,1
2,34,26,1,3,21.0,4,1
2,42,20,1,3,20.0,0,1
1,25,15,1,5,12.0,0,1
2,42,29,1,1,16.0,0,1
2,34,31,1,2,14.0,2,1
4,27,27,1,1,19.0,6,1
9,6,24,1,1,24.0,10,1
9,6,10,1,5,14.0,2,1
5,37,32,1,1,22.0,5,1
5,37,7,1,5,11.0,0,1
6,47,25,1,1,21.0,0,1
8,4,28,1,1,22.0,7,1
9,6,9,1,5,19.0,0,1
7,40,32,1,1,22.0,0,1
9,6,9,1,5,19.0,0,1
8,49,4,1,5,6.0,0,1
7,48,28,1,1,21.0,10,1
2,34,23,4,5,20.0,0,2
5,12,31,4,1,18.0,0,2
3,17,17,1,5,18.0,0,1
2,36,12,1,5,21.0,4,1
5,12,36,1,1,19.0,0,1
3,39,5,1,5,7.0,0,1
4,29,28,1,5,18.0,2,1
5,12,38,4,1,16.0,2,2
2,34,31,1,3,12.0,8,1
9,6,8,1,5,14.0,0,1
2,34,22,4,5,16.0,0,2
9,6,45,1,2,20.0,0,1
9,53,27,1,1,19.0,0,1
7,5,31,1,1,19.0,5,1
5,13,1,1,5,0.0,0,1
8,8,32,1,1,19.0,21,1
4,19,0,1,5,0.0,0,1
9,6,25,1,1,16.0,4,1
9,6,31,1,1,21.0,13,1
9,41,18,1,1,20.0,6,1
3,39,6,1,5,9.0,0,1
5,24,26,1,1,18.0,6,1
5,37,30,1,1,12.0,0,1
4,27,40,1,1,20.0,0,1
9,6,9,1,5,16.0,0,1
2,36,16,4,5,16.0,1,2
9,15,26,4,1,18.0,6,2
0,72,40,1,1,19.0,0,1
9,6,11,5,5,18.0,2,2
6,47,35,1,2,16.0,0,1
7,48,12,1,5,18.0,3,1
5,12,5,1,5,7.0,0,1
6,1,28,1,5,16.0,2,1
2,36,11,1,5,21.0,1,1
2,36,41,4,2,21.0,0,2
7,22,0,1,5,0.0,0,1
7,48,21,1,1,21.0,0,1
2,36,27,1,5,16.0,0,1
2,36,29,1,1,12.0,0,1
5,12,40,1,1,16.0,0,1
5,45,15,1,5,17.0,2,1
9,53,16,1,1,17.0,8,1
5,12,44,4,1,1.0,0,2
1,33,41,1,2,21.0,0,1
3,17,36,1,1,17.0,0,1
5,45,26,1,1,16.0,6,1
5,24,17,1,5,17.0,0,1
9,41,36,1,3,16.0,0,1
4,29,9,1,5,16.0,0,1
3,39,0,1,5,0.0,0,1
9,6,1,1,5,2.0,0,1
3,26,3,1,5,2.0,0,1
9,6,19,1,5,21.0,6,1
9,6,48,1,3,22.0,0,1
3,17,34,1,3,19.0,0,1
5,12,35,1,5,18.0,0,1
5,12,20,1,3,19.0,0,1
3,17,26,1,3,22.0,5,1
6,21,35,1,2,11.0,2,1
3,18,15,1,5,22.0,1,1
7,40,36,5,1,20.0,1,2
5,12,7,1,5,10.0,0,1
2,42,48,1,2,22.0,0,1
9,6,21,4,1,21.0,19,2
6,21,24,1,1,21.0,2,1
9,6,5,1,5,8.0,0,1
5,12,14,1,5,17.0,0,1
9,6,8,1,5,12.0,0,1
5,12,1,1,5,0.0,0,1
7,5,1,1,5,0.0,0,1
9,6,18,1,1,18.0,4,1
8,30,19,1,3,16.0,1,1
9,6,20,1,5,22.0,45,1
5,45,8,1,5,14.0,0,1
7,22,28,1,1,16.0,4,1
3,18,11,1,5,16.0,0,1
9,53,18,1,5,17.0,0,1
4,27,32,1,1,20.0,0,1
3,18,41,1,3,12.0,0,1
4,27,15,1,3,16.0,2,1
8,49,8,1,5,14.0,0,1
9,6,24,1,1,22.0,0,1
7,22,39,1,1,19.0,0,1
5,24,45,1,1,22.0,0,1
2,36,27,1,4,20.0,0,1
4,29,29,1,1,23.0,0,1
7,48,37,1,5,18.0,0,1
5,12,7,1,5,13.0,0,1
5,13,21,1,4,19.0,0,1
5,13,16,1,5,13.0,0,1
5,12,4,1,5,5.0,0,1
9,6,13,1,5,21.0,2,1
5,51,29,1,1,21.0,3,1
3,17,45,4,1,1.0,0,2
7,48,40,1,2,12.0,0,1
1,25,18,1,3,22.0,10,1
5,37,20,1,5,16.0,2,1
4,31,7,1,5,12.0,0,1
3,26,48,1,2,22.0,0,1
7,48,6,1,5,9.0,0,1
6,1,15,1,5,22.0,3,1
5,12,7,1,5,11.0,0,1
9,6,30,1,3,19.0,1,1
9,6,23,1,5,17.0,0,1
7,22,11,1,5,16.0,0,1
5,51,25,1,1,18.0,6,1
5,12,22,1,5,14.0,0,1
6,47,28,1,1,16.0,4,1
9,6,14,1,5,21.0,3,1
3,17,1,1,5,2.0,0,1
5,37,43,1,3,18.0,0,1
9,6,19,1,5,20.0,0,1
2,34,38,1,1,21.0,8,1
2,36,11,1,5,19.0,0,1
9,6,1,1,5,0.0,0,1
3,39,6,1,5,9.0,0,1
3,39,8,1,5,12.0,0,1
1,9,6,4,5,10.0,0,2
2,42,35,1,3,18.0,0,1
3,17,11,1,5,22.0,1,1
6,1,36,1,1,17.0,5,1
3,26,28,1,3,17.0,0,1
3,55,48,1,3,19.0,0,1
8,32,10,1,5,19.0,1,1
6,47,43,1,1,16.0,0,1
3,26,29,1,3,16.0,0,1
5,37,37,4,5,24.0,0,2
6,47,42,1,1,18.0,0,1
5,12,30,1,1,16.0,0,1
5,12,24,1,1,17.0,0,1
2,36,35,4,1,18.0,0,2
5,51,3,1,5,5.0,0,1
6,28,21,1,1,21.0,2,1
5,24,23,1,1,21.0,8,1
8,8,28,1,1,21.0,0,1
9,6,16,1,1,19.0,0,1
2,42,32,1,1,19.0,0,1
3,26,39,1,1,21.0,0,1
5,12,12,5,1,19.0,0,2
3,39,26,1,1,12.0,3,1
7,48,8,1,5,13.0,0,1
6,28,12,1,5,21.0,1,1
9,6,7,1,5,13.0,0,1
5,37,29,1,3,20.0,0,1
9,53,4,1,5,5.0,0,1
7,48,24,5,1,20.0,0,2
8,35,6,1,5,9.0,0,1
3,18,15,5,1,16.0,0,2
3,17,21,1,3,16.0,2,1
7,48,8,1,5,14.0,0,1
3,17,35,1,3,16.0,0,1
6,47,37,1,1,16.0,0,1
3,17,24,1,1,21.0,1,1
4,27,20,4,1,18.0,3,2
7,48,8,1,5,14.0,0,1
9,6,24,1,3,21.0,9,1
6,28,20,1,1,24.0,9,1
9,6,12,1,5,16.0,2,1
8,49,8,1,5,16.0,0,1
5,24,35,1,1,22.0,0,1
7,48,1,1,5,0.0,0,1
3,18,17,1,1,20.0,2,1
5,12,35,1,5,22.0,0,1
3,55,36,1,3,16.0,0,1
9,6,20,1,3,20.0,5,1
5,37,14,1,5,19.0,1,1
9,2,33,1,1,19.0,0,1
9,53,32,1,3,16.0,0,1
5,13,40,1,2,16.0,0,1
1,9,12,1,5,21.0,7,1
3,17,24,1,3,20.0,1,1
5,54,0,1,5,0.0,0,1
3,39,38,1,3,13.0,0,1
9,6,3,1,5,4.0,0,1
5,24,27,1,1,16.0,7,1
9,41,4,1,5,5.0,0,1
5,37,5,1,5,7.0,0,1
5,37,21,1,3,19.0,0,1
8,32,32,1,5,17.0,0,1
5,51,40,4,1,21.0,0,2
2,36,34,1,3,19.0,0,1
4,19,18,1,1,24.0,4,1
2,36,27,1,1,21.0,1,1
6,47,15,1,1,16.0,3,1
4,27,31,1,1,20.0,4,1
3,18,19,1,5,17.0,0,1
5,45,15,1,5,24.0,6,1
2,34,41,1,2,16.0,0,1
9,6,8,1,5,12.0,0,1
9,41,34,1,1,16.0,0,1
5,12,34,1,3,16.0,6,1
7,48,22,1,1,15.0,1,1
8,4,31,1,1,22.0,2,1
8,56,7,1,5,11.0,0,1
5,10,31,1,1,22.0,0,1
8,49,14,1,5,20.0,4,1
9,6,15,4,1,21.0,5,2
5,51,41,1,2,16.0,0,1
6,1,25,1,1,21.0,3,1
8,16,28,1,1,21.0,4,1
2,42,43,1,3,16.0,0,1
2,36,20,1,1,22.0,4,1
5,13,25,1,1,19.0,6,1
9,41,32,1,3,21.0,8,1
8,4,25,1,1,19.0,3,1
3,39,33,1,1,19.0,0,1
8,35,34,1,1,19.0,0,1
7,22,20,1,1,21.0,6,1
5,12,21,1,1,16.0,0,1
2,42,8,1,5,13.0,0,1
5,12,45,1,4,19.0,0,1
9,41,12,1,1,21.0,0,1
7,48,20,5,1,22.0,0,2
7,48,5,1,5,6.0,0,1
9,6,17,5,1,22.0,0,2
2,42,3,1,5,2.0,0,1
5,12,25,4,2,19.0,1,2
1,25,6,1,5,9.0,0,1
2,36,20,1,1,22.0,9,1
8,16,16,1,5,19.0,0,1
3,18,19,1,1,19.0,2,1
7,48,8,1,5,14.0,0,1
7,22,24,5,1,21.0,3,2
9,41,35,1,1,19.0,0,1
7,48,21,1,1,22.0,7,1
6,28,20,1,3,21.0,2,1
9,6,29,4,1,16.0,1,2
3,39,31,1,1,16.0,8,1
7,48,24,1,2,11.0,1,1
2,36,29,1,1,21.0,6,1
3,18,34,1,2,11.0,0,1
9,6,3,1,5,2.0,0,1
4,29,9,1,5,19.0,0,1
6,47,38,1,3,19.0,0,1
5,37,22,1,5,16.0,0,1
9,6,24,4,1,22.0,20,2
6,21,3,1,5,3.0,0,1
9,53,36,1,1,19.0,0,1
3,39,9,1,5,16.0,1,1
6,47,3,1,5,3.0,0,1
2,36,1,1,5,1.0,0,1
9,6,25,4,1,22.0,8,2
5,37,33,1,1,21.0,3,1
9,2,36,1,1,21.0,0,1
3,26,36,1,1,21.0,0,1
9,53,36,1,3,16.0,0,1
7,5,31,1,1,19.0,0,1
2,36,27,1,5,24.0,7,1
5,51,29,1,3,19.0,3,1
9,6,27,1,3,21.0,3,1
8,49,29,5,1,16.0,0,2
8,8,21,4,1,22.0,5,2
4,29,18,1,3,21.0,2,1
8,16,37,1,1,21.0,0,1
8,32,9,4,1,18.0,0,2
7,48,21,1,1,18.0,6,1
5,37,20,1,1,17.0,0,1
8,8,15,4,1,16.0,0,2
5,45,41,1,1,16.0,0,1
9,6,37,1,1,18.0,0,1
2,42,34,1,1,22.0,0,1
3,18,22,1,1,19.0,2,1
5,13,25,1,4,19.0,0,1
5,12,4,1,5,6.0,0,1
5,45,35,1,1,16.0,3,1
5,12,48,4,2,12.0,0,2
8,32,3,1,5,2.0,0,1
3,26,34,1,1,1.0,0,1
7,48,15,1,1,23.0,2,1
7,48,38,1,1,15.0,0,1
9,6,9,1,5,18.0,0,1
1,44,41,5,1,1.0,0,2
5,51,45,1,1,24.0,0,1
8,32,1,1,5,0.0,0,1
9,41,4,1,5,4.0,0,1
7,48,7,1,5,11.0,0,1
2,42,45,1,2,23.0,0,1
5,37,35,1,2,21.0,0,1
1,9,42,1,2,23.0,0,1
7,48,11,1,5,19.0,2,1
7,48,4,1,5,5.0,0,1
3,17,22,5,1,21.0,0,2
3,39,20,1,1,21.0,5,1
7,22,8,1,5,14.0,0,1
9,6,31,1,5,16.0,0,1
9,6,28,5,2,18.0,1,2
5,51,30,1,3,17.0,0,1
7,48,10,1,5,16.0,0,1
5,12,38,1,1,21.0,0,1
3,39,28,1,1,19.0,7,1
5,12,7,1,5,10.0,0,1
7,48,12,1,5,16.0,0,1
2,36,23,1,5,16.0,1,1
2,34,27,1,1,16.0,0,1
7,48,27,1,1,19.0,0,1
9,6,36,1,2,20.0,0,1
1,9,23,1,1,22.0,6,1
4,19,29,1,5,16.0,0,1
6,47,38,1,1,19.0,0,1
8,49,43,1,1,21.0,0,1
3,39,19,5,1,16.0,1,2
9,6,6,1,5,10.0,0,1
4,31,0,1,5,0.0,0,1
8,8,27,1,1,21.0,6,1
7,22,43,1,2,20.0,0,1
3,39,2,1,5,2.0,0,1
9,6,9,1,5,16.0,0,1
7,48,12,1,1,16.0,0,1
5,13,25,1,1,19.0,0,1
8,8,17,1,5,20.0,4,1
6,21,13,1,5,24.0,4,1
9,6,2,1,5,2.0,0,1
6,47,23,1,3,19.0,2,1
9,6,32,1,1,18.0,2,1
9,6,22,4,1,21.0,5,2
2,36,21,1,1,20.0,0,1
3,26,26,1,3,14.0,0,1
9,6,6,1,5,9.0,0,1
5,45,5,1,5,7.0,0,1
2,42,45,1,1,15.0,0,1
4,19,30,1,2,19.0,2,1
7,22,15,1,1,21.0,0,1
3,18,36,1,1,22.0,0,1
3,39,19,1,3,20.0,3,1
5,12,26,1,3,20.0,5,1
7,40,31,1,2,18.0,1,1
9,6,12,1,5,21.0,1,1
9,53,28,1,1,22.0,7,1
2,36,5,1,5,7.0,0,1
2,36,6,1,5,9.0,0,1
8,16,36,1,1,17.0,0,1
3,26,29,1,5,19.0,0,1
3,39,28,1,1,19.0,3,1
3,17,31,1,1,18.0,1,1
2,34,13,1,5,20.0,3,1
5,13,31,1,1,21.0,0,1
5,12,32,4,3,22.0,2,2
3,18,25,1,1,24.0,13,1
4,27,29,1,1,21.0,2,1
5,12,31,1,1,19.0,0,1
5,24,37,1,1,16.0,0,1
8,32,14,1,5,21.0,3,1
4,27,28,1,1,23.0,5,1
2,36,27,1,1,21.0,4,1
4,27,19,1,1,21.0,0,1
0,72,3,2,5,4.0,0,1
3,55,7,1,5,11.0,0,1
5,12,27,1,1,18.0,38,1
5,37,9,1,5,16.0,0,1
7,48,4,1,5,5.0,0,1
6,47,14,1,1,17.0,1,1
8,16,24,1,1,12.0,0,1
1,9,26,1,3,20.0,2,1
8,16,15,1,1,21.0,2,1
3,55,35,1,1,20.0,0,1
7,48,41,1,1,16.0,0,1
5,37,23,1,1,20.0,1,1
6,21,32,1,1,16.0,0,1
5,13,0,1,5,0.0,0,1
9,53,1,1,5,0.0,0,1
3,26,18,1,1,16.0,4,1
8,8,36,1,3,21.0,0,1
1,25,21,2,1,23.0,0,1
3,39,8,1,5,13.0,0,1
4,29,2,1,5,1.0,0,1
0,72,6,2,5,10.0,0,1
3,18,30,1,1,20.0,5,1
3,26,4,1,5,7.0,0,1
8,30,17,1,1,21.0,2,1
5,13,34,1,3,1.0,0,1
3,17,27,1,1,21.0,4,1
6,21,11,1,5,21.0,0,1
9,6,28,1,1,21.0,9,1
2,42,35,1,1,21.0,0,1
9,6,2,1,5,1.0,0,1
5,12,37,1,5,20.0,0,1
9,41,37,1,3,20.0,0,1
4,29,32,1,4,17.0,1,1
5,12,23,1,3,20.0,7,1
8,49,25,1,1,18.0,6,1
5,51,13,1,5,22.0,2,1
7,48,18,1,1,16.0,9,1
2,36,30,1,1,20.0,9,1
9,6,41,4,5,16.0,1,2
5,45,32,1,1,13.0,0,1
2,36,14,1,5,16.0,1,1
7,40,42,1,2,20.0,0,1
5,51,19,1,1,20.0,0,1
9,6,16,1,1,22.0,5,1
2,36,30,1,1,21.0,15,1
5,51,25,1,5,20.0,0,1
9,6,25,1,5,18.0,5,1
8,8,18,1,5,17.0,0,1
5,24,33,1,1,21.0,4,1
8,49,6,1,5,9.0,0,1
9,6,34,1,4,21.0,0,1
4,27,10,1,5,19.0,0,1
5,12,15,4,5,16.0,2,2
4,27,27,1,5,18.0,1,1
8,32,8,1,5,14.0,0,1
8,49,27,1,5,16.0,0,1
9,6,5,1,5,7.0,0,1
5,37,1,1,5,0.0,0,1
3,18,19,1,1,16.0,0,1
7,48,6,1,5,9.0,0,1
9,6,28,1,3,24.0,6,1
9,6,16,5,4,16.0,0,2
2,42,10,1,5,19.0,0,1
7,48,16,4,1,22.0,6,2
8,16,2,1,5,1.0,0,1
6,47,24,1,3,22.0,3,1
8,4,5,1,5,8.0,0,1
3,17,5,1,5,8.0,0,1
7,48,24,5,4,1.0,0,2
5,51,32,1,1,16.0,0,1
2,42,19,1,5,13.0,0,1
9,6,9,1,5,16.0,0,1
7,48,13,1,5,16.0,0,1
3,17,5,1,5,9.0,0,1
7,48,20,1,1,16.0,0,1
3,39,26,1,1,22.0,9,1
7,22,35,1,1,16.0,0,1
6,21,4,1,5,6.0,0,1
9,41,34,1,3,21.0,0,1
3,55,3,1,5,3.0,0,1
5,12,19,5,1,21.0,6,2
7,48,27,5,1,20.0,0,2
2,36,19,5,1,16.0,1,2
3,39,19,1,3,18.0,1,1
3,17,0,1,5,0.0,0,1
5,13,20,1,1,19.0,8,1
7,40,23,4,4,20.0,2,2
3,18,6,1,5,10.0,0,1
9,6,48,1,1,23.0,0,1
0,72,40,2,1,14.0,0,1
2,42,35,1,3,21.0,0,1
2,36,18,4,1,20.0,1,2
8,8,15,1,5,23.0,12,1
3,17,34,1,1,19.0,0,1
2,34,14,1,1,21.0,4,1
5,54,44,1,2,17.0,0,1
5,37,14,1,5,19.0,1,1
9,6,8,1,5,14.0,0,1
9,6,17,1,5,18.0,0,1
5,37,3,1,5,4.0,0,1
9,53,24,4,3,16.0,2,2
9,6,25,1,1,21.0,5,1
8,4,12,1,5,20.0,1,1
7,48,18,1,3,14.0,0,1
5,12,20,1,4,22.0,6,1
6,21,28,1,1,16.0,3,1
5,24,6,1,5,10.0,0,1
9,6,20,5,5,12.0,2,2
7,48,14,1,5,21.0,2,1
9,6,7,1,5,11.0,0,1
3,55,32,1,1,17.0,0,1
5,51,45,1,2,21.0,0,1
5,13,35,1,1,16.0,0,1
7,48,31,1,1,19.0,2,1
7,48,30,1,3,19.0,3,1
4,19,15,1,5,13.0,0,1
3,17,18,1,1,19.0,4,1
8,32,25,1,5,19.0,0,1
7,48,33,1,1,22.0,0,1
3,17,6,1,5,9.0,0,1
9,6,16,1,5,21.0,6,1
9,6,45,1,2,23.0,0,1
8,4,31,1,1,16.0,1,1
5,13,44,1,1,21.0,0,1
5,45,32,1,1,18.0,0,1
0,72,26,2,1,21.0,15,1
9,53,17,1,1,21.0,5,1
7,22,19,1,3,19.0,0,1
4,29,2,1,5,1.0,0,1
2,36,23,1,5,16.0,1,1
9,6,14,5,1,21.0,2,2
6,1,20,1,1,24.0,5,1
3,39,31,1,1,23.0,13,1
8,30,15,1,5,21.0,0,1
6,47,26,1,3,16.0,4,1
3,39,6,4,5,10.0,0,2
1,25,14,1,5,23.0,3,1
7,48,41,1,2,21.0,0,1
3,55,28,1,1,16.0,5,1
1,33,35,1,1,21.0,2,1
2,36,41,4,3,16.0,0,2
3,17,29,1,1,21.0,0,1
3,39,10,1,5,19.0,0,1
3,39,35,1,1,16.0,0,1
9,6,19,1,1,13.0,1,1
6,28,31,1,2,19.0,1,1
8,4,42,1,3,18.0,0,1
9,6,3,1,5,3.0,0,1
7,48,30,1,5,16.0,2,1
1,33,7,1,5,11.0,0,1
5,13,19,1,1,21.0,7,1
4,27,8,1,5,12.0,0,1
9,6,29,1,1,22.0,22,1
8,4,36,5,1,15.0,0,2
9,6,22,4,1,22.0,9,2
5,13,17,1,5,22.0,5,1
6,47,32,1,1,21.0,0,1
8,16,2,1,5,2.0,0,1
9,6,6,1,5,10.0,0,1
3,26,26,3,1,21.0,9,1
7,5,2,1,5,2.0,0,1
5,45,25,1,1,20.0,1,1
0,72,5,2,5,7.0,0,1
2,36,3,1,5,4.0,0,1
8,4,36,1,1,18.0,0,1
7,48,2,1,5,2.0,0,1
5,51,28,1,1,21.0,0,1
2,36,15,1,5,15.0,3,1
2,42,12,5,5,16.0,2,2
2,36,13,5,5,21.0,13,2
9,6,17,1,3,21.0,0,1
9,6,24,4,1,22.0,19,2
5,54,31,1,1,16.0,0,1
6,21,9,1,5,18.0,1,1
7,48,31,1,1,18.0,3,1
5,24,35,1,1,16.0,0,1
5,12,24,4,1,22.0,0,2
9,6,29,1,1,19.0,0,1
5,13,25,1,5,22.0,4,1
3,55,1,1,5,0.0,0,1
5,45,24,1,1,21.0,2,1
9,6,25,1,2,16.0,0,1
4,29,39,1,1,21.0,0,1
7,48,34,1,3,19.0,0,1
8,8,41,1,2,16.0,0,1
1,9,31,1,1,21.0,22,1
5,45,32,1,1,19.0,2,1
7,40,26,1,3,1.0,2,1
3,39,27,1,1,21.0,3,1
7,22,14,1,5,22.0,2,1
9,6,14,1,5,14.0,0,1
9,6,30,1,2,13.0,0,1
1,9,32,1,3,20.0,7,1
8,35,30,4,1,22.0,2,2
5,13,24,1,2,21.0,5,1
5,12,8,1,5,13.0,0,1
7,48,28,1,1,21.0,5,1
5,12,32,1,1,22.0,0,1
4,29,21,1,1,16.0,1,1
2,42,31,1,1,16.0,2,1
4,31,12,1,5,16.0,2,1
9,15,26,1,1,16.0,3,1
5,37,12,1,5,9.0,0,1
5,24,35,1,1,16.0,0,1
6,1,8,1,5,12.0,0,1
7,48,21,4,5,12.0,2,2
7,48,17,1,1,20.0,1,1
2,36,1,1,5,1.0,0,1
3,26,48,1,1,19.0,0,1
3,17,3,1,5,3.0,0,1
7,48,19,4,1,21.0,0,2
6,1,14,1,5,16.0,8,1
4,27,31,1,1,16.0,0,1
7,48,11,1,5,19.0,1,1
1,9,14,1,5,16.0,0,1
5,51,4,1,5,6.0,0,1
7,48,6,1,5,11.0,0,1
7,40,11,5,5,16.0,0,2
1,25,24,4,1,16.0,3,2
6,21,1,1,5,1.0,0,1
2,34,2,1,5,2.0,0,1
5,12,32,1,1,15.0,0,1
2,36,44,5,2,1.0,0,2
2,34,6,1,5,10.0,0,1
7,40,5,1,5,8.0,0,1
3,55,32,1,1,18.0,0,1
9,6,42,4,1,24.0,0,2
7,5,1,1,5,0.0,0,1
5,12,29,4,1,19.0,1,2
3,18,37,1,1,21.0,0,1
3,17,24,4,1,20.0,4,2
2,42,1,1,5,0.0,0,1
4,27,30,1,2,16.0,1,1
2,34,24,5,3,21.0,1,2
9,41,19,1,5,16.0,0,1
3,17,46,1,2,18.0,0,1
4,20,13,1,5,22.0,2,1
9,6,33,1,3,20.0,3,1
7,22,28,1,5,16.0,0,1
7,22,34,1,5,18.0,0,1
9,53,5,1,5,7.0,0,1
6,28,39,1,1,19.0,0,1
9,6,22,1,5,17.0,0,1
5,12,27,1,1,22.0,0,1
9,41,40,1,1,21.0,0,1
2,34,11,1,5,16.0,2,1
7,48,13,1,5,18.0,0,1
8,4,5,1,5,6.0,0,1
5,37,24,1,4,20.0,2,1
5,13,28,1,3,16.0,3,1
1,25,34,1,5,19.0,0,1
4,27,11,1,5,18.0,0,1
2,36,2,1,5,1.0,0,1
5,13,19,1,5,18.0,0,1
4,19,27,1,4,18.0,0,1
9,6,2,1,5,1.0,0,1
3,55,20,1,1,18.0,0,1
4,27,17,1,5,16.0,0,1
7,48,19,4,5,15.0,1,2
2,34,25,1,1,22.0,5,1
3,39,32,1,1,16.0,3,1
6,21,11,1,5,21.0,1,1
7,48,15,1,5,22.0,2,1
2,36,8,5,5,14.0,0,2
5,12,10,1,5,19.0,0,1
9,6,21,1,1,23.0,0,1
3,55,9,1,5,14.0,0,1
2,36,33,1,3,21.0,0,1
9,6,8,1,5,14.0,0,1
7,40,25,1,1,21.0,4,1
5,51,21,1,1,21.0,6,1
5,13,28,1,1,24.0,2,1
3,26,3,1,5,4.0,0,1
1,9,31,1,1,20.0,0,1
1,9,28,1,5,17.0,5,1
5,54,39,1,1,16.0,0,1
6,47,34,1,2,20.0,0,1
6,47,30,1,1,16.0,4,1
2,42,46,1,2,21.0,0,1
8,4,15,1,5,17.0,1,1
2,36,20,5,1,17.0,0,2
3,39,26,1,2,16.0,0,1
4,46,12,1,1,21.0,0,1
3,26,31,1,1,21.0,0,1
1,9,46,1,1,21.0,0,1
2,36,44,1,1,16.0,0,1
9,6,3,1,5,5.0,0,1
5,12,34,1,3,22.0,0,1
5,51,41,1,1,22.0,0,1
4,20,18,1,1,21.0,0,1
5,13,27,1,3,23.0,10,1
7,48,7,1,5,12.0,0,1
7,48,22,1,3,16.0,1,1
2,36,20,1,5,22.0,1,1
6,21,11,1,5,16.0,1,1
5,12,26,1,1,15.0,2,1
2,36,7,1,5,12.0,0,1
2,36,34,4,1,21.0,0,2
5,12,40,1,3,21.0,0,1
9,6,8,1,5,12.0,0,1
9,6,32,1,1,18.0,0,1
3,39,10,1,5,20.0,0,1
9,6,23,4,1,21.0,5,2
3,26,6,1,5,8.0,0,1
2,42,38,1,3,16.0,0,1
6,47,24,1,5,21.0,0,1
4,29,32,1,1,23.0,0,1
5,24,34,1,1,21.0,8,1
3,17,4,1,5,6.0,0,1
1,25,38,1,3,21.0,0,1
2,36,13,1,5,16.0,0,1
5,13,21,1,1,22.0,5,1
8,4,8,1,5,15.0,1,1
5,51,28,1,2,20.0,1,1
9,6,16,1,5,1.0,2,1
6,28,20,1,1,22.0,3,1
5,54,35,1,3,20.0,2,1
6,1,28,1,3,14.0,0,1
5,24,45,1,1,20.0,0,1
6,21,14,1,1,21.0,3,1
5,12,20,1,1,18.0,0,1
7,22,11,1,5,19.0,0,1
2,42,34,1,1,7.0,1,1
5,37,3,1,5,4.0,0,1
3,17,29,4,1,19.0,0,2
6,47,40,1,3,22.0,0,1
6,47,32,1,1,18.0,0,1
2,36,22,1,1,22.0,5,1
4,38,36,1,1,22.0,0,1
5,37,11,1,5,20.0,0,1
0,72,26,2,5,16.0,0,1
5,12,28,1,1,22.0,0,1
4,27,22,1,1,20.0,2,1
5,24,14,1,5,16.0,0,1
2,42,28,1,1,21.0,5,1
9,6,22,1,1,19.0,0,1
7,48,41,1,1,21.0,0,1
3,26,31,1,1,18.0,0,1
7,22,45,1,5,19.0,0,1
7,48,30,1,1,17.0,2,1
8,8,36,1,1,21.0,0,1
5,51,39,1,2,6.0,0,1
2,36,27,4,1,13.0,1,2
9,6,25,4,1,21.0,9,2
3,17,36,1,1,16.0,0,1
4,19,27,1,3,17.0,1,1
2,36,27,1,3,21.0,11,1
7,48,6,1,5,9.0,0,1
1,25,9,1,5,17.0,0,1
6,21,30,1,2,16.0,0,1
2,36,3,1,5,4.0,0,1
2,36,32,1,5,12.0,0,1
3,17,5,1,5,8.0,0,1
7,40,23,1,1,13.0,6,1
1,9,38,1,1,21.0,0,1
9,6,7,3,5,12.0,0,1
1,33,29,1,1,18.0,0,1
5,37,40,1,1,24.0,0,1
7,48,27,1,5,20.0,1,1
6,1,29,1,1,19.0,2,1
9,41,30,1,3,21.0,3,1
2,42,18,1,1,21.0,3,1
2,42,26,1,1,14.0,7,1
3,17,31,1,3,19.0,0,1
8,32,36,1,2,18.0,0,1
4,29,35,1,1,19.0,0,1
9,53,25,1,3,20.0,0,1
6,21,32,1,1,21.0,0,1
5,12,30,1,3,18.0,0,1
7,48,31,1,1,18.0,0,1
2,36,8,1,5,16.0,0,1
7,48,24,1,1,16.0,0,1
8,32,40,1,2,23.0,0,1
7,48,28,5,1,7.0,0,2
9,6,31,4,1,17.0,0,2
7,48,17,4,1,20.0,2,2
2,36,38,1,1,23.0,0,1
9,6,4,1,5,6.0,0,1
4,29,29,1,1,21.0,0,1
4,29,9,1,5,18.0,0,1
5,13,38,1,2,16.0,0,1
6,28,2,1,5,2.0,0,1
5,51,21,3,5,21.0,11,1
6,28,7,1,5,13.0,0,1
7,40,13,1,5,21.0,0,1
5,45,8,1,5,13.0,0,1
1,23,0,1,5,0.0,0,1
4,27,36,1,3,1.0,0,1
4,31,5,1,5,9.0,0,1
5,37,30,1,3,16.0,2,1
5,24,9,1,5,11.0,0,1
7,40,17,1,5,19.0,0,1
9,6,3,1,5,3.0,0,1
3,55,11,1,5,21.0,1,1
5,24,1,1,5,1.0,0,1
5,24,30,1,1,16.0,2,1
5,51,19,1,1,22.0,1,1
7,48,31,1,5,21.0,0,1
6,21,1,1,5,1.0,0,1
7,40,17,1,1,21.0,2,1
3,39,28,1,1,16.0,2,1
0,72,5,2,5,9.0,0,1
6,1,24,1,1,20.0,5,1
2,36,36,1,3,22.0,0,1
2,36,20,1,4,16.0,0,1
3,39,38,1,3,14.0,0,1
3,39,4,1,5,6.0,0,1
6,28,25,1,3,16.0,8,1
9,6,2,1,5,3.0,0,1
9,6,4,5,5,6.0,0,2
3,39,29,1,3,12.0,6,1
8,49,24,5,1,20.0,6,2
9,6,30,1,1,22.0,3,1
5,37,17,1,5,21.0,1,1
8,4,17,1,5,16.0,0,1
2,36,17,1,1,15.0,2,1
5,13,34,1,3,21.0,0,1
3,39,34,1,1,16.0,0,1
5,12,11,1,5,16.0,0,1
2,34,27,1,1,22.0,5,1
2,36,14,1,5,21.0,2,1
4,31,15,1,5,17.0,0,1
4,20,17,1,1,18.0,0,1
2,36,1,1,5,1.0,0,1
0,72,37,2,3,12.0,0,1
3,55,34,1,1,13.0,0,1
2,42,14,5,5,21.0,1,2
2,36,19,1,5,16.0,5,1
5,12,37,1,1,16.0,0,1
8,49,5,1,5,7.0,0,1
4,29,15,1,5,18.0,1,1
1,9,3,1,5,5.0,0,1
9,6,18,1,5,20.0,1,1
6,21,2,1,5,1.0,0,1
5,37,19,1,1,21.0,2,1
8,32,18,4,1,19.0,1,2
1,9,24,5,1,20.0,7,2
5,13,36,1,1,20.0,0,1
8,16,23,1,1,21.0,2,1
9,6,21,1,5,21.0,6,1
5,37,9,1,5,18.0,0,1
4,29,21,1,1,20.0,2,1
5,12,7,4,5,12.0,0,2
5,12,39,1,1,18.0,5,1
3,39,17,1,1,20.0,4,1
8,4,29,1,1,21.0,0,1
6,47,37,1,1,20.0,0,1
9,6,34,3,1,9.0,0,1
5,12,12,1,1,16.0,3,1
4,29,29,1,4,19.0,0,1
4,19,43,1,2,19.0,0,1
3,17,21,1,1,16.0,0,1
3,39,30,1,1,16.0,1,1
5,10,37,3,1,22.0,0,1
7,48,36,1,1,21.0,0,1
6,1,25,1,1,21.0,2,1
9,41,20,5,1,13.0,2,2
9,6,10,1,5,20.0,1,1
5,24,17,4,3,21.0,3,2
5,12,38,1,1,15.0,0,1
8,8,29,1,3,18.0,0,1
4,31,16,1,5,19.0,2,1
7,48,23,1,3,21.0,3,1
6,47,33,1,1,21.0,0,1
2,42,38,1,3,23.0,0,1
9,6,27,4,3,19.0,0,2
2,42,10,1,5,19.0,0,1
5,24,4,1,5,7.0,0,1
5,37,23,1,5,16.0,0,1
2,36,2,1,5,2.0,0,1
4,27,10,1,5,19.0,0,1
9,53,31,1,1,18.0,5,1
2,36,37,4,1,21.0,0,2
3,39,16,1,5,21.0,7,1
8,4,24,1,1,21.0,0,1
6,47,19,3,1,16.0,1,1
9,6,19,1,1,22.0,8,1
8,4,0,1,5,0.0,0,1
9,53,5,1,5,8.0,0,1
5,12,29,1,3,15.0,0,1
3,26,25,1,1,21.0,3,1
9,6,7,1,5,13.0,0,1
8,49,17,1,5,21.0,0,1
6,47,30,1,1,19.0,0,1
5,13,15,1,1,21.0,9,1
9,6,31,4,1,6.0,1,2
2,36,17,1,1,14.0,0,1
6,21,23,1,1,21.0,15,1
3,39,30,1,5,19.0,2,1
5,13,42,1,1,12.0,0,1
9,6,10,1,1,16.0,8,1
5,13,35,1,1,16.0,10,1
2,36,17,5,1,22.0,4,2
7,48,36,1,1,16.0,0,1
5,12,12,1,5,11.0,0,1
5,37,1,1,5,1.0,0,1
8,4,14,4,5,21.0,3,2
3,55,45,1,1,21.0,0,1
5,13,20,1,1,22.0,4,1
6,47,4,1,5,5.0,0,1
5,45,13,1,5,22.0,3,1
9,6,26,1,5,20.0,0,1
8,30,37,1,3,21.0,3,1
5,37,7,1,5,12.0,0,1
2,34,23,5,3,16.0,2,2
7,48,8,1,5,13.0,0,1
5,12,28,1,1,21.0,0,1
1,23,29,1,1,16.0,0,1
5,13,29,5,1,21.0,11,2
6,47,2,1,5,1.0,0,1
8,30,24,1,5,23.0,6,1
6,1,11,1,5,16.0,1,1
3,55,26,1,1,20.0,2,1
4,27,0,1,5,0.0,0,1
8,4,7,1,5,12.0,0,1
7,48,6,1,5,10.0,0,1
5,51,32,1,3,1.0,0,1
3,17,35,1,1,20.0,0,1
9,6,24,5,1,9.0,3,2
5,13,26,1,1,17.0,0,1
3,26,30,1,1,21.0,5,1
8,32,29,1,3,19.0,1,1
9,6,23,1,5,17.0,0,1
4,29,23,5,1,16.0,0,2
9,6,15,1,1,21.0,0,1
3,39,36,1,3,22.0,0,1
5,12,32,2,1,13.0,0,1
3,17,17,1,5,19.0,1,1
5,45,27,1,2,16.0,1,1
1,25,24,1,1,22.0,2,1
3,39,15,1,5,16.0,3,1
5,51,25,1,1,22.0,2,1
5,12,12,1,5,15.0,0,1
5,54,36,1,1,16.0,0,1
4,27,33,1,3,16.0,0,1
5,37,16,1,5,22.0,3,1
5,13,3,1,5,5.0,0,1
8,8,30,1,3,17.0,0,1
5,12,2,1,5,2.0,0,1
9,6,1,1,5,2.0,0,1
3,17,42,1,2,21.0,0,1
3,55,22,1,1,21.0,6,1
4,29,28,1,1,14.0,0,1
8,4,23,1,1,19.0,2,1
5,12,23,1,1,24.0,6,1
7,48,5,1,5,8.0,0,1
4,46,7,1,5,11.0,0,1
4,29,40,1,1,16.0,0,1
5,24,22,1,3,19.0,4,1
2,36,0,1,5,0.0,0,1
6,1,0,1,5,0.0,0,1
9,53,13,5,5,20.0,2,2
7,22,6,1,5,10.0,0,1
6,21,9,1,1,14.0,2,1
7,40,36,1,1,17.0,0,1
6,21,27,1,1,19.0,0,1
5,13,34,1,2,18.0,0,1
9,6,32,4,1,16.0,2,2
5,37,11,1,5,15.0,0,1
9,53,11,1,5,17.0,2,1
2,34,32,4,3,20.0,0,2
6,47,29,1,5,21.0,4,1
2,42,11,4,1,21.0,1,2
2,34,17,1,5,22.0,3,1
9,6,48,1,2,19.0,0,1
3,39,15,1,5,21.0,3,1
9,6,0,1,5,0.0,0,1
4,38,19,1,1,21.0,4,1
7,48,29,1,1,20.0,0,1
5,13,3,1,5,3.0,0,1
3,17,32,1,3,21.0,4,1
8,8,14,1,5,21.0,5,1
7,48,30,1,1,16.0,1,1
3,55,24,1,1,16.0,3,1
1,33,42,1,2,21.0,0,1
1,9,32,1,1,21.0,3,1
3,26,15,1,1,18.0,1,1
1,25,31,1,1,19.0,0,1
2,42,37,1,1,16.0,0,1
3,17,35,1,1,19.0,0,1
7,22,17,1,1,20.0,2,1
3,18,29,5,1,6.0,0,2
7,48,28,1,1,17.0,1,1
9,53,11,1,5,21.0,0,1
5,37,30,1,1,21.0,2,1
6,21,37,1,1,21.0,0,1
9,6,10,1,5,16.0,0,1
2,36,48,1,1,12.0,0,1
9,6,19,1,1,22.0,4,1
5,12,15,1,5,19.0,3,1
9,41,5,1,5,8.0,0,1
8,32,10,1,5,13.0,1,1
5,12,21,1,3,20.0,4,1
3,17,4,1,5,6.0,0,1
7,40,34,1,1,20.0,0,1
3,26,31,1,1,22.0,0,1
1,25,0,1,5,0.0,0,1
8,56,36,1,1,21.0,0,1
2,36,31,1,3,16.0,2,1
4,38,9,1,5,19.0,0,1
5,12,13,1,5,21.0,2,1
3,17,29,1,3,19.0,3,1
7,22,14,1,5,20.0,2,1
8,8,14,1,5,21.0,2,1
5,12,31,1,1,16.0,0,1
5,51,34,1,1,16.0,0,1
2,42,5,1,5,7.0,0,1
3,26,39,1,1,23.0,0,1
8,49,8,1,5,12.0,0,1
1,44,24,1,1,12.0,0,1
5,37,5,3,5,8.0,0,1
2,36,26,1,1,22.0,3,1
5,45,31,1,1,19.0,2,1
3,18,2,1,5,2.0,0,1
3,17,7,1,5,11.0,0,1
5,51,16,1,1,22.0,3,1
5,12,27,1,1,16.0,2,1
8,32,26,1,1,19.0,0,1
6,47,2,1,5,1.0,0,1
3,17,20,1,1,18.0,7,1
7,48,21,1,1,21.0,0,1
9,53,7,1,5,11.0,0,1
7,48,20,1,5,19.0,0,1
3,26,34,1,1,16.0,0,1
5,12,15,4,5,22.0,2,2
5,13,19,1,1,23.0,15,1
9,6,19,5,1,1.0,0,2
4,27,33,1,1,17.0,0,1
3,39,2,1,5,2.0,0,1
7,22,2,1,5,1.0,0,1
9,6,7,1,5,11.0,0,1
4,20,11,1,5,19.0,1,1
7,40,1,1,5,0.0,0,1
2,36,26,1,4,1.0,0,1
5,13,22,1,1,20.0,6,1
9,53,29,1,1,16.0,4,1
2,34,26,4,1,22.0,8,2
8,8,44,1,1,18.0,0,1
2,34,12,1,5,21.0,1,1
5,51,16,1,5,16.0,1,1
2,42,9,1,5,14.0,0,1
3,55,22,1,3,17.0,3,1
7,48,4,1,5,5.0,0,1
9,6,15,1,5,21.0,4,1
5,45,24,1,1,17.0,0,1
4,19,10,1,5,19.0,0,1
6,28,22,1,5,17.0,0,1
1,25,34,1,1,24.0,6,1
6,28,6,1,5,8.0,0,1
7,48,0,1,5,0.0,0,1
2,36,15,1,5,21.0,0,1
2,36,2,1,5,1.0,0,1
9,6,1,1,5,0.0,0,1
4,20,29,1,3,16.0,2,1
9,6,17,1,4,15.0,0,1
1,9,20,1,1,20.0,7,1
0,72,5,2,5,7.0,0,1
3,18,14,1,1,21.0,2,1
9,6,24,4,3,19.0,4,2
2,34,0,1,5,0.0,0,1
3,18,20,1,5,12.0,0,1
3,55,19,5,1,22.0,0,2
2,42,22,1,5,21.0,5,1
8,4,2,1,5,1.0,0,1
7,48,13,1,5,19.0,0,1
5,12,22,5,3,16.0,0,2
8,30,4,1,5,4.0,0,1
9,6,12,1,5,16.0,0,1
6,21,3,1,5,4.0,0,1
8,49,3,1,5,3.0,0,1
6,47,36,4,1,23.0,0,2
7,48,35,5,1,21.0,0,2
5,13,31,1,3,14.0,0,1
5,12,17,1,5,19.0,3,1
9,6,3,1,5,4.0,0,1
5,12,27,1,4,16.0,2,1
6,21,8,1,5,14.0,0,1
4,20,4,1,5,5.0,0,1
7,48,9,1,5,16.0,0,1
3,55,22,1,1,18.0,3,1
8,4,20,1,5,18.0,0,1
6,21,18,1,5,14.0,0,1
7,48,13,1,5,21.0,2,1
5,37,10,3,5,19.0,1,1
7,48,0,1,5,0.0,0,1
6,47,5,1,5,7.0,0,1
3,17,14,1,5,16.0,0,1
1,25,25,1,5,18.0,0,1
8,49,34,4,1,23.0,0,2
8,49,22,4,1,22.0,3,2
5,12,38,1,2,20.0,0,1
6,28,39,1,4,18.0,0,1
5,37,33,1,2,17.0,0,1
9,41,40,1,2,16.0,0,1
9,41,23,4,1,22.0,9,2
3,39,8,1,5,13.0,0,1
5,24,30,1,1,22.0,9,1
3,17,7,1,5,12.0,0,1
2,42,36,1,1,21.0,2,1
5,24,18,1,1,18.0,1,1
3,26,22,5,5,1.0,0,2
5,51,24,1,1,16.0,1,1
3,26,17,1,1,21.0,4,1
9,6,35,4,1,16.0,0,2
6,1,8,1,5,12.0,0,1
2,36,32,1,1,22.0,3,1
5,12,38,1,3,22.0,0,1
9,6,28,1,5,21.0,17,1
4,29,31,1,1,19.0,0,1
1,25,20,4,3,21.0,5,2
7,5,17,1,1,18.0,1,1
5,12,27,1,1,16.0,0,1
2,42,30,1,1,21.0,16,1
5,51,18,4,5,21.0,0,2
7,22,5,1,5,7.0,0,1
5,51,27,1,5,21.0,11,1
7,48,9,1,5,19.0,0,1
3,18,28,1,1,21.0,3,1
3,17,36,1,3,20.0,0,1
2,36,2,1,5,1.0,0,1
5,45,1,1,5,0.0,0,1
5,24,20,5,1,16.0,0,2
9,6,34,1,5,1.0,0,1
7,22,32,1,1,16.0,4,1
9,6,13,1,5,21.0,1,1
5,12,46,1,2,7.0,0,1
8,16,4,1,5,6.0,0,1
7,48,23,1,1,21.0,9,1
5,13,37,1,1,19.0,0,1
3,18,14,1,5,15.0,0,1
3,39,0,1,5,0.0,0,1
2,36,10,1,5,16.0,1,1
8,8,15,1,1,22.0,5,1
7,22,11,1,1,19.0,2,1
8,4,19,1,5,22.0,5,1
3,26,15,1,1,19.0,0,1
7,5,6,1,5,10.0,0,1
5,13,1,1,5,0.0,0,1
6,47,41,1,1,16.0,0,1
1,9,36,1,1,20.0,0,1
1,25,8,1,5,14.0,0,1
5,37,19,4,1,21.0,2,2
4,29,27,1,1,21.0,9,1
3,17,8,1,5,13.0,0,1
4,46,30,1,4,22.0,3,1
5,12,7,2,5,11.0,0,1
9,6,29,1,2,19.0,1,1
5,37,37,1,2,16.0,0,1
9,6,8,1,5,1.0,0,1
5,13,24,1,3,18.0,4,1
2,36,10,1,5,16.0,1,1
2,34,33,4,4,16.0,1,2
7,22,32,1,1,22.0,0,1
2,36,8,1,5,14.0,0,1
6,1,14,1,1,16.0,2,1
6,21,14,1,3,16.0,4,1
9,6,32,5,5,9.0,0,2
2,36,13,1,1,15.0,0,1
7,48,41,4,1,5.0,0,2
3,39,0,1,5,0.0,0,1
7,48,16,1,5,20.0,0,1
2,36,34,1,5,16.0,0,1
4,20,5,1,5,8.0,0,1
3,39,24,1,3,21.0,9,1
8,8,37,1,1,20.0,0,1
7,40,29,1,1,20.0,5,1
6,1,5,1,5,7.0,0,1
9,6,13,1,5,22.0,1,1
5,51,18,1,5,16.0,0,1
3,17,12,1,5,15.0,2,1
5,51,18,1,1,21.0,13,1
0,72,36,2,2,8.0,0,1
9,6,28,1,5,18.0,0,1
2,34,27,1,1,22.0,4,1
9,41,8,1,5,13.0,0,1
7,48,9,1,5,19.0,0,1
2,36,25,1,1,18.0,0,1
9,6,15,1,5,17.0,17,1
1,33,36,4,1,21.0,0,2
7,48,34,1,1,18.0,4,1
7,40,6,1,5,10.0,0,1
4,31,24,1,1,16.0,3,1
3,17,34,1,1,20.0,0,1
2,34,28,4,1,18.0,3,2
4,27,27,1,1,21.0,3,1
7,48,6,1,5,9.0,0,1
4,27,8,1,5,13.0,0,1
9,6,8,1,5,14.0,0,1
1,9,1,1,5,0.0,0,1
7,48,44,1,1,16.0,0,1
8,4,4,1,5,5.0,0,1
9,2,6,1,5,9.0,0,1
5,37,22,1,2,14.0,0,1
3,39,5,1,5,7.0,0,1
9,41,34,1,1,24.0,9,1
7,48,8,1,5,12.0,0,1
5,37,18,1,1,19.0,5,1
2,34,34,1,3,20.0,5,1
2,42,33,4,1,1.0,0,2
9,53,41,1,1,19.0,0,1
4,46,32,1,1,16.0,0,1
9,6,18,1,1,21.0,5,1
5,37,21,1,3,21.0,13,1
7,48,25,1,3,16.0,5,1
5,51,11,2,5,16.0,0,1
3,17,17,1,1,19.0,2,1
5,12,36,1,1,21.0,0,1
3,26,29,1,1,20.0,5,1
8,16,30,1,1,16.0,0,1
5,45,14,1,1,17.0,0,1
9,6,48,1,1,16.0,0,1
9,6,28,1,1,16.0,3,1
8,8,34,1,1,21.0,0,1
9,6,13,1,1,16.0,3,1
8,16,32,1,1,21.0,0,1
8,4,27,4,1,1.0,0,2
3,17,18,1,5,23.0,11,1
7,22,32,1,1,19.0,3,1
7,48,10,4,5,19.0,0,2
3,26,7,1,5,12.0,0,1
3,26,10,5,5,16.0,0,2
2,42,32,1,1,16.0,0,1
3,39,48,1,2,16.0,0,1
4,19,21,1,1,1.0,0,1
5,51,7,1,5,12.0,0,1
5,13,27,1,1,21.0,1,1
9,6,30,1,1,19.0,0,1
3,55,34,1,1,16.0,4,1
4,20,35,1,3,16.0,0,1
4,19,14,1,1,15.0,0,1
3,26,27,1,1,19.0,2,1
8,8,37,1,1,16.0,0,1
2,42,26,1,3,19.0,6,1
5,37,32,5,2,16.0,1,2
9,6,8,1,5,14.0,0,1
3,39,19,1,1,16.0,4,1
5,37,28,1,1,19.0,1,1
9,6,21,1,1,21.0,26,1
5,37,16,1,1,22.0,4,1
2,34,14,5,1,22.0,13,2
9,53,36,1,1,21.0,0,1
9,2,6,1,5,9.0,0,1
5,13,21,1,5,19.0,3,1
1,9,39,1,1,19.0,0,1
8,16,31,1,1,21.0,0,1
4,20,25,1,3,20.0,5,1
9,6,27,4,1,16.0,1,2
4,29,6,1,5,10.0,0,1
5,54,38,1,2,18.0,0,1
9,41,38,4,1,17.0,0,2
3,17,23,1,1,21.0,3,1
5,51,13,1,1,21.0,5,1
4,19,31,1,1,18.0,2,1
2,36,36,4,2,18.0,0,2
9,6,25,1,4,16.0,2,1
9,53,10,1,5,19.0,0,1
5,45,20,1,1,21.0,1,1
9,6,15,1,1,16.0,3,1
3,55,27,1,1,21.0,0,1
5,24,33,1,1,21.0,0,1
4,31,38,1,1,22.0,0,1
5,24,7,1,5,11.0,0,1
7,48,37,1,3,19.0,0,1
3,17,16,1,1,16.0,1,1
2,36,35,4,1,1.0,0,2
2,36,1,3,5,2.0,0,1
5,37,32,1,5,18.0,2,1
3,18,21,1,1,23.0,10,1
6,47,12,1,5,21.0,2,1
7,48,19,2,1,21.0,2,1
3,17,5,1,5,6.0,0,1
5,37,10,1,5,19.0,0,1
5,37,41,1,2,14.0,0,1
4,29,2,1,5,1.0,0,1
7,48,30,1,5,15.0,0,1
2,36,6,1,5,9.0,0,1
2,34,35,1,1,21.0,9,1
6,1,21,1,1,22.0,3,1
8,8,3,1,5,4.0,0,1
2,34,27,1,4,17.0,0,1
7,48,34,4,5,21.0,0,2
5,45,8,1,5,14.0,0,1
5,37,36,1,3,17.0,0,1
6,47,18,1,5,17.0,3,1
5,12,41,1,1,19.0,0,1
6,28,8,1,5,12.0,0,1
1,25,14,1,5,21.0,3,1
3,17,22,1,1,22.0,5,1
4,46,15,1,3,19.0,2,1
9,6,20,1,5,16.0,0,1
9,53,12,1,5,21.0,0,1
7,48,28,5,1,9.0,1,2
3,55,4,1,5,6.0,0,1
3,26,32,1,1,21.0,0,1
8,32,20,1,3,19.0,2,1
8,30,42,1,1,16.0,0,1
6,47,37,1,3,16.0,0,1
3,39,20,1,1,16.0,7,1
9,6,24,5,3,15.0,1,2
3,17,29,1,1,20.0,7,1
3,55,33,1,3,17.0,0,1
5,37,35,1,1,16.0,0,1
4,27,22,1,3,21.0,7,1
7,48,11,1,5,14.0,2,1
5,37,26,1,5,22.0,5,1
3,39,21,1,1,20.0,4,1
5,54,19,1,5,11.0,0,1
5,13,20,1,1,21.0,4,1
6,47,12,1,4,16.0,2,1
7,48,26,1,5,20.0,3,1
9,6,46,1,2,16.0,0,1
9,6,11,1,5,20.0,0,1
5,12,35,1,3,17.0,0,1
5,12,22,1,5,20.0,2,1
8,32,5,3,5,8.0,0,1
7,40,45,1,2,17.0,0,1
8,35,38,1,1,11.0,0,1
6,1,29,1,1,19.0,5,1
9,6,32,1,3,21.0,1,1
6,1,36,1,1,19.0,3,1
3,26,28,1,1,22.0,0,1
9,6,29,4,1,18.0,0,2
2,34,10,1,5,18.0,0,1
9,53,27,1,1,24.0,9,1
9,6,20,1,4,21.0,0,1
1,25,2,1,5,3.0,0,1
9,6,34,1,1,16.0,3,1
2,42,5,1,5,8.0,0,1
5,37,6,1,5,9.0,0,1
9,6,7,3,5,11.0,0,1
7,48,25,1,2,21.0,3,1
3,39,34,1,2,19.0,0,1
8,35,21,1,5,17.0,0,1
3,39,40,1,3,19.0,0,1
7,48,20,5,1,16.0,0,2
3,18,10,1,5,13.0,0,1
5,13,36,1,3,21.0,0,1
2,34,5,1,5,8.0,0,1
3,17,6,1,5,10.0,0,1
5,13,25,1,1,20.0,0,1
3,39,9,1,5,14.0,0,1
7,48,3,1,5,3.0,0,1
7,48,0,1,5,0.0,0,1
2,36,17,5,1,22.0,0,2
3,17,30,1,1,18.0,5,1
5,12,46,1,2,16.0,0,1
4,27,27,1,1,20.0,4,1
2,36,0,1,5,0.0,0,1
5,37,19,1,1,21.0,0,1
2,42,35,1,5,21.0,0,1
4,46,3,1,5,2.0,0,1
6,1,9,1,5,18.0,0,1
9,6,9,1,5,16.0,1,1
4,29,1,1,5,0.0,0,1
7,48,7,1,5,11.0,0,1
5,24,5,1,5,8.0,0,1
7,48,16,1,5,21.0,1,1
7,48,6,1,5,9.0,0,1
7,48,5,1,5,9.0,0,1
3,39,16,1,5,21.0,5,1
2,34,32,4,5,16.0,3,2
3,17,39,1,1,16.0,0,1
7,48,16,5,5,21.0,2,2
3,17,9,1,5,16.0,0,1
6,21,35,3,1,23.0,7,1
3,18,7,1,5,11.0,0,1
9,41,22,1,1,21.0,5,1
9,41,7,1,5,11.0,0,1
2,34,21,5,1,7.0,5,2
3,39,26,1,5,17.0,0,1
4,27,6,1,5,9.0,0,1
5,13,7,1,5,11.0,0,1
4,31,30,1,1,21.0,6,1
2,36,31,1,1,21.0,0,1
6,47,21,1,1,16.0,2,1
3,55,19,1,1,23.0,15,1
5,51,35,1,1,16.0,0,1
7,48,33,4,1,21.0,5,2
8,30,0,1,5,0.0,0,1
9,53,4,1,5,4.0,0,1
5,12,5,1,5,9.0,0,1
7,48,22,4,1,22.0,6,2
9,6,24,4,1,20.0,4,2
0,72,16,2,5,20.0,1,1
8,4,47,1,1,16.0,0,1
7,48,15,1,1,16.0,4,1
7,48,37,1,2,22.0,0,1
3,18,30,1,1,21.0,1,1
5,12,22,1,1,20.0,0,1
6,47,17,1,5,19.0,3,1
8,49,23,4,5,15.0,6,2
9,53,17,1,5,21.0,5,1
2,42,18,5,4,22.0,4,2
4,20,2,1,5,2.0,0,1
9,6,25,1,1,21.0,8,1
6,1,9,1,5,18.0,0,1
9,6,34,1,1,16.0,0,1
9,6,23,1,1,16.0,18,1
8,49,7,1,5,12.0,0,1
5,45,18,1,1,19.0,0,1
9,15,23,1,5,19.0,0,1
1,9,12,5,1,1.0,0,2
0,72,37,2,1,19.0,0,1
9,6,24,4,1,22.0,19,2
5,12,34,1,1,20.0,0,1
9,53,20,1,1,17.0,0,1
5,13,18,1,1,16.0,3,1
9,6,28,1,1,20.0,0,1
5,45,20,1,5,1.0,0,1
5,12,42,4,2,19.0,0,2
9,6,34,5,4,1.0,0,2
9,6,6,1,5,8.0,0,1
5,12,9,1,5,16.0,0,1
1,25,25,1,1,21.0,0,1
0,72,28,2,5,1.0,0,1
3,39,33,1,2,17.0,3,1
5,13,30,1,1,17.0,2,1
7,48,6,1,5,11.0,0,1
9,6,4,1,5,6.0,0,1
5,12,38,1,1,17.0,0,1
5,37,4,1,5,5.0,0,1
5,37,3,1,5,3.0,0,1
9,6,8,1,5,11.0,0,1
5,54,22,1,5,20.0,2,1
3,55,18,1,5,17.0,0,1
7,5,9,1,5,19.0,0,1
2,42,32,1,1,16.0,0,1
7,5,35,1,5,19.0,0,1
9,6,12,1,5,17.0,1,1
2,36,39,4,3,1.0,0,2
2,42,27,1,1,21.0,3,1
6,47,23,1,1,17.0,4,1
6,47,25,1,5,19.0,1,1
5,51,10,1,1,16.0,2,1
3,26,11,1,5,21.0,0,1
7,48,5,1,5,8.0,0,1
5,24,34,1,1,22.0,0,1
3,17,34,1,5,22.0,8,1
0,72,39,2,2,16.0,0,1
4,20,26,1,1,22.0,7,1
3,17,8,1,5,14.0,0,1
5,51,21,1,5,21.0,13,1
7,5,3,1,5,4.0,0,1
5,13,35,1,3,14.0,0,1
2,36,9,4,5,18.0,1,2
2,36,29,1,1,21.0,10,1
8,4,10,1,5,19.0,0,1
9,6,21,4,1,20.0,3,2
3,26,1,1,5,0.0,0,1
5,12,19,2,1,22.0,2,1
8,35,27,1,1,16.0,0,1
8,56,13,1,3,20.0,1,1
5,51,7,1,5,11.0,0,1
9,6,26,1,1,22.0,9,1
8,56,30,1,1,21.0,1,1
2,42,29,1,4,16.0,0,1
3,55,34,1,2,21.0,0,1
7,48,31,1,1,12.0,0,1
7,5,44,1,2,19.0,0,1
5,37,31,4,5,22.0,2,2
5,24,40,1,1,18.0,0,1
2,36,11,1,5,21.0,3,1
5,13,34,1,3,16.0,1,1
9,6,3,1,5,3.0,0,1
5,12,14,1,5,15.0,0,1
4,29,23,1,3,17.0,1,1
9,6,37,1,2,22.0,0,1
7,48,29,1,1,21.0,5,1
3,55,7,1,5,10.0,0,1
3,18,25,1,3,16.0,3,1
3,17,23,1,3,19.0,0,1
3,26,21,1,1,22.0,5,1
2,42,23,1,1,19.0,3,1
8,35,35,1,1,18.0,0,1
8,16,13,1,3,19.0,3,1
5,24,7,1,5,11.0,0,1
5,51,7,3,5,11.0,0,1
4,27,11,1,5,19.0,0,1
5,13,28,1,1,16.0,0,1
1,25,20,1,1,21.0,3,1
2,42,18,1,3,21.0,6,1
1,50,47,1,3,16.0,0,1
5,37,8,1,5,13.0,0,1
5,13,32,1,3,19.0,3,1
7,48,39,1,2,16.0,0,1
9,6,5,1,5,7.0,0,1
5,12,14,1,5,22.0,0,1
9,6,30,4,1,23.0,45,2
3,18,46,1,2,16.0,0,1
5,51,11,1,5,21.0,7,1
9,6,36,4,1,22.0,0,2
5,12,34,4,1,21.0,3,2
6,47,12,1,5,21.0,7,1
8,32,23,1,1,23.0,6,1
6,21,37,1,1,21.0,0,1
9,6,26,4,1,20.0,3,2
3,26,36,1,1,16.0,6,1
5,12,27,5,4,21.0,4,2
6,47,34,1,3,16.0,2,1
6,47,26,1,5,16.0,0,1
5,12,38,2,1,21.0,0,1
6,47,18,1,1,16.0,0,1
5,51,39,1,1,20.0,0,1
6,47,34,1,1,20.0,0,1
9,6,6,1,5,10.0,0,1
5,37,34,1,1,24.0,0,1
8,49,0,1,5,0.0,0,1
5,13,14,1,5,21.0,5,1
4,29,34,1,1,18.0,0,1
5,45,37,1,1,22.0,0,1
5,24,20,1,3,21.0,4,1
5,51,17,1,1,21.0,2,1
3,26,36,1,1,17.0,0,1
2,36,37,1,1,19.0,0,1
4,20,29,1,1,21.0,0,1
3,17,22,1,1,21.0,5,1
5,13,31,1,5,21.0,6,1
9,53,36,1,3,21.0,0,1
3,55,7,1,5,11.0,0,1
3,39,28,1,1,19.0,6,1
6,21,18,1,1,21.0,0,1
7,48,4,1,5,5.0,0,1
9,6,4,1,5,6.0,0,1
5,37,42,1,2,21.0,0,1
4,27,39,1,1,22.0,0,1
8,35,39,1,5,19.0,0,1
9,6,29,1,5,19.0,0,1
3,18,25,1,5,16.0,0,1
4,27,16,1,1,16.0,3,1
7,48,23,4,1,21.0,5,2
8,35,38,1,1,21.0,0,1
2,42,38,1,3,19.0,0,1
4,29,32,1,3,19.0,0,1
1,25,9,1,5,19.0,0,1
8,32,38,2,2,18.0,0,1
5,13,5,1,5,7.0,0,1
5,45,20,1,1,21.0,8,1
6,47,5,1,5,7.0,0,1
5,24,13,1,1,17.0,0,1
5,51,30,1,1,18.0,1,1
4,29,18,1,1,20.0,0,1
5,51,19,1,1,21.0,0,1
2,36,25,5,1,15.0,3,2
9,6,13,1,5,17.0,5,1
3,39,20,1,1,21.0,5,1
2,34,17,1,1,22.0,0,1
1,9,12,5,1,1.0,1,2
5,51,35,1,1,22.0,18,1
4,27,21,1,1,19.0,0,1
5,13,36,1,2,17.0,0,1
5,13,8,2,5,13.0,0,1
5,12,3,1,5,2.0,0,1
9,6,34,1,1,23.0,13,1
3,26,35,1,2,18.0,0,1
2,42,25,1,1,16.0,2,1
2,36,35,1,1,16.0,0,1
7,48,36,1,2,21.0,2,1
5,37,45,1,2,17.0,0,1
6,21,0,1,5,0.0,0,1
3,26,28,1,1,19.0,2,1
5,12,14,1,5,16.0,0,1
7,48,2,1,5,2.0,0,1
4,19,34,1,1,21.0,2,1
9,41,4,1,5,6.0,0,1
5,12,39,1,1,21.0,0,1
4,29,14,1,3,24.0,4,1
5,13,12,1,5,16.0,0,1
5,45,46,1,1,10.0,0,1
1,25,19,1,1,21.0,6,1
3,39,12,1,5,16.0,2,1
8,49,4,1,5,5.0,0,1
7,5,13,1,1,20.0,0,1
8,49,32,1,1,20.0,0,1
2,42,27,1,3,16.0,2,1
7,48,36,4,1,21.0,0,2
2,42,35,1,1,16.0,1,1
6,47,24,1,1,21.0,2,1
7,22,17,1,5,22.0,2,1
9,6,38,1,2,21.0,0,1
8,32,29,1,5,19.0,2,1
3,26,24,5,1,1.0,3,2
3,18,30,1,3,16.0,0,1
4,19,27,1,1,19.0,3,1
7,48,18,1,3,15.0,0,1
3,39,32,1,2,20.0,0,1
4,20,29,1,1,19.0,0,1
2,42,24,1,3,16.0,3,1
5,12,43,1,1,24.0,0,1
3,55,36,1,1,16.0,0,1
7,48,20,4,1,19.0,3,2
6,21,4,1,5,4.0,0,1
5,13,38,1,1,19.0,0,1
4,27,1,1,5,0.0,0,1
9,41,23,1,1,21.0,0,1
6,1,10,1,5,19.0,0,1
7,22,2,1,5,3.0,0,1
5,10,33,1,1,17.0,0,1
7,22,32,1,5,17.0,0,1
9,53,21,1,5,22.0,0,1
5,12,27,1,1,21.0,0,1
6,1,31,1,3,16.0,2,1
4,27,38,1,1,16.0,0,1
5,13,10,4,5,19.0,0,2
4,29,27,1,5,1.0,0,1
8,4,9,1,5,13.0,0,1
2,42,40,1,1,24.0,0,1
9,6,27,1,1,16.0,2,1
4,27,11,1,5,19.0,0,1
2,36,8,1,5,13.0,0,1
1,33,40,1,5,21.0,0,1
9,2,35,1,2,19.0,0,1
6,21,13,1,1,13.0,0,1
2,36,22,5,1,1.0,4,2
4,20,10,1,5,19.0,0,1
8,35,32,1,2,19.0,0,1
8,4,39,1,3,18.0,0,1
1,50,32,1,1,18.0,0,1
3,39,24,1,5,18.0,4,1
0,72,31,2,1,11.0,0,1
7,48,8,1,5,14.0,0,1
5,12,15,1,1,21.0,7,1
8,8,4,1,5,6.0,0,1
1,25,21,1,1,24.0,7,1
5,51,17,1,5,20.0,0,1
3,39,41,1,2,16.0,0,1
7,48,39,1,2,19.0,0,1
2,42,18,1,1,18.0,4,1
8,4,33,1,1,19.0,0,1
5,37,32,1,1,18.0,0,1
7,48,1,1,5,1.0,0,1
7,40,9,1,5,19.0,0,1
2,36,36,1,2,22.0,0,1
2,36,11,5,5,19.0,0,2
8,4,8,1,5,14.0,0,1
8,49,30,1,1,20.0,3,1
2,36,36,4,1,18.0,2,2
5,12,20,5,1,21.0,6,2
9,41,5,1,5,8.0,0,1
9,6,6,1,5,8.0,0,1
3,26,36,1,5,16.0,0,1
9,6,15,1,5,21.0,2,1
4,38,29,1,5,20.0,2,1
2,36,16,1,1,21.0,2,1
8,16,43,1,1,22.0,0,1
3,26,29,1,3,17.0,5,1
8,32,33,1,3,21.0,11,1
8,4,5,1,5,7.0,0,1
5,24,22,1,1,18.0,0,1
3,17,3,1,5,5.0,0,1
5,24,28,1,1,21.0,0,1
1,25,1,1,5,0.0,0,1
4,20,37,1,1,2.0,0,1
5,51,37,1,1,22.0,0,1
8,8,35,1,1,18.0,0,1
5,51,34,4,1,21.0,2,2
3,18,21,1,3,19.0,4,1
9,15,9,1,5,14.0,0,1
5,12,26,1,5,17.0,0,1
3,18,5,1,5,7.0,0,1
9,6,20,5,1,13.0,0,2
5,12,14,1,5,1.0,1,1
9,53,34,1,5,20.0,0,1
9,41,27,4,1,21.0,0,2
2,34,46,1,5,22.0,0,1
1,50,27,1,1,19.0,14,1
8,4,19,1,3,20.0,1,1
6,47,15,1,3,18.0,0,1
5,12,26,4,1,24.0,5,2
7,48,18,1,1,21.0,0,1
9,53,20,1,1,20.0,6,1
4,29,42,1,1,19.0,0,1
3,17,21,1,1,23.0,5,1
3,17,29,1,1,21.0,6,1
3,17,24,1,1,16.0,0,1
9,6,3,1,5,4.0,0,1
8,4,1,1,5,1.0,0,1
9,6,26,1,1,16.0,6,1
2,34,2,1,5,3.0,0,1
5,12,9,1,5,18.0,0,1
2,34,14,4,5,21.0,3,2
6,21,17,1,5,21.0,1,1
4,29,31,1,5,21.0,1,1
7,48,38,1,3,22.0,0,1
7,48,31,4,1,6.0,0,2
2,34,4,1,5,6.0,0,1
9,53,27,4,3,22.0,9,2
7,48,19,5,1,22.0,4,2
5,24,3,1,5,4.0,0,1
3,18,12,1,5,16.0,1,1
9,6,6,1,5,10.0,0,1
2,36,10,1,5,19.0,0,1
9,6,9,1,5,16.0,1,1
3,26,34,1,3,21.0,0,1
5,45,22,1,1,21.0,7,1
3,55,17,1,5,16.0,0,1
9,6,29,1,1,21.0,4,1
7,40,35,1,1,16.0,0,1
3,39,0,1,5,0.0,0,1
2,36,20,1,1,22.0,7,1
2,42,19,1,3,21.0,0,1
9,6,30,1,3,21.0,0,1
8,30,31,1,1,16.0,4,1
8,4,25,1,1,19.0,0,1
2,36,32,1,1,21.0,49,1
9,6,31,1,5,19.0,0,1
3,17,29,1,1,17.0,0,1
6,47,4,1,5,6.0,0,1
5,12,36,1,1,16.0,0,1
7,22,40,1,1,22.0,0,1
4,38,19,5,1,15.0,0,2
9,53,24,3,1,22.0,2,1
9,6,25,4,1,22.0,13,2
5,45,40,1,1,1.0,0,1
5,13,25,1,1,18.0,2,1
2,36,15,1,5,21.0,4,1
4,19,26,1,3,18.0,0,1
2,42,31,1,3,16.0,2,1
3,17,38,1,1,21.0,0,1
3,17,25,1,1,21.0,0,1
4,29,15,1,5,23.0,3,1
3,18,28,1,3,17.0,0,1
5,45,16,1,1,22.0,5,1
9,6,10,1,5,16.0,0,1
9,6,18,1,1,22.0,15,1
6,1,47,1,1,12.0,0,1
3,39,23,1,1,21.0,0,1
5,24,39,1,1,16.0,0,1
8,32,20,1,1,21.0,0,1
2,34,24,4,3,22.0,5,2
5,13,39,1,1,19.0,0,1
2,36,8,5,5,13.0,0,2
5,12,33,5,1,15.0,0,2
9,6,27,5,1,21.0,0,2
2,34,14,1,5,16.0,2,1
1,25,31,1,2,20.0,0,1
5,12,2,1,5,1.0,0,1
2,36,20,1,1,21.0,4,1
9,6,10,1,5,19.0,0,1
2,36,8,1,5,14.0,0,1
9,41,4,1,5,5.0,0,1
9,53,34,3,1,21.0,0,1
2,36,30,1,3,22.0,4,1
7,40,20,5,1,8.0,2,2
9,41,12,1,5,16.0,0,1
2,36,12,1,5,21.0,0,1
5,51,6,1,5,12.0,0,1
3,17,20,1,3,20.0,2,1
3,17,34,1,1,20.0,2,1
3,39,4,1,5,5.0,0,1
2,34,23,5,1,12.0,2,2
1,25,11,1,5,21.0,0,1
9,6,29,4,5,16.0,0,2
4,31,2,1,5,1.0,0,1
5,10,32,1,1,21.0,0,1
3,39,34,1,1,18.0,4,1
9,6,22,5,1,21.0,11,2
7,40,18,1,1,16.0,2,1
5,12,11,1,5,21.0,0,1
6,21,18,1,1,24.0,4,1
7,48,30,1,1,18.0,2,1
4,19,19,1,1,22.0,4,1
5,13,23,1,1,16.0,3,1
9,6,35,4,1,16.0,0,2
6,1,20,1,1,16.0,0,1
9,53,22,1,5,16.0,0,1
7,48,47,5,2,6.0,0,2
9,6,13,1,5,16.0,2,1
6,1,31,1,1,17.0,0,1
9,6,28,4,1,17.0,1,2
1,25,17,5,1,21.0,0,2
3,39,18,1,5,19.0,3,1
7,48,25,4,1,24.0,4,2
7,22,1,1,5,0.0,0,1
2,42,42,1,3,17.0,0,1
3,26,35,1,1,21.0,0,1
2,34,32,1,1,18.0,2,1
6,47,30,1,1,23.0,11,1
3,55,14,1,5,18.0,0,1
3,17,9,1,5,16.0,1,1
3,55,28,1,1,20.0,0,1
5,24,41,1,2,23.0,0,1
9,6,0,1,5,0.0,0,1
5,24,9,1,5,16.0,0,1
5,37,8,1,5,14.0,0,1
3,26,28,1,1,21.0,1,1
3,17,12,1,5,19.0,2,1
7,48,17,1,2,16.0,2,1
6,47,8,1,5,13.0,0,1
3,17,5,1,5,6.0,0,1
5,13,29,1,1,19.0,2,1
5,37,29,1,1,18.0,0,1
2,34,42,1,2,19.0,0,1
2,36,15,5,1,22.0,16,2
3,17,26,1,3,16.0,0,1
7,48,9,1,5,16.0,0,1
8,4,15,1,5,21.0,2,1
8,49,20,1,1,18.0,4,1
3,17,16,1,3,16.0,0,1
9,6,34,1,1,20.0,0,1
7,48,7,3,5,11.0,0,1
9,6,13,1,5,21.0,2,1
2,36,8,1,5,12.0,0,1
1,25,30,1,1,21.0,49,1
9,41,15,5,1,20.0,3,2
3,18,21,1,1,17.0,0,1
5,24,5,1,5,7.0,0,1
6,1,5,1,5,8.0,0,1
3,39,22,1,1,18.0,3,1
5,12,32,1,1,16.0,0,1
7,48,37,1,3,16.0,0,1
2,42,14,4,1,18.0,2,2
5,12,37,4,1,17.0,0,2
7,48,35,1,2,12.0,0,1
9,6,3,1,5,4.0,0,1
8,30,10,1,5,19.0,2,1
6,47,35,1,5,16.0,0,1
8,49,6,1,5,9.0,0,1
9,6,2,1,5,2.0,0,1
2,42,36,1,2,16.0,0,1
9,41,32,1,1,17.0,0,1
9,15,30,5,3,19.0,3,2
7,22,11,1,5,19.0,0,1
5,51,13,5,1,21.0,0,2
5,37,34,1,1,1.0,0,1
9,6,13,1,5,16.0,2,1
7,48,30,1,1,16.0,2,1
5,12,29,1,1,16.0,0,1
9,15,14,1,5,20.0,3,1
5,12,33,3,3,16.0,1,1
3,18,33,1,1,21.0,9,1
7,48,23,1,1,18.0,4,1
8,49,36,1,1,16.0,0,1
3,26,18,1,5,10.0,1,1
5,13,27,4,1,16.0,0,2
9,53,14,1,5,16.0,1,1
9,41,23,1,1,22.0,5,1
3,55,44,1,3,21.0,0,1
9,53,29,1,1,20.0,4,1
3,18,20,1,1,19.0,3,1
1,44,35,1,1,20.0,0,1
3,26,19,1,1,18.0,1,1
2,34,35,1,1,21.0,0,1
2,36,13,1,1,21.0,0,1
5,12,26,1,1,20.0,1,1
2,36,9,1,5,18.0,0,1
7,5,10,1,5,16.0,0,1
5,12,20,1,5,14.0,0,1
4,27,32,1,1,16.0,0,1
2,34,15,4,1,22.0,5,2
5,12,31,4,1,24.0,19,2
1,25,12,1,5,21.0,1,1
2,42,21,1,1,16.0,5,1
5,45,26,1,1,21.0,0,1
9,53,13,1,1,18.0,5,1
3,18,36,1,1,18.0,0,1
9,6,6,1,5,10.0,0,1
7,48,8,1,5,14.0,0,1
9,6,3,1,5,4.0,0,1
5,51,48,1,1,21.0,0,1
2,34,31,1,1,20.0,3,1
1,33,29,1,1,19.0,4,1
1,33,37,1,1,22.0,0,1
5,51,4,1,5,5.0,0,1
7,5,32,1,1,16.0,2,1
7,48,36,4,1,9.0,0,2
3,39,36,1,1,16.0,0,1
6,28,19,1,1,20.0,0,1
7,48,26,1,1,20.0,7,1
9,6,21,1,1,23.0,5,1
9,53,24,1,1,21.0,3,1
2,34,25,1,1,23.0,0,1
3,17,4,1,5,6.0,0,1
3,39,37,1,1,21.0,0,1
4,20,8,1,5,13.0,0,1
5,10,4,1,5,7.0,0,1
6,47,10,1,5,16.0,0,1
9,41,18,4,2,18.0,5,2
2,36,0,1,5,0.0,0,1
7,5,23,1,3,14.0,0,1
1,9,9,1,5,14.0,0,1
2,36,14,1,1,22.0,2,1
9,6,35,4,1,20.0,0,2
0,72,24,2,5,16.0,0,1
9,6,17,1,5,19.0,0,1
6,47,43,1,2,16.0,0,1
3,55,28,1,1,22.0,4,1
6,1,6,1,5,10.0,0,1
5,37,37,1,1,17.0,0,1
6,47,19,1,1,22.0,0,1
7,48,24,1,1,21.0,6,1
2,42,12,1,5,21.0,0,1
2,36,26,5,1,16.0,0,2
3,55,29,1,1,16.0,1,1
1,25,5,1,5,6.0,0,1
5,13,21,1,3,23.0,3,1
2,34,19,1,5,11.0,0,1
6,28,29,1,1,16.0,2,1
7,48,41,4,2,1.0,0,2
3,55,6,1,5,10.0,0,1
5,37,42,1,2,16.0,0,1
6,47,12,1,5,21.0,1,1
0,72,18,2,1,19.0,0,1
4,27,29,1,5,20.0,2,1
5,12,20,1,5,13.0,0,1
6,1,3,1,5,4.0,0,1
7,48,34,1,1,19.0,0,1
3,39,38,1,1,16.0,0,1
3,18,4,1,5,4.0,0,1
8,4,33,1,1,21.0,0,1
2,34,32,1,1,20.0,0,1
5,51,28,1,3,23.0,3,1
2,36,19,1,3,20.0,2,1
6,47,9,1,5,20.0,0,1
5,24,17,1,1,21.0,4,1
3,17,8,4,5,13.0,0,2
9,53,29,1,5,23.0,5,1
9,6,20,1,3,19.0,3,1
8,8,10,1,5,19.0,0,1
8,49,18,1,1,21.0,0,1
1,23,31,1,3,16.0,0,1
6,47,30,1,3,16.0,4,1
4,29,35,1,1,22.0,0,1
5,37,10,1,5,18.0,1,1
9,6,10,1,5,20.0,0,1
3,18,35,1,1,16.0,0,1
5,12,13,1,5,21.0,5,1
7,22,8,1,5,14.0,0,1
2,42,10,1,5,18.0,0,1
8,4,16,1,5,20.0,1,1
3,17,2,1,5,1.0,0,1
2,42,27,4,1,24.0,11,2
6,21,2,1,5,2.0,0,1
7,5,24,1,3,16.0,0,1
2,36,0,1,5,0.0,0,1
8,16,36,1,1,18.0,0,1
9,6,15,5,4,1.0,0,2
3,26,31,1,1,21.0,0,1
9,6,34,4,2,20.0,0,2
3,17,4,1,5,5.0,0,1
3,17,21,1,5,19.0,0,1
6,28,39,1,2,20.0,0,1
3,39,27,1,1,16.0,4,1
9,6,2,1,5,1.0,0,1
9,53,25,4,1,21.0,0,2
5,54,24,1,1,19.0,2,1
7,22,31,1,3,10.0,0,1
5,13,39,1,2,14.0,0,1
3,26,21,1,1,21.0,3,1
2,36,29,1,1,20.0,2,1
9,6,33,5,1,15.0,0,2
7,48,32,1,1,19.0,0,1
9,53,11,1,5,21.0,0,1
3,26,36,1,1,22.0,0,1
3,39,15,4,1,18.0,0,2
3,55,23,1,1,21.0,3,1
6,28,18,1,5,17.0,4,1
9,6,26,1,1,22.0,2,1
7,48,44,1,1,18.0,0,1
3,17,39,1,3,16.0,1,1
4,27,15,1,5,1.0,5,1
5,37,2,1,5,2.0,0,1
2,42,18,1,5,20.0,0,1
5,54,14,1,5,16.0,1,1
2,34,6,1,5,9.0,0,1
4,20,31,1,1,20.0,0,1
7,48,1,1,5,1.0,0,1
7,48,36,1,1,16.0,1,1
1,9,34,1,2,22.0,0,1
3,26,30,1,1,14.0,0,1
8,4,47,1,2,16.0,0,1
7,48,11,1,5,16.0,0,1
3,18,39,1,1,17.0,0,1
9,53,17,1,1,20.0,3,1
6,47,3,1,5,5.0,0,1
2,42,10,1,5,19.0,1,1
9,53,40,1,2,21.0,0,1
3,39,8,1,5,13.0,0,1
9,6,20,5,1,16.0,0,2
7,48,34,1,2,16.0,0,1
3,26,9,1,5,19.0,0,1
5,12,25,1,3,17.0,0,1
3,55,39,1,1,16.0,2,1
7,40,35,1,2,10.0,0,1
2,34,11,1,5,21.0,0,1
9,6,15,1,5,21.0,4,1
9,41,20,1,5,21.0,1,1
5,12,8,1,5,13.0,0,1
5,12,32,1,1,19.0,0,1
2,42,3,1,5,2.0,0,1
6,21,14,1,5,16.0,2,1
8,8,15,1,5,21.0,3,1
5,51,9,1,5,16.0,0,1
1,44,9,1,5,19.0,0,1
5,13,1,1,5,1.0,0,1
9,41,32,1,3,16.0,2,1
9,6,25,1,1,20.0,5,1
3,26,28,1,3,22.0,0,1
8,4,7,1,5,12.0,0,1
2,42,17,1,5,19.0,2,1
5,37,37,1,1,21.0,0,1
3,17,15,1,5,19.0,1,1
5,51,25,4,1,22.0,10,2
5,13,28,1,1,20.0,3,1
5,12,35,1,2,16.0,38,1
5,12,28,1,1,16.0,2,1
9,41,27,1,1,21.0,0,1
3,55,14,1,5,16.0,2,1
9,6,35,1,1,21.0,0,1
7,48,10,1,5,19.0,1,1
2,34,33,1,1,16.0,1,1
9,6,25,1,5,19.0,4,1
5,51,17,1,5,17.0,3,1
6,1,13,1,5,16.0,0,1
7,48,26,1,3,18.0,3,1
3,17,37,1,1,18.0,0,1
7,48,20,1,1,21.0,3,1
9,6,5,1,5,8.0,0,1
2,34,25,1,1,22.0,4,1
6,47,5,1,5,7.0,0,1
5,51,24,1,1,20.0,3,1
3,18,7,1,5,12.0,0,1
2,34,30,1,1,16.0,6,1
5,45,29,1,1,21.0,0,1
6,21,23,1,1,16.0,1,1
2,36,8,1,5,14.0,0,1
9,41,41,1,1,16.0,0,1
9,6,17,1,5,16.0,0,1
2,36,4,1,5,7.0,0,1
7,48,1,1,5,0.0,0,1
6,21,15,1,1,22.0,3,1
5,12,18,1,1,21.0,7,1
5,37,24,1,1,23.0,12,1
3,39,25,1,3,16.0,4,1
2,36,26,5,1,20.0,0,2
3,39,21,1,1,19.0,0,1
9,53,8,1,5,14.0,0,1
8,16,29,5,1,9.0,3,2
5,37,18,1,5,18.0,0,1
7,48,26,1,1,17.0,0,1
3,39,6,1,5,9.0,0,1
4,29,33,1,1,16.0,0,1
9,6,38,1,2,16.0,0,1
8,35,14,1,5,14.0,0,1
3,26,19,1,5,23.0,5,1
3,55,19,1,5,18.0,0,1
4,29,35,1,1,18.0,0,1
1,25,28,5,5,23.0,1,2
7,48,37,1,1,19.0,0,1
2,42,36,5,1,11.0,0,2
3,18,3,1,5,5.0,0,1
3,17,9,1,5,18.0,0,1
8,8,37,1,2,21.0,1,1
4,20,18,1,1,20.0,2,1
7,48,44,1,3,21.0,0,1
3,17,22,5,1,16.0,0,2
9,6,8,1,5,14.0,0,1
8,8,31,4,1,20.0,4,2
9,6,31,4,1,22.0,7,2
2,36,20,1,1,22.0,6,1
3,17,30,1,1,20.0,3,1
2,36,26,1,3,16.0,0,1
2,34,14,1,1,21.0,0,1
3,26,12,1,5,12.0,0,1
6,47,8,1,5,14.0,0,1
2,36,26,1,1,22.0,9,1
8,4,4,1,5,7.0,0,1
4,20,12,1,5,18.0,2,1
4,27,18,4,5,19.0,3,2
1,9,46,1,3,21.0,0,1
3,39,10,1,5,16.0,2,1
2,34,18,4,1,20.0,1,2
6,21,8,1,5,13.0,0,1
7,48,43,1,2,21.0,0,1
5,45,34,1,1,11.0,0,1
5,45,34,1,1,21.0,0,1
9,53,35,1,1,21.0,0,1
2,42,17,1,1,16.0,0,1
7,48,28,1,5,16.0,0,1
5,45,30,1,1,21.0,0,1
5,13,20,1,1,21.0,35,1
6,47,1,1,5,0.0,0,1
3,17,42,1,2,8.0,0,1
4,20,24,4,1,12.0,2,2
6,1,41,1,2,20.0,0,1
6,28,25,1,1,16.0,1,1
9,6,8,1,5,16.0,0,1
8,4,32,1,1,19.0,0,1
8,35,32,1,3,21.0,8,1
4,31,40,1,2,18.0,0,1
3,26,19,1,5,20.0,0,1
3,26,10,1,5,16.0,0,1
9,53,4,1,5,4.0,0,1
5,24,20,1,5,19.0,6,1
9,6,21,1,1,21.0,9,1
9,53,23,1,5,20.0,0,1
9,53,24,4,1,22.0,41,2
9,53,28,5,1,1.0,2,2
3,18,2,1,5,2.0,0,1
6,47,26,1,1,23.0,0,1
4,20,24,1,1,20.0,0,1
4,29,32,1,1,16.0,0,1
4,27,36,1,1,24.0,9,1
2,34,17,1,1,22.0,3,1
6,21,1,1,5,0.0,0,1
2,36,2,1,5,1.0,0,1
9,6,15,5,1,12.0,1,2
9,53,0,1,5,0.0,0,1
8,4,13,4,5,22.0,2,2
3,26,6,1,5,9.0,0,1
5,13,36,1,1,21.0,0,1
8,49,1,1,5,2.0,0,1
8,49,39,1,1,16.0,0,1
3,39,7,1,5,12.0,0,1
9,6,34,4,1,17.0,3,2
3,26,19,1,1,17.0,9,1
5,13,20,1,1,20.0,5,1
9,53,2,1,5,1.0,0,1
2,36,14,1,5,21.0,9,1
5,13,31,1,5,19.0,0,1
5,12,33,4,1,21.0,0,2
8,8,27,1,1,21.0,7,1
4,27,15,1,1,21.0,0,1
9,6,6,1,5,8.0,0,1
2,36,31,1,1,16.0,2,1
8,32,45,4,1,23.0,0,2
5,37,47,1,2,21.0,0,1
3,55,23,1,1,21.0,6,1
1,25,35,1,1,18.0,1,1
9,2,2,1,5,3.0,0,1
2,36,35,1,2,21.0,1,1
5,37,22,1,1,19.0,2,1
8,49,15,1,1,22.0,2,1
5,12,6,1,5,9.0,0,1
9,6,19,1,5,16.0,2,1
5,37,37,1,1,19.0,0,1
3,39,38,1,2,17.0,0,1
2,34,8,1,5,14.0,0,1
3,39,14,1,5,18.0,1,1
4,29,14,1,1,17.0,2,1
3,55,18,1,5,16.0,6,1
9,6,21,2,1,20.0,0,1
9,6,8,1,5,14.0,0,1
7,48,29,1,5,16.0,3,1
5,12,35,1,3,18.0,0,1
7,5,26,1,1,18.0,1,1
9,6,30,1,1,22.0,45,1
6,47,16,4,3,19.0,0,2
5,51,31,1,3,18.0,1,1
7,48,8,1,5,15.0,0,1
2,36,22,1,1,22.0,2,1
5,37,11,1,5,16.0,1,1
5,45,3,1,5,3.0,0,1
5,12,25,1,1,21.0,2,1
9,6,3,5,5,4.0,0,2
2,36,31,4,3,20.0,4,2
7,48,33,1,1,21.0,2,1
8,49,9,1,5,15.0,0,1
7,48,47,1,2,19.0,0,1
7,40,36,1,2,19.0,0,1
5,45,9,1,5,18.0,0,1
7,48,24,4,1,16.0,0,2
8,4,36,1,1,24.0,6,1
4,20,15,1,5,18.0,2,1
7,48,8,1,5,14.0,0,1
7,48,32,1,1,21.0,35,1
1,9,12,1,5,18.0,5,1
5,12,30,1,1,16.0,0,1
7,22,40,1,1,16.0,1,1
8,8,25,1,1,19.0,0,1
2,42,19,5,1,21.0,10,2
5,13,12,1,5,16.0,2,1
1,25,11,1,5,21.0,0,1
5,37,41,1,2,18.0,0,1
5,37,36,1,2,1.0,0,1
6,28,24,1,5,22.0,7,1
5,12,36,1,1,22.0,0,1
3,17,20,1,1,21.0,7,1
9,6,21,1,5,14.0,0,1
6,1,39,1,1,21.0,0,1
9,6,16,5,4,18.0,0,2
2,36,10,1,5,19.0,4,1
5,12,22,1,5,15.0,0,1
2,42,7,1,5,11.0,0,1
9,6,21,1,5,22.0,9,1
9,6,14,1,5,21.0,7,1
5,24,23,1,1,16.0,4,1
7,48,5,1,5,8.0,0,1
3,39,28,1,5,21.0,2,1
1,25,41,1,2,16.0,0,1
2,42,42,1,2,16.0,0,1
4,19,32,1,1,19.0,0,1
1,25,9,1,5,19.0,0,1
9,53,11,1,5,21.0,0,1
5,37,34,1,1,21.0,0,1
4,27,9,1,5,16.0,1,1
3,26,27,1,5,21.0,4,1
5,24,11,5,5,19.0,0,2
2,36,18,1,1,22.0,3,1
3,26,9,1,5,19.0,0,1
7,48,15,1,5,17.0,1,1
3,39,17,1,1,20.0,0,1
5,37,32,1,1,16.0,0,1
7,48,32,4,1,19.0,1,2
5,37,26,1,1,19.0,0,1
7,48,29,1,1,21.0,0,1
7,40,3,1,5,3.0,0,1
9,6,24,4,1,21.0,5,2
4,27,31,1,1,21.0,2,1
2,36,2,1,5,1.0,0,1
1,44,39,1,3,16.0,0,1
2,42,3,1,5,3.0,0,1
2,42,0,1,5,0.0,0,1
2,42,6,1,5,9.0,0,1
9,6,37,1,2,18.0,0,1
2,36,11,1,5,21.0,1,1
1,9,14,1,5,19.0,0,1
2,36,3,1,5,4.0,0,1
5,54,37,1,3,20.0,0,1
9,6,36,1,1,19.0,0,1
2,42,28,1,5,16.0,0,1
7,22,42,1,2,16.0,0,1
5,37,3,1,5,3.0,0,1
8,4,8,1,5,12.0,0,1
4,29,34,1,2,13.0,0,1
2,42,19,1,3,16.0,0,1
9,6,31,1,1,19.0,3,1
2,42,10,1,5,19.0,0,1
5,45,29,1,1,16.0,1,1
7,22,29,1,3,19.0,2,1
7,48,27,1,1,14.0,2,1
9,6,11,1,5,21.0,0,1
3,18,48,1,2,12.0,0,1
7,48,19,5,1,21.0,0,2
4,27,24,1,5,20.0,0,1
5,12,22,1,1,21.0,3,1
3,39,15,1,4,17.0,0,1
7,48,3,1,5,3.0,0,1
2,36,45,1,1,16.0,0,1
3,39,1,1,5,0.0,0,1
9,41,35,4,3,16.0,0,2
6,1,35,1,3,22.0,0,1
7,48,47,4,2,7.0,0,2
3,18,23,1,1,20.0,3,1
3,18,30,1,5,17.0,0,1
9,6,41,1,2,16.0,0,1
3,39,21,1,5,21.0,8,1
9,53,25,4,1,22.0,41,2
9,6,8,1,5,13.0,0,1
2,36,9,1,5,19.0,0,1
9,6,15,1,1,23.0,4,1
5,51,19,1,1,22.0,5,1
2,36,17,1,5,16.0,4,1
3,17,36,1,2,18.0,0,1
3,26,29,1,1,18.0,4,1
5,12,36,1,1,22.0,0,1
3,39,14,1,1,21.0,11,1
3,39,35,1,1,16.0,0,1
9,6,32,1,1,21.0,15,1
4,27,26,4,1,20.0,1,2
7,22,30,1,1,11.0,0,1
9,6,1,1,5,1.0,0,1
7,48,1,1,5,0.0,0,1
5,24,16,1,5,16.0,0,1
8,8,23,1,1,19.0,2,1
5,45,8,1,5,13.0,0,1
6,1,27,1,1,16.0,2,1
1,25,42,1,1,16.0,0,1
5,51,23,1,3,16.0,3,1
5,13,13,1,5,19.0,2,1
2,36,34,2,2,16.0,0,1
8,8,36,1,1,21.0,0,1
2,36,37,1,5,21.0,0,1
9,6,22,4,1,22.0,45,2
7,48,23,1,1,22.0,3,1
3,17,21,5,5,16.0,0,2
4,29,24,1,1,16.0,0,1
7,5,0,1,5,0.0,0,1
6,1,26,1,1,22.0,1,1
3,55,15,1,5,23.0,4,1
9,53,23,1,5,22.0,7,1
9,6,22,5,5,16.0,2,2
2,42,10,1,5,19.0,0,1
3,39,22,1,1,22.0,15,1
4,29,32,1,3,16.0,0,1
5,13,10,1,5,16.0,1,1
9,6,10,1,5,19.0,0,1
5,54,21,1,3,10.0,0,1
1,9,6,1,5,10.0,0,1
3,55,7,1,5,11.0,0,1
3,55,45,1,2,16.0,0,1
8,32,39,1,2,21.0,0,1
9,6,25,1,1,21.0,22,1
3,26,23,1,3,17.0,1,1
7,48,35,1,1,19.0,0,1
2,36,12,1,5,16.0,2,1
5,54,28,1,1,20.0,3,1
3,39,1,1,5,0.0,0,1
5,13,6,5,5,8.0,0,2
5,13,27,1,3,22.0,6,1
8,8,3,1,5,3.0,0,1
2,36,13,1,5,22.0,1,1
3,55,14,1,5,16.0,1,1
9,6,26,1,1,21.0,0,1
2,42,35,1,1,16.0,0,1
2,36,28,1,5,18.0,1,1
3,39,15,1,1,21.0,3,1
3,17,33,1,1,15.0,0,1
2,42,36,1,3,20.0,4,1
9,6,31,4,3,21.0,0,2
7,48,2,1,5,1.0,0,1
5,37,28,1,1,22.0,4,1
8,4,15,1,3,16.0,3,1
5,12,29,1,4,17.0,6,1
0,72,31,2,1,21.0,3,1
5,12,3,1,5,1.0,0,1
1,23,39,4,1,23.0,0,2
8,35,30,1,1,16.0,0,1
9,6,33,5,1,21.0,0,2
5,12,36,4,2,19.0,0,2
7,40,0,1,5,0.0,0,1
3,39,41,1,2,21.0,0,1
3,55,38,1,1,22.0,0,1
7,48,27,1,1,19.0,0,1
3,18,36,1,2,16.0,0,1
5,13,4,1,5,5.0,0,1
1,9,28,1,3,20.0,2,1
9,6,20,1,5,20.0,2,1
6,28,13,1,5,20.0,0,1
9,6,40,1,3,19.0,0,1
9,6,17,1,5,18.0,0,1
5,45,25,4,1,17.0,0,2
9,6,0,1,5,0.0,0,1
9,6,20,4,4,1.0,0,2
7,48,5,1,5,8.0,0,1
7,48,28,1,1,16.0,0,1
8,8,2,1,5,3.0,0,1
7,22,28,1,5,21.0,3,1
8,8,27,4,3,21.0,0,2
6,47,39,1,1,16.0,0,1
7,22,19,1,5,19.0,0,1
8,4,17,1,5,16.0,2,1
6,1,14,1,5,16.0,0,1
5,45,34,1,1,16.0,0,1
2,36,31,1,1,16.0,2,1
1,25,45,1,2,16.0,0,1
2,36,35,1,5,19.0,1,1
9,6,35,1,5,16.0,2,1
7,48,15,1,5,20.0,0,1
7,48,25,1,1,19.0,3,1
3,26,29,1,3,21.0,4,1
3,39,30,1,5,18.0,2,1
9,6,44,1,2,18.0,0,1
3,18,18,1,5,17.0,0,1
2,42,27,1,1,16.0,3,1
3,17,34,1,1,20.0,1,1
5,12,8,1,5,13.0,0,1
9,6,30,1,3,21.0,6,1
3,26,4,1,5,4.0,0,1
3,26,1,1,5,2.0,0,1
3,18,11,1,5,19.0,0,1
2,34,42,1,2,24.0,0,1
9,6,44,5,1,16.0,0,2
5,13,28,1,1,14.0,0,1
5,24,2,1,5,2.0,0,1
5,45,0,1,5,0.0,0,1
8,4,10,1,5,19.0,1,1
7,48,42,1,2,21.0,0,1
1,23,36,1,1,21.0,0,1
5,51,23,5,1,21.0,0,2
1,25,11,1,5,17.0,0,1
7,48,10,1,5,20.0,0,1
8,8,41,4,2,21.0,0,2
2,36,45,5,1,8.0,0,2
7,48,28,1,3,21.0,7,1
2,42,5,1,5,7.0,0,1
9,6,38,1,1,13.0,0,1
4,29,34,1,3,15.0,1,1
8,4,40,1,2,14.0,0,1
5,12,29,1,1,12.0,0,1
2,36,32,1,3,16.0,0,1
1,25,34,4,1,21.0,0,2
9,6,24,1,5,16.0,0,1
9,6,36,5,1,1.0,0,2
8,49,10,1,5,19.0,1,1
5,51,28,1,3,16.0,0,1
2,36,34,5,4,9.0,0,2
2,36,7,1,5,12.0,0,1
3,39,10,1,5,19.0,0,1
9,6,7,1,5,11.0,0,1
3,55,10,1,5,19.0,0,1
4,29,34,1,1,7.0,0,1
8,8,26,1,1,21.0,0,1
1,33,30,1,1,16.0,0,1
2,36,7,1,5,11.0,0,1
8,30,20,3,1,21.0,5,1
3,17,25,1,1,16.0,2,1
2,36,45,1,2,18.0,0,1
3,55,22,1,1,21.0,0,1
5,37,23,1,1,21.0,2,1
6,1,29,1,1,18.0,4,1
2,36,34,1,1,21.0,0,1
5,12,20,1,1,21.0,3,1
5,13,36,1,1,20.0,2,1
9,6,3,1,5,3.0,0,1
4,19,25,1,5,16.0,0,1
9,41,35,1,3,21.0,0,1
6,28,35,1,5,22.0,4,1
1,25,7,1,5,11.0,0,1
4,19,12,1,5,21.0,1,1
9,6,30,4,1,18.0,0,2
4,29,7,1,5,10.0,0,1
5,51,3,1,5,2.0,0,1
5,51,21,1,1,20.0,4,1
9,53,35,1,2,22.0,0,1
9,6,30,4,1,1.0,0,2
1,9,24,4,1,16.0,0,2
4,20,29,1,1,19.0,0,1
5,13,23,1,4,16.0,0,1
5,37,11,1,5,18.0,2,1
2,36,45,1,2,16.0,0,1
9,53,38,1,1,21.0,0,1
2,34,17,1,5,21.0,6,1
8,56,32,1,1,16.0,3,1
2,42,48,1,2,16.0,0,1
7,48,32,5,3,1.0,0,2
3,17,38,1,1,19.0,0,1
8,4,7,1,5,11.0,0,1
6,47,16,1,1,16.0,0,1
4,19,35,1,1,16.0,0,1
3,17,35,1,3,17.0,4,1
7,48,17,1,5,21.0,6,1
5,13,26,1,1,16.0,4,1
7,48,16,1,5,16.0,3,1
8,4,10,1,5,16.0,2,1
3,26,34,1,1,22.0,0,1
8,4,32,1,3,15.0,1,1
7,5,15,1,1,18.0,3,1
6,47,26,1,5,18.0,1,1
2,42,32,1,1,21.0,0,1
2,36,34,1,4,22.0,0,1
9,6,15,1,5,19.0,5,1
5,54,36,1,1,16.0,0,1
5,37,41,1,1,21.0,0,1
4,29,43,1,2,16.0,0,1
5,51,28,1,1,16.0,0,1
4,27,9,1,5,16.0,0,1
5,13,5,1,5,7.0,0,1
7,48,23,5,1,1.0,0,2
2,34,31,1,1,19.0,2,1
6,47,38,1,2,19.0,0,1
7,22,9,1,5,14.0,0,1
9,6,27,1,4,21.0,6,1
3,26,10,1,5,19.0,0,1
7,48,30,1,1,21.0,7,1
9,6,14,3,5,21.0,0,1
5,12,1,1,5,0.0,0,1
3,39,29,1,1,19.0,7,1
9,6,15,1,1,21.0,5,1
5,13,37,1,2,16.0,0,1
7,40,19,1,1,21.0,2,1
8,8,26,1,1,21.0,6,1
5,12,42,1,1,21.0,0,1
2,34,29,1,1,13.0,0,1
7,48,21,1,4,21.0,4,1
5,24,24,1,1,17.0,0,1
4,27,25,1,1,19.0,2,1
5,12,33,1,1,16.0,0,1
4,31,48,1,2,16.0,0,1
9,6,11,1,5,19.0,0,1
3,55,2,1,5,1.0,0,1
3,26,19,1,5,16.0,2,1
7,48,33,1,1,21.0,0,1
9,6,15,1,5,21.0,1,1
3,39,19,1,5,18.0,6,1
4,29,42,1,1,18.0,0,1
3,17,11,1,5,19.0,0,1
4,19,26,1,3,20.0,7,1
5,10,39,1,1,19.0,0,1
5,45,34,1,1,16.0,0,1
5,24,27,1,3,20.0,2,1
7,48,21,5,5,19.0,0,2
2,34,29,1,1,21.0,2,1
3,17,32,1,3,16.0,0,1
2,42,17,1,1,21.0,0,1
7,48,21,5,5,22.0,10,2
5,45,32,1,2,16.0,0,1
3,17,21,1,3,22.0,6,1
2,42,29,1,1,23.0,9,1
9,6,14,1,5,23.0,2,1
0,72,12,2,5,20.0,1,1
6,28,18,5,1,21.0,2,2
9,6,28,5,1,16.0,3,2
5,13,4,1,5,6.0,0,1
3,55,43,1,1,16.0,0,1
9,6,28,1,1,16.0,0,1
7,48,39,1,3,1.0,0,1
9,6,14,5,1,24.0,9,2
8,16,16,1,3,16.0,0,1
3,17,19,1,1,16.0,0,1
5,51,4,1,5,4.0,0,1
2,36,24,5,4,19.0,2,2
3,17,33,1,5,16.0,0,1
5,12,30,1,1,20.0,0,1
3,55,48,4,2,21.0,0,2
1,25,16,1,5,20.0,3,1
7,48,4,5,5,5.0,0,2
3,26,7,1,5,12.0,0,1
3,39,42,1,3,16.0,0,1
7,48,2,1,5,3.0,0,1
9,6,31,1,1,18.0,0,1
9,6,40,5,3,6.0,0,2
9,6,42,1,3,16.0,0,1
2,34,3,1,5,1.0,0,1
8,4,7,1,5,12.0,0,1
4,29,3,1,5,3.0,0,1
9,6,46,4,1,16.0,0,2
3,17,41,1,1,16.0,0,1
1,25,37,4,4,16.0,2,2
7,48,25,4,1,16.0,0,2
9,6,15,1,5,16.0,3,1
9,53,17,1,1,22.0,4,1
7,48,31,1,1,14.0,0,1
5,12,38,1,3,16.0,0,1
1,25,37,4,5,21.0,0,2
2,36,0,1,5,0.0,0,1
5,37,23,1,1,21.0,13,1
9,6,17,1,5,21.0,0,1
5,24,7,1,5,11.0,0,1
2,34,37,1,1,21.0,0,1
5,12,37,1,1,18.0,0,1
9,6,38,4,1,9.0,0,2
7,48,6,1,5,9.0,0,1
9,6,6,1,5,10.0,0,1
9,53,43,1,3,16.0,0,1
7,48,31,1,3,14.0,0,1
5,37,9,1,5,18.0,0,1
9,6,41,4,1,1.0,0,2
4,27,23,1,1,21.0,3,1
7,48,20,1,5,16.0,4,1
4,27,14,5,5,21.0,0,2
2,36,30,1,1,21.0,3,1
2,36,37,1,5,17.0,0,1
3,17,36,1,1,21.0,0,1
5,12,21,1,1,20.0,2,1
5,45,33,1,1,19.0,0,1
8,4,4,1,5,7.0,0,1
2,36,3,1,5,4.0,0,1
8,49,10,1,5,16.0,1,1
5,37,23,1,5,22.0,9,1
3,39,1,1,5,0.0,0,1
9,6,29,4,1,20.0,1,2
2,34,34,1,5,16.0,0,1
2,34,8,1,5,14.0,0,1
5,12,14,4,5,21.0,1,2
5,12,14,1,5,21.0,3,1
9,53,6,1,5,10.0,0,1
9,6,6,1,5,10.0,0,1
3,55,35,1,1,16.0,0,1
5,37,17,1,1,17.0,3,1
2,36,33,4,1,11.0,0,2
7,48,23,5,1,1.0,0,2
4,29,2,1,5,2.0,0,1
9,6,9,1,5,14.0,0,1
8,49,0,1,5,0.0,0,1
2,36,14,1,1,20.0,2,1
2,42,32,1,1,18.0,2,1
3,26,30,1,1,16.0,4,1
2,36,34,1,5,16.0,0,1
5,37,34,1,3,17.0,0,1
7,5,8,1,5,12.0,0,1
3,39,32,1,3,17.0,0,1
1,25,12,1,5,21.0,1,1
7,48,15,1,5,23.0,4,1
3,26,10,1,5,19.0,0,1
9,6,18,5,1,21.0,0,2
1,25,39,5,2,8.0,0,2
3,17,34,1,1,16.0,8,1
8,8,10,1,5,19.0,0,1
2,36,19,1,3,21.0,0,1
5,12,6,1,5,10.0,0,1
9,6,9,1,5,19.0,0,1
2,42,12,1,5,21.0,0,1
1,9,39,1,3,16.0,0,1
8,49,13,1,1,22.0,3,1
5,12,12,1,5,20.0,1,1
9,6,6,1,5,10.0,0,1
8,4,9,1,5,14.0,0,1
6,47,9,5,5,16.0,1,2
1,9,28,1,1,23.0,10,1
5,12,10,1,5,16.0,0,1
5,54,27,1,5,16.0,1,1
2,42,14,1,1,16.0,0,1
2,36,30,1,1,15.0,3,1
7,48,20,1,1,22.0,2,1
9,6,16,1,5,19.0,0,1
9,6,26,5,1,16.0,1,2
2,36,23,1,5,16.0,0,1
9,6,6,1,5,10.0,0,1
9,6,21,1,1,22.0,0,1
1,25,37,1,3,16.0,0,1
3,18,13,1,5,16.0,3,1
5,13,9,1,5,19.0,0,1
3,55,31,1,1,13.0,0,1
3,39,13,1,5,18.0,2,1
7,48,19,1,1,22.0,5,1
5,51,21,1,1,23.0,0,1
2,36,9,1,5,19.0,0,1
8,32,27,4,1,18.0,4,2
8,32,37,1,1,22.0,0,1
8,4,35,1,1,22.0,0,1
5,37,31,5,5,5.0,2,2
3,17,29,1,5,15.0,2,1
6,21,38,1,1,16.0,0,1
9,6,19,1,1,21.0,3,1
7,48,4,1,5,6.0,0,1
3,18,28,1,1,16.0,0,1
4,31,32,1,1,16.0,2,1
3,18,2,1,5,1.0,0,1
5,12,27,4,1,24.0,7,2
3,17,34,1,3,16.0,3,1
3,26,9,3,5,16.0,0,1
7,48,35,4,2,20.0,0,2
3,18,3,4,5,3.0,0,2
3,39,33,1,2,16.0,0,1
9,6,36,1,1,17.0,0,1
5,45,21,1,1,19.0,0,1
4,19,43,4,1,1.0,0,2
3,18,21,1,1,20.0,2,1
7,5,28,1,3,17.0,0,1
1,25,13,1,5,18.0,0,1
3,55,38,1,1,22.0,0,1
2,42,32,1,1,16.0,4,1
5,45,31,1,5,13.0,0,1
3,17,5,1,5,8.0,0,1
5,13,35,1,3,17.0,0,1
9,6,39,1,1,19.0,0,1
3,39,38,1,1,8.0,0,1
2,34,10,4,5,19.0,0,2
8,32,37,1,3,21.0,0,1
1,23,7,1,5,12.0,0,1
9,6,21,1,1,19.0,5,1
9,6,9,1,5,18.0,1,1
5,12,10,1,5,20.0,1,1
6,1,13,1,1,20.0,2,1
9,53,36,1,1,21.0,0,1
5,12,0,1,5,0.0,0,1
3,17,10,1,5,18.0,0,1
5,12,5,1,5,7.0,0,1
6,1,32,1,1,19.0,5,1
0,72,29,1,3,21.0,0,1
5,13,41,1,1,19.0,0,1
1,23,28,1,1,21.0,18,1
5,24,29,1,2,19.0,0,1
2,34,23,1,1,21.0,2,1
2,36,28,1,1,13.0,1,1
8,4,5,1,5,6.0,0,1
4,38,29,1,1,20.0,0,1
4,19,10,1,5,18.0,2,1
7,40,17,1,1,19.0,1,1
9,6,18,4,1,16.0,0,2
3,26,17,1,1,21.0,3,1
5,13,17,1,1,21.0,0,1
5,51,23,1,1,21.0,7,1
6,47,26,1,1,16.0,1,1
9,6,11,1,5,21.0,0,1
7,48,2,1,5,2.0,0,1
9,53,31,1,5,16.0,0,1
2,36,19,1,1,17.0,2,1
2,36,9,1,5,18.0,0,1
2,36,37,1,1,21.0,0,1
5,24,23,1,5,22.0,6,1
5,51,24,4,1,22.0,11,2
2,42,11,4,5,17.0,0,2
3,39,1,1,5,0.0,0,1
3,39,15,1,5,19.0,0,1
4,19,31,1,5,19.0,0,1
7,5,6,1,5,8.0,0,1
3,26,27,1,1,21.0,3,1
7,5,27,1,1,18.0,4,1
4,27,31,1,1,21.0,10,1
3,39,5,1,5,7.0,0,1
9,6,35,4,1,21.0,0,2
9,41,17,1,3,21.0,3,1
5,24,17,1,1,21.0,4,1
6,47,5,1,5,7.0,0,1
7,48,3,1,5,4.0,0,1
5,51,43,1,2,10.0,0,1
5,13,14,5,1,16.0,0,2
5,13,19,1,1,21.0,6,1
2,34,25,1,1,22.0,46,1
7,48,24,1,1,21.0,3,1
4,19,6,1,5,10.0,0,1
6,47,9,1,5,15.0,0,1
9,6,11,1,5,20.0,0,1
5,51,7,1,5,11.0,0,1
5,37,18,1,1,19.0,0,1
2,34,4,1,5,6.0,0,1
3,17,3,1,5,4.0,0,1
3,26,25,1,1,21.0,8,1
3,39,4,1,5,5.0,0,1
5,37,32,1,1,20.0,0,1
2,42,36,1,1,16.0,0,1
9,6,31,4,1,6.0,0,2
6,21,20,1,1,16.0,1,1
4,19,16,1,5,16.0,0,1
7,48,26,4,1,21.0,3,2
5,12,32,1,3,16.0,2,1
2,36,29,1,1,17.0,1,1
5,12,42,1,2,20.0,0,1
9,6,13,1,5,21.0,1,1
7,48,4,1,5,5.0,0,1
0,72,9,2,5,16.0,0,1
7,40,6,1,5,8.0,0,1
2,36,18,1,5,21.0,3,1
1,25,6,1,5,9.0,0,1
7,5,35,1,1,22.0,27,1
8,16,9,1,5,16.0,0,1
7,48,12,1,5,16.0,2,1
8,4,21,1,5,14.0,0,1
9,6,3,1,5,2.0,0,1
3,17,36,4,1,13.0,0,2
3,17,14,5,1,18.0,0,2
9,6,9,1,5,18.0,2,1
3,55,30,1,1,21.0,0,1
9,6,34,4,1,20.0,1,2
6,21,2,1,5,1.0,0,1
5,37,38,1,1,22.0,0,1
2,36,10,1,5,20.0,1,1
0,72,21,2,1,16.0,0,1
7,48,47,1,2,21.0,0,1
5,12,36,1,2,19.0,0,1
2,42,9,1,5,16.0,1,1
5,51,41,1,1,23.0,0,1
6,1,24,1,5,15.0,0,1
9,6,21,1,5,11.0,0,1
1,25,28,1,1,22.0,0,1
8,8,31,1,5,11.0,0,1
6,21,30,1,1,16.0,3,1
4,20,27,1,1,22.0,0,1
8,8,12,1,5,19.0,2,1
5,37,7,1,5,11.0,0,1
5,13,7,1,5,11.0,0,1
5,37,30,1,1,19.0,0,1
2,34,37,1,1,16.0,4,1
3,17,39,1,1,19.0,0,1
0,72,28,2,5,18.0,2,1
4,27,19,4,1,21.0,4,2
7,22,32,1,5,12.0,0,1
7,40,6,1,5,9.0,0,1
4,31,39,1,1,22.0,0,1
3,26,30,1,3,20.0,11,1
9,6,12,1,5,22.0,4,1
2,42,28,1,3,16.0,0,1
6,47,7,1,5,11.0,0,1
2,36,22,1,1,17.0,0,1
5,12,24,1,1,21.0,3,1
3,39,36,1,1,18.0,0,1
9,15,23,1,1,21.0,6,1
9,6,9,5,5,19.0,0,2
9,53,2,1,5,1.0,0,1
5,13,25,1,3,11.0,3,1
9,41,23,1,5,16.0,6,1
8,16,34,1,1,16.0,0,1
3,26,14,1,5,21.0,4,1
5,12,26,1,1,19.0,0,1
5,12,27,1,1,18.0,4,1
3,26,38,1,1,19.0,0,1
9,6,19,1,1,22.0,0,1
4,38,15,1,1,18.0,2,1
9,6,18,1,1,21.0,1,1
3,26,37,1,1,22.0,0,1
3,26,29,1,5,19.0,0,1
9,6,33,1,3,24.0,45,1
2,36,15,1,5,20.0,3,1
1,25,22,1,1,22.0,6,1
5,12,6,1,5,9.0,0,1
7,48,47,1,2,16.0,0,1
3,26,25,1,5,16.0,2,1
1,33,19,1,5,12.0,0,1
6,28,33,1,1,17.0,0,1
5,37,34,1,1,15.0,0,1
2,36,1,1,5,2.0,0,1
9,6,21,1,4,21.0,6,1
5,13,5,1,5,7.0,0,1
5,51,12,1,5,16.0,3,1
7,48,27,1,5,21.0,4,1
9,6,36,1,1,16.0,0,1
2,34,17,1,1,22.0,6,1
4,31,8,1,5,12.0,0,1
9,6,37,5,1,1.0,0,2
3,18,2,1,5,3.0,0,1
6,21,10,1,5,19.0,0,1
5,13,26,4,1,15.0,6,2
8,56,15,4,1,20.0,1,2
4,31,14,1,5,16.0,0,1
2,34,32,1,1,22.0,6,1
5,12,11,1,5,19.0,1,1
4,20,42,1,2,16.0,0,1
2,36,18,4,1,21.0,4,2
1,50,35,1,1,16.0,1,1
9,6,40,1,3,20.0,0,1
5,12,39,1,3,22.0,0,1
1,25,34,1,1,19.0,6,1
9,6,22,4,1,22.0,7,2
5,12,39,1,3,20.0,0,1
2,36,13,4,5,22.0,2,2
7,48,24,1,5,21.0,2,1
7,48,24,5,1,14.0,3,2
2,42,23,1,5,21.0,8,1
3,39,40,1,3,19.0,0,1
4,29,30,1,1,16.0,1,1
3,39,32,1,1,18.0,0,1
2,36,28,1,1,20.0,0,1
3,26,13,1,5,21.0,4,1
1,25,2,1,5,1.0,0,1
2,36,9,5,5,18.0,0,2
2,36,26,1,5,13.0,1,1
5,12,5,1,5,7.0,0,1
3,39,6,1,5,8.0,0,1
2,36,29,1,1,20.0,2,1
7,48,32,1,4,16.0,0,1
7,22,39,1,2,16.0,0,1
5,51,30,1,1,19.0,3,1
1,25,18,1,1,21.0,7,1
8,49,3,1,5,3.0,0,1
1,9,29,5,1,11.0,2,2
3,17,4,1,5,5.0,0,1
9,15,26,4,1,23.0,0,2
3,39,21,1,1,17.0,0,1
9,6,6,1,5,10.0,0,1
3,55,27,1,5,21.0,6,1
9,6,11,1,5,21.0,0,1
1,9,27,5,1,22.0,49,2
0,72,35,2,5,16.0,0,1
5,12,38,1,3,19.0,0,1
4,19,41,1,2,17.0,0,1
9,6,39,1,3,21.0,0,1
2,34,19,1,1,21.0,4,1
7,22,28,4,3,19.0,0,2
5,37,33,1,2,19.0,0,1
3,18,18,1,3,22.0,6,1
5,12,17,5,1,22.0,3,2
3,18,35,1,3,19.0,0,1
7,48,20,1,1,19.0,1,1
7,48,1,1,5,0.0,0,1
5,12,31,1,1,22.0,0,1
7,48,32,1,5,16.0,0,1
5,37,0,1,5,0.0,0,1
4,27,33,1,1,20.0,0,1
3,26,36,1,1,16.0,0,1
5,12,41,1,1,23.0,0,1
9,6,21,1,1,22.0,7,1
8,30,8,1,5,12.0,0,1
6,21,19,1,1,22.0,3,1
2,36,9,1,5,19.0,0,1
3,26,8,1,5,12.0,0,1
0,72,3,2,5,4.0,0,1
5,51,14,5,5,16.0,2,2
8,16,16,1,5,21.0,3,1
5,12,35,1,1,21.0,0,1
6,47,13,1,5,16.0,0,1
5,37,35,1,1,18.0,3,1
5,37,19,1,3,21.0,3,1
6,1,32,1,4,16.0,0,1
3,17,10,1,5,19.0,0,1
2,36,32,1,1,21.0,10,1
4,19,48,1,2,19.0,0,1
7,40,30,1,3,19.0,0,1
5,12,33,1,1,20.0,0,1
9,6,38,4,1,12.0,0,2
5,37,29,1,2,16.0,0,1
5,54,26,1,3,18.0,0,1
9,53,11,3,5,22.0,0,1
5,45,34,4,1,18.0,1,2
4,29,11,1,5,16.0,0,1
6,47,11,1,1,19.0,0,1
9,41,4,1,5,6.0,0,1
5,12,30,1,1,21.0,0,1
9,6,15,3,3,19.0,0,1
7,48,41,1,2,21.0,0,1
7,48,8,4,5,14.0,0,2
6,21,31,1,3,19.0,0,1
9,6,28,4,1,16.0,6,2
3,26,26,1,1,19.0,3,1
2,36,36,1,1,16.0,0,1
8,49,11,1,5,21.0,0,1
4,20,27,1,3,19.0,2,1
9,53,35,1,5,20.0,0,1
2,42,14,1,5,22.0,0,1
5,12,31,4,1,21.0,0,2
1,25,13,2,5,21.0,1,1
5,24,36,1,1,22.0,0,1
2,42,33,1,1,17.0,0,1
1,23,10,1,5,16.0,1,1
1,25,8,1,5,14.0,0,1
3,17,35,1,5,22.0,0,1
9,41,14,1,5,21.0,0,1
2,36,25,1,5,22.0,5,1
4,38,23,1,3,21.0,7,1
5,24,4,1,5,6.0,0,1
4,20,1,1,5,1.0,0,1
7,40,41,1,1,19.0,0,1
9,41,5,1,5,7.0,0,1
3,17,35,4,1,1.0,0,2
9,53,1,1,5,1.0,0,1
6,1,38,1,1,21.0,0,1
2,36,39,1,1,15.0,0,1
6,47,10,1,5,19.0,0,1
3,39,23,1,1,21.0,2,1
7,48,25,1,1,22.0,0,1
5,13,5,1,5,7.0,0,1
2,36,5,1,5,7.0,0,1
6,21,2,1,5,1.0,0,1
9,6,9,1,5,18.0,0,1
5,51,32,3,1,18.0,38,1
3,18,23,1,1,19.0,5,1
8,49,26,1,2,17.0,1,1
9,6,13,5,5,16.0,2,2
1,25,3,1,5,3.0,0,1
5,54,1,1,5,1.0,0,1
7,48,31,1,1,16.0,2,1
3,39,21,1,1,21.0,10,1
7,22,26,1,5,11.0,5,1
2,42,37,1,3,22.0,0,1
5,12,35,1,1,16.0,0,1
3,26,26,1,5,21.0,0,1
3,17,39,1,1,16.0,0,1
2,42,0,1,5,0.0,0,1
9,53,19,1,1,17.0,1,1
7,5,37,1,2,18.0,0,1
9,6,7,4,5,11.0,0,2
2,36,25,4,1,16.0,1,2
3,17,12,1,5,19.0,2,1
5,12,6,1,5,9.0,0,1
9,6,2,1,5,2.0,0,1
9,6,29,4,1,21.0,2,2
2,36,12,5,5,21.0,0,2
5,13,23,1,3,20.0,0,1
3,17,24,1,1,16.0,3,1
7,48,29,1,3,1.0,2,1
2,36,3,5,5,6.0,0,2
3,17,12,1,5,21.0,1,1
8,8,22,5,1,24.0,9,2
5,13,22,1,1,19.0,2,1
3,39,39,1,1,16.0,0,1
8,8,31,1,1,21.0,0,1
3,17,31,1,1,19.0,0,1
5,12,24,2,1,22.0,6,1
9,6,31,5,5,21.0,0,2
9,6,9,1,5,14.0,0,1
5,12,44,1,2,16.0,0,1
5,13,35,1,1,16.0,1,1
5,12,40,1,2,16.0,0,1
3,18,5,1,5,7.0,0,1
2,36,27,4,1,24.0,8,2
5,13,31,5,5,9.0,3,2
7,40,9,1,5,16.0,1,1
8,56,35,1,1,16.0,0,1
5,45,3,1,5,4.0,0,1
9,6,13,1,5,16.0,1,1
3,55,2,1,5,1.0,0,1
5,51,0,1,5,0.0,0,1
7,48,15,5,1,18.0,0,2
1,25,26,1,1,22.0,5,1
2,34,26,5,1,21.0,0,2
4,29,0,1,5,0.0,0,1
3,17,32,1,1,16.0,1,1
5,13,15,1,5,20.0,3,1
6,21,37,1,1,16.0,0,1
4,27,15,1,1,20.0,0,1
8,8,26,1,1,19.0,0,1
5,12,8,1,5,12.0,0,1
9,6,44,4,2,1.0,0,2
5,13,39,4,3,24.0,0,2
8,16,3,1,5,3.0,0,1
8,30,21,5,5,16.0,0,2
4,29,7,1,5,10.0,0,1
8,49,0,1,5,0.0,0,1
4,19,35,1,1,18.0,0,1
0,72,21,2,5,9.0,0,1
3,26,36,1,1,22.0,0,1
7,40,28,1,1,22.0,2,1
8,35,5,1,5,8.0,0,1
5,10,32,1,3,21.0,0,1
7,5,10,1,1,16.0,0,1
4,27,4,1,5,4.0,0,1
8,35,35,1,5,19.0,0,1
1,23,0,1,5,0.0,0,1
9,6,20,1,1,19.0,2,1
9,6,4,1,5,5.0,0,1
7,48,21,5,5,17.0,1,2
3,26,41,1,2,19.0,0,1
7,48,47,1,2,16.0,0,1
9,6,10,1,5,19.0,0,1
8,16,1,1,5,0.0,0,1
4,19,40,1,1,16.0,0,1
8,32,22,1,1,21.0,3,1
3,55,19,1,5,19.0,4,1
2,42,31,1,1,16.0,3,1
5,24,35,1,3,19.0,1,1
5,12,4,2,5,5.0,0,1
3,17,41,4,1,20.0,0,2
2,34,38,1,2,21.0,0,1
9,53,14,1,5,18.0,4,1
2,42,13,1,5,22.0,5,1
5,54,6,1,5,10.0,0,1
9,6,19,1,5,16.0,1,1
7,5,42,1,2,16.0,0,1
9,53,13,4,5,19.0,1,2
3,18,11,1,5,16.0,3,1
8,16,13,1,1,18.0,2,1
9,6,6,1,5,9.0,0,1
5,37,40,1,1,20.0,0,1
5,12,8,5,5,17.0,1,2
0,72,31,2,1,14.0,0,1
9,6,6,1,5,10.0,0,1
9,6,32,1,1,21.0,11,1
2,42,27,1,1,16.0,0,1
7,22,45,1,5,22.0,0,1
9,41,4,1,5,5.0,0,1
2,36,15,1,5,23.0,0,1
3,26,18,1,3,19.0,7,1
8,49,36,1,3,16.0,0,1
9,2,29,1,1,20.0,5,1
8,49,31,1,1,16.0,3,1
5,37,6,1,5,10.0,0,1
8,4,14,1,3,19.0,2,1
2,34,26,1,1,16.0,0,1
9,6,42,1,1,20.0,0,1
3,18,33,1,1,16.0,0,1
5,51,17,1,5,16.0,0,1
9,6,2,1,5,2.0,0,1
3,18,0,1,5,0.0,0,1
2,36,45,1,1,16.0,0,1
7,48,19,5,1,19.0,2,2
3,26,35,1,1,16.0,0,1
9,6,11,5,5,15.0,0,2
6,21,6,1,5,9.0,0,1
9,6,38,1,1,19.0,0,1
6,47,6,1,5,9.0,0,1
7,48,30,5,1,12.0,1,2
2,36,8,1,5,14.0,0,1
3,17,11,1,5,20.0,3,1
4,20,0,1,5,0.0,0,1
3,39,7,1,5,12.0,0,1
9,6,8,5,5,14.0,0,2
5,37,12,1,5,15.0,1,1
7,48,21,1,1,11.0,4,1
7,40,21,1,1,19.0,1,1
3,17,31,1,5,21.0,4,1
6,21,47,1,2,16.0,0,1
9,6,48,4,1,16.0,0,2
6,47,9,1,5,16.0,1,1
9,6,14,5,1,14.0,1,2
5,51,18,1,5,23.0,7,1
3,17,43,1,3,21.0,0,1
7,48,12,1,1,21.0,5,1
9,6,30,4,1,6.0,2,2
3,17,25,1,4,16.0,3,1
3,39,23,1,1,16.0,2,1
9,6,11,1,5,18.0,0,1
5,24,28,1,1,22.0,7,1
5,51,14,1,5,19.0,2,1
9,41,46,1,1,22.0,0,1
2,36,21,1,1,21.0,4,1
7,48,6,1,5,9.0,0,1
9,6,13,1,5,15.0,3,1
7,48,23,1,1,21.0,13,1
4,27,11,1,5,18.0,4,1
5,13,21,1,5,22.0,0,1
3,39,19,1,1,22.0,3,1
5,37,32,1,1,19.0,0,1
2,42,33,1,1,16.0,0,1
2,34,0,1,5,0.0,0,1
3,39,31,1,1,16.0,1,1
6,47,5,1,5,8.0,0,1
9,6,20,4,1,21.0,0,2
3,17,45,1,2,16.0,0,1
3,55,15,1,1,12.0,0,1
5,45,17,1,1,18.0,2,1
5,13,34,1,1,16.0,0,1
8,32,39,1,1,14.0,0,1
2,34,10,1,5,19.0,0,1
3,18,41,1,1,22.0,0,1
2,42,42,1,2,16.0,0,1
7,22,33,1,3,18.0,1,1
6,47,11,1,5,21.0,0,1
9,6,15,1,5,18.0,0,1
9,53,20,1,5,16.0,0,1
3,18,18,1,3,17.0,0,1
6,47,34,1,3,21.0,0,1
9,6,13,1,5,21.0,2,1
3,39,25,1,1,16.0,3,1
4,31,0,1,5,0.0,0,1
3,26,32,1,2,17.0,0,1
7,48,21,1,5,16.0,2,1
7,40,0,1,5,0.0,0,1
2,36,22,1,1,21.0,7,1
6,1,44,1,2,13.0,0,1
8,32,31,1,1,15.0,0,1
5,37,25,1,1,22.0,3,1
5,51,29,1,3,16.0,0,1
9,6,38,1,2,16.0,0,1
2,42,22,1,5,16.0,2,1
6,47,6,1,5,10.0,0,1
5,37,40,1,1,22.0,0,1
5,37,6,1,5,11.0,0,1
3,26,10,1,5,16.0,1,1
9,6,15,1,5,16.0,4,1
7,48,26,1,1,19.0,0,1
3,55,32,1,3,16.0,0,1
3,39,1,1,5,1.0,0,1
4,29,11,1,5,19.0,0,1
5,12,1,1,5,0.0,0,1
5,12,23,4,3,16.0,4,2
5,45,8,1,5,12.0,0,1
2,34,10,1,5,19.0,0,1
5,13,34,1,1,15.0,0,1
5,45,14,1,3,13.0,0,1
5,13,29,1,5,18.0,5,1
7,48,22,1,5,21.0,5,1
6,21,32,1,3,19.0,0,1
2,36,31,1,1,19.0,9,1
7,48,8,1,5,13.0,0,1
3,39,36,1,5,22.0,0,1
9,6,25,4,1,19.0,0,2
5,24,11,1,5,19.0,0,1
3,17,14,1,5,19.0,3,1
2,42,39,1,5,22.0,0,1
9,6,23,4,1,16.0,0,2
1,9,32,1,5,16.0,2,1
2,34,17,1,1,18.0,1,1
3,18,36,1,1,15.0,0,1
5,12,28,1,5,11.0,0,1
1,9,2,5,5,2.0,0,2
4,29,27,1,5,16.0,0,1
3,17,35,1,1,16.0,0,1
7,48,19,4,1,21.0,3,2
1,25,20,1,1,21.0,2,1
8,4,32,4,1,12.0,0,2
4,29,39,1,2,21.0,0,1
5,54,18,1,1,21.0,3,1
7,48,35,1,1,19.0,0,1
9,6,31,5,2,17.0,2,2
5,12,29,1,3,22.0,5,1
9,6,7,1,5,13.0,0,1
3,26,45,4,1,22.0,0,2
4,19,12,1,5,20.0,2,1
9,53,6,1,5,10.0,0,1
5,12,31,1,5,24.0,0,1
7,48,19,1,5,19.0,0,1
9,6,29,1,1,22.0,17,1
4,19,25,1,1,18.0,3,1
8,32,7,5,5,11.0,0,2
9,6,15,4,1,21.0,5,2
3,39,37,1,1,19.0,0,1
2,36,20,1,1,21.0,10,1
7,48,31,1,1,17.0,0,1
2,36,26,2,5,14.0,0,1
5,51,30,1,1,24.0,5,1
5,13,7,1,5,11.0,0,1
3,39,12,2,1,16.0,3,1
5,12,35,1,1,20.0,0,1
2,34,17,1,1,19.0,3,1
9,6,22,5,1,24.0,8,2
2,36,37,4,1,5.0,0,2
6,47,24,1,1,21.0,0,1
5,51,38,1,1,21.0,0,1
7,48,22,5,1,22.0,8,2
9,6,6,1,5,10.0,0,1
6,21,23,1,1,14.0,0,1
6,1,20,1,5,17.0,1,1
3,18,26,1,5,16.0,0,1
5,37,34,1,1,21.0,0,1
2,36,3,5,5,1.0,0,2
5,12,8,1,5,12.0,1,1
8,8,8,1,5,12.0,0,1
4,29,31,1,1,19.0,0,1
2,36,8,1,5,16.0,0,1
9,6,18,1,5,16.0,4,1
5,12,23,5,1,15.0,1,2
5,13,8,1,5,14.0,0,1
9,6,18,5,4,9.0,0,2
9,41,9,5,5,16.0,0,2
3,55,1,1,5,1.0,0,1
6,21,31,1,3,16.0,0,1
9,6,21,1,1,19.0,1,1
3,18,28,1,3,21.0,6,1
5,37,11,3,5,21.0,0,1
8,4,31,1,3,24.0,5,1
1,23,26,1,5,16.0,3,1
7,40,18,1,5,16.0,0,1
3,26,23,1,1,22.0,7,1
3,39,16,1,1,16.0,3,1
3,18,1,1,5,1.0,0,1
2,42,9,1,5,16.0,0,1
4,29,15,1,5,1.0,0,1
1,25,21,1,1,22.0,9,1
5,12,33,1,1,13.0,0,1
5,13,3,1,5,4.0,0,1
5,12,37,1,3,21.0,0,1
4,27,14,1,1,20.0,0,1
4,31,7,1,5,11.0,0,1
9,6,19,5,3,19.0,0,2
3,17,8,1,5,12.0,0,1
7,48,33,1,3,20.0,5,1
5,12,24,5,1,21.0,0,2
5,12,37,1,1,19.0,0,1
5,12,27,1,1,19.0,1,1
7,48,22,4,1,20.0,7,2
1,23,27,1,1,22.0,4,1
2,36,19,1,5,10.0,0,1
5,37,43,1,1,23.0,0,1
6,28,47,1,2,12.0,0,1
3,39,21,1,3,15.0,2,1
7,22,13,1,5,16.0,0,1
4,31,23,1,1,23.0,0,1
1,25,23,1,1,21.0,15,1
2,42,26,1,1,20.0,2,1
9,6,45,1,2,11.0,0,1
4,20,18,1,1,20.0,3,1
5,51,24,1,1,20.0,3,1
1,25,48,1,1,23.0,0,1
2,42,28,1,1,16.0,0,1
9,6,29,1,1,20.0,5,1
5,12,10,1,5,16.0,0,1
9,6,40,1,3,16.0,0,1
5,51,3,1,5,3.0,0,1
1,9,37,1,1,18.0,0,1
9,6,38,1,2,20.0,0,1
6,1,17,1,1,16.0,2,1
2,42,30,1,1,17.0,4,1
2,36,21,5,5,15.0,0,2
5,37,2,5,5,1.0,0,2
4,27,16,1,1,16.0,0,1
5,45,25,1,5,19.0,1,1
3,18,34,1,1,18.0,0,1
8,16,24,1,1,22.0,1,1
7,48,9,1,5,16.0,0,1
3,39,20,1,5,21.0,4,1
3,39,25,1,1,16.0,1,1
7,48,1,1,5,0.0,0,1
9,6,35,4,1,20.0,0,2
7,48,6,1,5,9.0,0,1
3,17,35,1,1,16.0,0,1
1,9,29,1,5,16.0,0,1
3,26,32,1,1,16.0,0,1
9,6,28,1,3,22.0,9,1
6,21,4,1,5,5.0,0,1
9,6,14,1,1,18.0,1,1
9,6,2,1,5,1.0,0,1
9,41,39,1,1,19.0,0,1
4,27,39,1,1,18.0,0,1
9,6,30,1,5,1.0,0,1
9,6,16,5,1,21.0,9,2
5,13,23,1,1,21.0,0,1
5,51,7,1,5,11.0,0,1
6,47,35,1,1,22.0,4,1
7,22,35,1,1,19.0,0,1
5,13,21,1,1,18.0,6,1
3,18,16,1,5,17.0,2,1
5,51,17,1,3,20.0,5,1
5,13,31,1,1,23.0,0,1
8,8,31,1,1,16.0,1,1
8,16,24,1,3,16.0,0,1
6,28,6,1,5,10.0,0,1
5,12,36,4,3,16.0,0,2
9,6,21,1,1,23.0,14,1
8,16,19,1,1,18.0,2,1
2,42,19,1,1,15.0,0,1
7,48,21,1,5,19.0,0,1
3,55,34,1,1,21.0,0,1
5,51,37,5,1,20.0,2,2
6,47,34,1,2,16.0,0,1
2,34,32,4,1,1.0,1,2
2,42,35,1,1,16.0,0,1
8,4,5,1,5,7.0,0,1
1,25,40,1,3,24.0,0,1
5,12,23,1,5,22.0,0,1
5,51,22,4,1,22.0,0,2
9,53,39,1,1,21.0,0,1
5,12,37,1,1,19.0,0,1
5,24,5,1,5,8.0,0,1
8,35,32,5,1,18.0,0,2
7,48,18,1,1,18.0,0,1
9,2,21,1,1,21.0,2,1
5,13,0,1,5,0.0,0,1
7,48,20,5,1,19.0,0,2
7,48,4,1,5,5.0,0,1
3,26,35,1,2,22.0,0,1
1,44,32,1,1,16.0,10,1
0,72,32,2,3,20.0,0,1
8,16,27,1,1,18.0,0,1
9,6,9,1,5,19.0,0,1
6,47,39,1,2,22.0,0,1
3,18,15,1,1,21.0,0,1
3,17,38,1,2,19.0,0,1
8,4,4,1,5,6.0,0,1
3,39,8,1,5,13.0,0,1
9,6,35,5,1,1.0,0,2
8,16,21,1,1,17.0,3,1
9,6,4,1,5,4.0,0,1
7,48,26,1,5,21.0,0,1
6,1,35,1,3,16.0,0,1
7,48,8,1,5,14.0,0,1
3,26,35,1,1,16.0,0,1
8,30,21,1,1,21.0,0,1
9,15,31,1,5,20.0,0,1
6,21,13,1,5,16.0,2,1
7,48,9,1,5,16.0,1,1
8,4,31,1,1,17.0,4,1
9,6,19,4,4,19.0,2,2
9,6,11,1,5,19.0,1,1
5,51,31,1,1,21.0,0,1
7,48,21,5,1,16.0,1,2
8,4,25,1,3,20.0,2,1
2,34,31,4,4,4.0,0,2
4,31,14,1,4,16.0,3,1
5,51,36,1,3,21.0,0,1
5,45,18,1,1,21.0,0,1
5,51,14,4,1,21.0,4,2
5,12,36,1,1,21.0,0,1
5,51,19,1,1,17.0,0,1
3,17,6,1,5,10.0,0,1
5,37,26,1,5,19.0,1,1
3,17,27,5,4,19.0,1,2
3,39,39,4,1,20.0,0,2
7,40,33,1,2,10.0,0,1
4,27,33,1,3,1.0,0,1
3,39,29,1,1,21.0,10,1
7,5,22,1,3,16.0,1,1
1,23,43,1,2,13.0,0,1
9,6,14,1,5,16.0,1,1
2,42,22,1,1,22.0,12,1
3,39,35,4,1,18.0,0,2
3,17,36,1,1,22.0,0,1
3,39,21,1,1,20.0,0,1
4,27,30,1,5,18.0,8,1
7,40,8,1,5,14.0,0,1
2,36,31,1,1,21.0,8,1
8,35,25,1,1,16.0,0,1
5,13,37,1,3,16.0,0,1
1,23,26,1,1,16.0,1,1
2,36,14,1,5,21.0,6,1
4,31,35,1,2,18.0,0,1
9,6,36,1,1,22.0,0,1
4,27,12,1,5,13.0,3,1
5,12,30,1,3,21.0,7,1
5,10,15,1,1,23.0,2,1
4,29,29,1,3,11.0,0,1
7,48,12,1,1,18.0,0,1
3,39,14,1,1,16.0,0,1
3,39,10,1,5,11.0,2,1
6,47,0,1,5,0.0,0,1
7,48,4,1,5,6.0,0,1
7,48,5,1,5,6.0,0,1
2,36,34,1,1,22.0,4,1
6,1,6,1,5,9.0,0,1
2,36,1,1,5,0.0,0,1
2,36,29,1,3,18.0,3,1
2,34,2,1,5,3.0,0,1
2,42,24,1,1,21.0,8,1
2,42,28,1,5,16.0,3,1
8,8,22,1,5,22.0,4,1
5,13,24,1,1,20.0,3,1
9,6,4,1,5,7.0,0,1
7,48,14,5,1,16.0,4,2
8,4,21,1,1,21.0,3,1
7,5,14,1,1,21.0,2,1
3,26,1,1,5,0.0,0,1
5,37,20,1,3,21.0,3,1
3,17,20,1,5,16.0,4,1
5,51,6,1,5,10.0,0,1
8,49,38,1,1,22.0,0,1
5,12,37,1,1,19.0,7,1
9,6,39,4,1,24.0,45,2
5,37,22,1,1,22.0,9,1
7,48,31,1,3,20.0,1,1
9,6,37,4,5,21.0,45,2
2,42,42,1,2,19.0,1,1
9,6,0,1,5,0.0,0,1
2,36,10,1,5,16.0,1,1
9,6,19,5,1,20.0,5,2
4,46,35,1,1,21.0,0,1
9,6,29,1,1,21.0,5,1
6,47,38,1,3,16.0,0,1
2,36,17,1,1,20.0,2,1
3,39,30,1,1,24.0,3,1
5,12,9,1,5,19.0,0,1
6,28,6,1,5,8.0,0,1
7,48,22,5,1,21.0,0,2
2,36,27,1,1,16.0,5,1
1,25,0,1,5,0.0,0,1
2,42,18,1,1,20.0,1,1
6,47,28,1,3,16.0,2,1
5,37,3,1,5,4.0,0,1
2,42,15,1,5,21.0,4,1
6,21,32,1,5,19.0,0,1
2,36,15,1,5,22.0,0,1
3,39,36,1,1,20.0,0,1
2,42,33,1,1,16.0,0,1
2,34,28,5,1,21.0,6,2
7,48,26,4,1,21.0,6,2
8,30,26,1,1,18.0,0,1
9,6,5,1,5,7.0,0,1
5,51,2,1,5,2.0,0,1
3,39,1,1,5,0.0,0,1
0,72,9,2,5,16.0,0,1
3,55,19,1,5,16.0,3,1
7,48,44,1,2,16.0,0,1
9,6,39,1,2,21.0,0,1
2,36,20,1,1,16.0,5,1
8,49,30,1,1,21.0,1,1
5,12,30,1,3,16.0,0,1
5,51,10,1,5,19.0,0,1
5,12,33,1,3,20.0,0,1
9,15,34,1,5,16.0,0,1
2,34,45,1,2,14.0,0,1
1,9,18,1,1,22.0,5,1
5,51,2,1,5,3.0,0,1
9,6,40,1,1,22.0,0,1
2,36,6,1,5,11.0,0,1
5,10,6,1,5,10.0,0,1
9,6,6,1,5,9.0,0,1
2,42,9,1,5,16.0,0,1
5,24,2,1,5,1.0,0,1
1,9,30,1,1,22.0,7,1
5,12,15,1,1,20.0,0,1
3,17,2,1,5,1.0,0,1
9,53,30,1,2,19.0,4,1
5,12,24,1,3,21.0,6,1
2,34,14,1,5,21.0,2,1
5,12,37,1,3,24.0,0,1
3,39,30,1,3,13.0,0,1
4,27,4,1,5,6.0,0,1
8,32,26,1,3,22.0,6,1
5,51,30,1,1,16.0,2,1
4,27,21,4,3,23.0,2,2
3,26,43,1,1,23.0,0,1
9,6,10,1,5,16.0,0,1
2,42,37,1,1,21.0,0,1
7,48,24,1,1,16.0,0,1
9,53,39,4,1,21.0,0,2
5,12,38,1,1,23.0,0,1
9,6,28,5,1,21.0,13,2
6,1,9,1,5,14.0,0,1
6,47,26,1,3,17.0,0,1
5,37,13,1,1,17.0,0,1
3,39,26,1,1,17.0,0,1
5,37,25,1,3,16.0,2,1
7,22,15,5,1,9.0,0,2
7,5,36,1,2,16.0,0,1
2,36,2,1,5,2.0,0,1
8,49,5,1,5,8.0,0,1
9,15,5,1,5,6.0,0,1
5,37,14,1,1,23.0,2,1
6,47,39,1,3,20.0,0,1
2,36,31,1,1,20.0,0,1
2,36,35,1,1,21.0,1,1
5,24,31,1,1,19.0,2,1
2,36,33,1,1,20.0,0,1
1,33,28,1,1,16.0,3,1
9,2,1,1,5,0.0,0,1
5,12,24,1,3,18.0,0,1
9,6,15,1,5,12.0,0,1
8,49,8,1,5,13.0,0,1
4,29,24,1,5,17.0,1,1
7,48,31,1,1,17.0,1,1
3,17,11,5,5,21.0,0,2
6,28,22,1,1,19.0,6,1
9,53,12,1,1,20.0,4,1
7,48,18,1,1,19.0,4,1
5,12,4,1,5,5.0,0,1
7,48,16,1,1,16.0,2,1
5,37,19,1,1,22.0,4,1
8,4,40,1,1,21.0,0,1
9,6,26,4,5,21.0,1,2
9,6,33,1,1,22.0,0,1
5,13,32,1,5,16.0,0,1
3,17,0,1,5,0.0,0,1
7,48,25,1,5,18.0,1,1
5,51,16,1,1,21.0,4,1
7,48,42,1,1,16.0,0,1
5,13,23,1,3,19.0,0,1
7,48,8,1,5,13.0,0,1
9,41,22,1,5,22.0,3,1
7,48,9,1,5,16.0,0,1
7,48,15,5,1,16.0,2,2
8,4,15,5,1,16.0,0,2
2,36,33,1,3,18.0,0,1
9,15,5,1,5,7.0,0,1
9,6,0,1,5,0.0,0,1
5,12,26,1,3,1.0,1,1
2,36,2,1,5,3.0,0,1
8,16,1,1,5,0.0,0,1
7,48,30,1,1,16.0,0,1
5,12,36,1,3,16.0,0,1
7,22,31,1,1,21.0,0,1
7,48,17,5,1,24.0,3,2
5,37,18,1,1,20.0,3,1
1,33,32,1,1,20.0,0,1
8,8,26,1,1,22.0,0,1
2,36,23,1,1,22.0,4,1
2,34,7,1,5,11.0,0,1
3,55,9,1,5,16.0,1,1
3,18,6,1,5,8.0,0,1
0,72,5,2,5,9.0,0,1
8,32,4,1,5,6.0,0,1
5,51,22,1,1,22.0,38,1
5,13,4,1,5,5.0,0,1
7,48,8,1,5,12.0,0,1
7,48,19,1,1,19.0,1,1
7,40,7,1,5,10.0,0,1
7,48,12,1,5,21.0,0,1
5,37,10,1,5,19.0,0,1
9,6,30,5,5,13.0,2,2
9,6,30,1,1,19.0,6,1
3,17,21,1,1,22.0,6,1
4,27,5,1,5,9.0,0,1
3,17,15,1,5,22.0,13,1
9,6,3,5,5,4.0,0,2
3,18,3,1,5,3.0,0,1
9,6,28,4,3,20.0,3,2
5,12,29,1,1,21.0,5,1
9,6,30,4,1,6.0,0,2
5,12,31,1,5,21.0,0,1
2,34,22,1,1,21.0,2,1
9,41,13,1,1,19.0,2,1
3,39,37,1,3,20.0,0,1
4,20,21,1,1,16.0,4,1
5,12,22,1,1,20.0,6,1
2,42,29,1,5,16.0,0,1
5,37,17,1,3,16.0,4,1
7,48,32,1,1,16.0,0,1
6,47,15,1,5,17.0,0,1
8,32,44,4,1,23.0,0,2
2,34,43,1,1,19.0,0,1
5,13,1,1,5,2.0,0,1
7,5,45,1,2,16.0,0,1
2,36,5,1,5,7.0,0,1
3,26,23,1,3,21.0,1,1
2,34,26,1,3,16.0,4,1
2,34,34,1,5,20.0,2,1
3,17,16,3,3,16.0,0,1
9,6,7,1,5,12.0,0,1
5,51,17,1,5,16.0,0,1
7,48,16,1,1,21.0,0,1
5,12,43,4,1,9.0,0,2
7,48,3,1,5,1.0,0,1
1,9,9,1,5,19.0,0,1
3,55,9,1,5,16.0,0,1
2,42,14,1,1,16.0,0,1
2,42,32,1,1,16.0,3,1
5,12,31,1,1,16.0,3,1
9,6,31,4,1,16.0,0,2
1,9,39,1,1,20.0,0,1
5,37,20,1,5,21.0,9,1
9,6,4,1,5,5.0,0,1
4,29,29,1,1,16.0,0,1
7,48,37,4,1,1.0,0,2
6,1,14,1,1,16.0,1,1
2,36,24,4,1,19.0,0,2
7,48,20,1,5,16.0,0,1
7,22,27,1,3,17.0,0,1
3,18,12,1,1,21.0,1,1
8,32,15,1,1,19.0,2,1
6,47,40,1,2,16.0,0,1
7,48,38,1,1,21.0,0,1
2,36,7,1,5,11.0,0,1
5,51,36,1,1,21.0,0,1
2,42,32,1,1,19.0,0,1
3,26,25,1,3,20.0,0,1
8,4,35,1,5,21.0,0,1
5,45,29,1,5,18.0,0,1
2,36,15,5,1,21.0,7,2
5,12,31,1,1,19.0,3,1
2,36,26,1,1,21.0,6,1
9,53,9,1,5,14.0,0,1
7,48,0,1,5,0.0,0,1
9,6,22,1,1,19.0,4,1
5,37,7,1,5,12.0,0,1
6,1,30,3,3,16.0,4,1
2,36,31,1,1,19.0,0,1
5,37,47,1,2,16.0,0,1
2,42,30,1,1,16.0,1,1
4,31,37,1,1,21.0,0,1
7,22,15,1,5,12.0,0,1
7,48,0,1,5,0.0,0,1
9,53,44,1,1,22.0,0,1
3,26,27,1,1,16.0,5,1
8,4,2,1,5,1.0,0,1
3,18,32,1,1,21.0,0,1
7,22,42,1,2,19.0,0,1
5,13,7,1,5,12.0,0,1
9,15,23,5,5,21.0,5,2
7,5,8,1,5,13.0,0,1
5,37,24,1,1,22.0,5,1
9,6,24,4,1,20.0,0,2
5,12,27,1,1,17.0,0,1
2,42,19,1,5,18.0,1,1
3,17,9,1,5,16.0,0,1
9,6,22,1,1,21.0,4,1
2,36,20,4,5,21.0,1,2
3,26,35,3,3,16.0,0,1
6,1,36,1,2,15.0,0,1
3,18,6,1,5,9.0,0,1
5,12,1,1,5,2.0,0,1
7,48,35,1,2,6.0,0,1
9,53,15,1,5,19.0,0,1
1,25,16,1,1,23.0,7,1
7,5,6,1,5,10.0,0,1
2,36,20,4,1,19.0,4,2
5,51,17,1,1,23.0,22,1
1,50,3,1,5,4.0,0,1
2,36,7,1,5,10.0,0,1
1,25,8,1,5,13.0,0,1
2,36,13,1,5,21.0,1,1
9,53,26,1,3,20.0,0,1
5,13,19,1,1,20.0,8,1
9,6,40,4,1,16.0,0,2
5,24,32,1,1,21.0,1,1
9,6,22,1,1,12.0,0,1
4,29,11,5,1,17.0,0,2
1,33,1,1,5,0.0,0,1
2,42,18,1,1,16.0,3,1
4,27,34,1,1,16.0,1,1
7,48,17,1,5,21.0,0,1
9,6,19,4,5,23.0,5,2
5,37,16,1,1,20.0,0,1
7,48,43,1,2,19.0,0,1
5,37,35,1,1,21.0,0,1
9,15,25,1,3,20.0,5,1
5,51,11,1,5,20.0,0,1
4,20,37,4,3,21.0,0,2
3,26,36,1,1,21.0,1,1
7,48,6,5,5,10.0,0,2
8,4,35,1,3,21.0,0,1
9,41,41,1,1,19.0,0,1
3,17,5,1,5,8.0,0,1
7,48,33,5,4,17.0,0,2
1,25,15,1,5,16.0,3,1
5,37,37,1,1,19.0,0,1
6,1,1,1,5,1.0,0,1
6,21,2,1,5,3.0,0,1
5,37,30,1,3,18.0,0,1
8,32,29,1,5,15.0,0,1
2,42,32,1,1,16.0,2,1
7,48,0,1,5,0.0,0,1
7,48,9,5,5,18.0,0,2
3,55,20,1,3,19.0,0,1
2,42,37,1,3,16.0,1,1
5,13,24,1,5,21.0,1,1
2,42,11,5,5,16.0,0,2
3,26,4,1,5,7.0,0,1
3,17,9,1,5,16.0,0,1
2,34,27,5,1,18.0,0,2
9,6,17,1,5,21.0,0,1
7,48,47,1,2,16.0,0,1
5,13,25,1,1,21.0,5,1
5,51,19,1,1,22.0,0,1
3,55,32,1,3,16.0,0,1
5,12,34,1,1,19.0,1,1
5,37,1,1,5,0.0,0,1
9,41,23,1,5,22.0,3,1
4,31,19,1,1,21.0,3,1
7,48,30,1,1,18.0,0,1
9,6,8,1,5,14.0,0,1
3,18,22,1,1,19.0,3,1
1,44,10,1,5,16.0,0,1
5,13,23,5,1,22.0,0,2
3,26,27,1,1,18.0,1,1
3,26,7,1,5,13.0,0,1
5,37,36,1,1,16.0,0,1
7,48,9,1,5,16.0,0,1
6,28,36,1,1,18.0,0,1
5,12,19,1,5,22.0,5,1
1,25,29,1,3,22.0,7,1
3,17,48,1,2,17.0,0,1
4,31,17,1,3,18.0,2,1
7,48,1,1,5,1.0,0,1
3,39,21,1,1,21.0,13,1
9,6,16,1,5,21.0,0,1
7,48,3,1,5,3.0,0,1
6,28,5,1,5,9.0,0,1
7,5,18,1,1,21.0,3,1
5,12,25,4,1,21.0,4,2
9,6,23,5,1,21.0,1,2
4,20,19,1,1,16.0,0,1
7,40,37,1,3,16.0,0,1
9,53,8,1,5,13.0,0,1
3,26,0,1,5,0.0,0,1
5,12,27,1,5,21.0,0,1
7,48,29,5,3,19.0,0,2
7,48,35,1,1,22.0,1,1
8,56,11,1,1,16.0,0,1
5,37,27,1,1,21.0,5,1
3,26,16,1,1,21.0,0,1
4,29,36,1,1,16.0,0,1
9,6,17,5,5,20.0,9,2
1,25,25,1,5,16.0,2,1
5,12,41,4,2,16.0,0,2
5,12,20,1,1,18.0,2,1
5,24,34,1,1,21.0,0,1
2,36,20,1,1,22.0,49,1
2,42,6,1,5,10.0,0,1
9,6,38,5,1,5.0,0,2
7,22,20,1,1,19.0,3,1
9,6,42,1,1,21.0,0,1
8,30,20,1,5,20.0,3,1
6,47,16,1,1,21.0,0,1
9,6,17,1,1,22.0,4,1
5,13,8,1,5,16.0,0,1
9,6,23,1,1,23.0,0,1
5,12,24,5,1,20.0,0,2
6,47,4,1,5,8.0,0,1
8,32,9,1,5,16.0,0,1
4,19,3,1,5,3.0,0,1
5,13,33,1,1,16.0,0,1
3,17,3,1,5,5.0,0,1
5,37,28,1,3,18.0,0,1
3,17,32,1,5,21.0,0,1
7,48,8,1,5,13.0,0,1
3,17,37,1,1,16.0,0,1
6,47,37,1,2,15.0,0,1
3,26,30,1,3,16.0,0,1
8,49,17,1,1,17.0,2,1
9,6,13,1,1,22.0,4,1
7,48,4,1,5,5.0,0,1
4,27,48,1,2,19.0,0,1
7,48,38,4,1,1.0,0,2
5,10,5,1,5,7.0,0,1
4,31,1,1,5,1.0,0,1
7,48,14,1,1,19.0,0,1
8,49,7,1,5,11.0,0,1
9,53,9,4,5,16.0,0,2
3,26,32,1,3,21.0,0,1
9,6,3,1,5,4.0,0,1
4,31,25,1,1,20.0,2,1
8,32,26,1,5,19.0,0,1
5,10,28,4,1,19.0,1,2
8,49,11,1,5,19.0,1,1
7,48,8,1,5,13.0,0,1
5,12,9,1,5,18.0,0,1
9,6,27,1,5,20.0,0,1
9,6,32,1,4,19.0,0,1
4,19,5,1,5,9.0,0,1
1,9,0,1,5,0.0,0,1
2,36,30,5,1,15.0,0,2
5,13,19,1,5,19.0,5,1
3,26,25,1,3,19.0,0,1
5,12,8,1,5,12.0,0,1
3,17,20,1,1,22.0,8,1
7,22,18,1,1,21.0,4,1
9,6,23,1,1,24.0,4,1
7,48,29,1,1,21.0,2,1
5,13,8,1,5,14.0,0,1
3,17,12,1,5,16.0,4,1
8,4,24,1,4,19.0,1,1
7,48,31,4,1,22.0,0,2
7,48,11,1,5,21.0,5,1
8,32,29,1,5,22.0,0,1
9,6,40,1,1,22.0,0,1
8,8,2,3,5,1.0,0,1
4,27,26,1,1,16.0,4,1
9,6,22,1,1,22.0,45,1
4,31,44,1,2,17.0,0,1
5,51,7,1,5,11.0,0,1
9,6,20,1,5,22.0,5,1
2,42,27,1,1,21.0,5,1
5,12,1,1,5,1.0,0,1
5,24,31,4,1,24.0,7,2
5,54,36,1,1,16.0,1,1
9,6,39,1,3,18.0,0,1
5,13,20,1,1,21.0,4,1
4,31,48,1,1,21.0,0,1
9,6,29,5,1,1.0,0,2
7,5,22,1,3,16.0,2,1
3,18,8,1,5,14.0,0,1
6,1,37,1,3,22.0,0,1
3,39,23,1,1,19.0,0,1
8,8,40,1,1,24.0,0,1
7,48,29,1,3,22.0,1,1
7,48,10,1,5,16.0,1,1
5,12,23,5,3,15.0,0,2
5,37,3,1,5,3.0,0,1
3,26,23,5,3,23.0,4,2
0,72,42,2,1,12.0,0,1
5,13,9,1,5,16.0,0,1
9,6,17,1,1,21.0,8,1
5,13,36,5,1,6.0,1,2
2,36,29,1,1,16.0,0,1
9,53,28,1,1,21.0,0,1
5,37,38,1,2,16.0,0,1
2,36,25,1,3,22.0,2,1
4,29,18,1,1,21.0,3,1
3,39,3,1,5,4.0,0,1
9,53,16,1,1,21.0,6,1
5,45,15,5,5,22.0,1,2
4,29,43,1,2,17.0,0,1
1,9,17,1,5,16.0,1,1
3,17,1,1,5,0.0,0,1
8,35,14,1,1,18.0,0,1
4,20,14,1,5,21.0,0,1
2,34,24,4,3,21.0,7,2
5,12,36,1,1,22.0,0,1
5,12,29,4,1,21.0,0,2
9,6,26,5,3,9.0,0,2
9,6,11,1,5,15.0,0,1
8,4,32,1,1,18.0,0,1
9,53,18,1,1,21.0,2,1
2,42,4,1,5,8.0,0,1
4,38,8,1,5,13.0,0,1
9,6,35,3,1,12.0,2,1
9,6,40,1,2,16.0,0,1
3,55,3,1,5,3.0,0,1
9,6,8,5,5,13.0,0,2
2,42,39,1,1,16.0,0,1
2,42,30,1,3,16.0,1,1
3,26,15,1,5,19.0,0,1
5,13,31,1,5,18.0,0,1
7,48,23,4,3,16.0,3,2
9,6,3,1,5,3.0,0,1
5,51,21,1,5,23.0,21,1
5,37,12,1,5,20.0,2,1
3,26,5,1,5,7.0,0,1
2,34,7,1,5,12.0,0,1
3,18,14,1,1,24.0,4,1
4,19,1,1,5,1.0,0,1
3,55,22,1,1,22.0,5,1
5,13,26,1,5,22.0,10,1
9,6,36,1,1,21.0,0,1
6,21,30,1,2,19.0,0,1
7,48,16,1,5,18.0,0,1
5,10,39,1,1,21.0,0,1
5,24,34,1,1,21.0,37,1
9,53,10,1,5,19.0,0,1
7,5,17,1,1,11.0,0,1
5,13,26,1,1,18.0,7,1
9,41,20,1,1,20.0,0,1
5,37,36,1,5,16.0,0,1
2,42,37,1,1,19.0,0,1
5,51,31,1,1,22.0,0,1
7,40,32,1,1,20.0,4,1
7,48,6,1,5,9.0,0,1
3,18,38,1,1,16.0,0,1
4,29,8,1,5,13.0,0,1
3,26,38,1,1,20.0,0,1
8,4,36,1,1,16.0,3,1
8,4,35,1,1,21.0,0,1
3,55,11,1,5,16.0,0,1
2,34,16,1,1,16.0,0,1
3,39,28,1,5,21.0,0,1
3,26,13,5,5,22.0,4,2
3,17,15,1,1,21.0,0,1
5,13,3,1,5,4.0,0,1
6,47,12,1,1,21.0,4,1
7,48,39,1,3,18.0,0,1
6,47,34,1,1,18.0,0,1
3,18,7,1,5,12.0,0,1
3,39,21,1,3,20.0,7,1
2,36,30,1,1,19.0,4,1
5,12,8,3,5,12.0,0,1
7,48,31,1,1,18.0,0,1
4,19,12,1,5,16.0,1,1
7,48,1,1,5,1.0,0,1
3,26,2,1,5,1.0,0,1
1,23,18,1,5,21.0,0,1
5,24,25,1,3,16.0,6,1
7,48,4,1,5,5.0,0,1
3,55,18,1,5,19.0,0,1
7,48,9,1,5,16.0,0,1
9,6,7,3,5,13.0,0,1
9,6,25,5,1,15.0,3,2
5,45,31,1,1,16.0,1,1
5,13,32,3,1,16.0,0,1
3,39,25,1,1,20.0,10,1
9,6,22,1,1,21.0,3,1
7,48,14,1,5,16.0,1,1
8,8,15,1,3,18.0,3,1
8,32,2,1,5,1.0,0,1
8,8,38,1,3,22.0,0,1
6,1,2,1,5,2.0,0,1
5,51,14,1,5,21.0,0,1
2,36,11,1,5,16.0,1,1
5,51,4,1,5,8.0,0,1
3,39,26,1,1,16.0,1,1
5,12,15,4,5,13.0,0,2
3,18,31,1,2,20.0,0,1
1,25,10,1,5,19.0,0,1
2,36,29,1,1,20.0,3,1
2,34,4,1,5,6.0,0,1
3,26,26,1,1,21.0,0,1
5,12,38,1,1,21.0,0,1
3,39,18,1,1,19.0,3,1
4,27,21,1,1,20.0,4,1
5,12,38,4,1,15.0,0,2
5,13,14,1,5,21.0,2,1
9,6,10,1,5,16.0,1,1
7,48,26,1,3,18.0,2,1
9,6,11,1,5,22.0,0,1
2,36,16,1,5,21.0,9,1
5,54,45,1,5,12.0,0,1
2,34,17,1,1,20.0,2,1
4,29,26,1,5,21.0,2,1
5,45,10,1,5,19.0,1,1
1,50,40,1,1,20.0,0,1
7,48,12,1,1,22.0,2,1
7,48,13,1,5,21.0,1,1
7,40,28,1,3,16.0,0,1
2,36,29,1,1,18.0,0,1
2,42,45,1,2,22.0,0,1
4,29,45,1,1,21.0,0,1
7,48,10,5,5,16.0,1,2
5,51,26,1,1,19.0,2,1
2,34,10,3,5,18.0,0,1
8,16,34,1,3,20.0,0,1
4,29,1,1,5,0.0,0,1
9,53,22,1,1,21.0,11,1
9,6,35,4,1,21.0,0,2
5,12,21,5,1,22.0,1,2
6,21,12,1,5,16.0,0,1
8,35,37,1,2,18.0,0,1
7,48,21,1,3,20.0,5,1
4,29,22,1,1,19.0,1,1
4,20,3,1,5,3.0,0,1
9,6,9,1,5,18.0,0,1
7,48,27,5,1,15.0,3,2
5,45,38,1,1,17.0,0,1
4,29,7,1,5,11.0,0,1
5,37,2,1,5,1.0,0,1
6,47,37,1,1,21.0,0,1
8,16,7,1,5,11.0,0,1
7,48,10,1,5,16.0,0,1
4,29,25,1,1,18.0,8,1
3,17,20,1,3,22.0,7,1
5,12,35,1,3,24.0,0,1
8,8,16,1,5,19.0,2,1
5,37,21,5,1,24.0,1,2
4,31,24,1,5,19.0,13,1
4,19,29,1,3,19.0,0,1
5,45,10,1,5,21.0,0,1
3,18,32,1,1,23.0,8,1
7,48,27,5,5,9.0,1,2
9,41,35,1,3,16.0,0,1
3,18,23,1,1,16.0,4,1
7,48,21,1,1,21.0,1,1
3,17,8,1,5,12.0,0,1
7,48,39,4,1,21.0,0,2
9,6,27,1,1,24.0,18,1
9,6,5,1,5,8.0,0,1
9,6,15,1,1,21.0,4,1
1,25,40,1,2,20.0,0,1
4,29,21,1,5,16.0,0,1
5,51,15,4,1,16.0,3,2
9,6,20,4,1,22.0,0,2
2,36,32,1,1,21.0,0,1
2,36,32,4,1,9.0,0,2
5,12,8,1,5,13.0,0,1
6,28,23,1,1,18.0,23,1
9,6,38,1,2,23.0,0,1
7,48,21,1,1,17.0,4,1
3,55,14,1,1,11.0,0,1
9,6,23,1,5,19.0,3,1
8,4,23,4,1,1.0,0,2
9,6,38,1,1,12.0,0,1
3,55,25,1,1,21.0,32,1
4,29,37,1,3,18.0,0,1
5,12,4,1,5,6.0,0,1
2,36,34,1,1,16.0,0,1
8,8,30,5,1,24.0,0,2
5,51,19,4,3,16.0,1,2
7,48,47,1,2,17.0,0,1
3,39,34,4,1,21.0,4,2
3,17,15,1,1,21.0,0,1
7,48,0,1,5,0.0,0,1
4,19,7,1,5,10.0,0,1
2,36,2,1,5,2.0,0,1
8,32,16,1,5,1.0,0,1
9,53,21,1,1,21.0,7,1
2,42,6,1,5,9.0,0,1
0,72,12,2,5,16.0,0,1
6,1,5,1,5,8.0,0,1
8,49,11,1,1,19.0,1,1
2,34,25,1,1,21.0,6,1
9,6,11,4,5,20.0,0,2
9,6,0,1,5,0.0,0,1
5,12,23,4,3,19.0,0,2
2,34,2,1,5,1.0,0,1
9,6,12,1,5,19.0,3,1
3,18,24,1,5,21.0,4,1
5,37,26,1,1,16.0,2,1
0,72,39,2,1,16.0,0,1
6,47,0,1,5,0.0,0,1
2,34,25,3,1,21.0,8,1
1,33,13,1,5,16.0,3,1
3,26,29,1,1,18.0,3,1
5,51,21,1,1,16.0,7,1
5,24,38,1,2,14.0,0,1
7,48,19,1,3,22.0,1,1
2,42,17,1,5,21.0,0,1
1,44,20,1,1,22.0,33,1
3,55,15,1,3,19.0,2,1
9,6,1,1,5,0.0,0,1
5,54,43,1,3,16.0,0,1
4,27,10,1,5,16.0,1,1
7,48,21,1,1,18.0,5,1
7,48,9,1,5,15.0,0,1
7,22,34,1,1,21.0,1,1
6,21,32,1,5,22.0,0,1
6,21,25,1,1,21.0,0,1
9,6,13,5,5,21.0,7,2
9,53,14,1,1,16.0,2,1
9,6,32,1,1,21.0,10,1
7,48,28,1,1,21.0,35,1
7,48,34,1,1,22.0,0,1
7,40,31,1,1,21.0,2,1
8,8,30,1,1,19.0,2,1
7,22,31,1,1,17.0,0,1
7,48,22,1,3,16.0,2,1
7,48,12,1,5,20.0,1,1
7,40,2,1,5,1.0,0,1
7,48,18,1,1,22.0,7,1
9,6,11,1,5,16.0,1,1
8,32,14,1,5,15.0,3,1
2,42,25,5,1,19.0,0,2
5,12,3,1,5,3.0,0,1
8,32,27,4,1,20.0,3,2
2,36,15,1,1,21.0,6,1
9,53,37,1,1,19.0,0,1
5,12,27,1,3,19.0,2,1
2,34,18,1,1,13.0,0,1
3,17,32,1,5,19.0,3,1
7,40,27,1,1,21.0,2,1
6,28,20,1,4,18.0,1,1
5,13,20,1,1,17.0,3,1
8,16,1,1,5,1.0,0,1
5,37,15,1,1,16.0,3,1
3,39,31,1,1,16.0,0,1
5,24,23,1,1,23.0,7,1
3,17,12,1,5,16.0,0,1
5,24,19,1,1,16.0,2,1
9,53,16,1,1,21.0,3,1
4,27,36,1,1,22.0,2,1
8,4,32,1,3,21.0,0,1
2,36,9,1,5,16.0,1,1
9,6,26,4,1,15.0,0,2
7,48,40,1,1,21.0,0,1
5,51,7,1,5,12.0,0,1
1,25,29,4,1,22.0,49,2
2,42,29,1,5,21.0,1,1
5,37,7,1,5,12.0,0,1
3,55,7,1,5,10.0,0,1
7,48,25,5,1,20.0,4,2
3,26,19,1,5,22.0,2,1
9,6,19,1,5,16.0,1,1
8,8,22,1,1,19.0,0,1
6,21,34,1,1,21.0,0,1
3,17,36,1,1,18.0,0,1
2,34,13,1,5,21.0,7,1
4,29,35,1,3,16.0,0,1
5,37,27,1,1,22.0,4,1
7,48,8,1,5,14.0,0,1
1,9,29,1,1,20.0,7,1
1,25,37,1,2,22.0,0,1
0,72,37,2,3,16.0,0,1
2,36,41,1,2,20.0,0,1
3,17,13,1,5,21.0,6,1
5,51,32,1,1,16.0,0,1
7,5,39,1,1,16.0,0,1
5,24,37,1,1,23.0,0,1
9,6,26,1,5,1.0,0,1
8,4,30,1,3,22.0,0,1
1,23,4,1,5,4.0,0,1
2,36,10,1,5,16.0,1,1
8,16,32,1,1,15.0,1,1
9,6,32,1,1,21.0,0,1
4,29,24,1,1,16.0,5,1
8,8,2,1,5,2.0,0,1
9,6,17,1,5,15.0,0,1
5,24,2,1,5,2.0,0,1
4,31,1,1,5,0.0,0,1
3,18,38,1,1,20.0,0,1
3,17,1,1,5,0.0,0,1
5,45,22,1,1,16.0,2,1
9,6,17,1,5,21.0,3,1
3,39,26,1,1,21.0,0,1
2,42,42,1,2,16.0,0,1
9,53,18,1,1,19.0,6,1
1,25,26,1,1,16.0,6,1
3,17,19,1,5,22.0,2,1
8,4,0,1,5,0.0,0,1
5,51,22,1,1,21.0,6,1
1,33,44,1,2,21.0,0,1
5,51,7,1,5,11.0,0,1
8,4,11,1,1,21.0,1,1
1,25,12,5,5,19.0,2,2
8,4,42,5,2,22.0,0,2
2,36,35,5,1,11.0,0,2
3,17,0,1,5,0.0,0,1
7,48,14,5,1,19.0,1,2
5,13,13,1,5,22.0,8,1
2,36,28,1,1,19.0,3,1
7,48,23,1,3,22.0,2,1
8,8,13,1,3,17.0,0,1
4,27,28,1,1,22.0,8,1
7,40,6,1,5,8.0,0,1
4,31,36,1,1,19.0,0,1
4,27,31,1,2,20.0,1,1
5,37,32,1,5,16.0,1,1
5,45,48,1,2,16.0,0,1
6,47,42,1,2,16.0,0,1
9,53,41,1,2,19.0,0,1
5,12,27,1,1,17.0,2,1
3,39,9,1,5,16.0,0,1
6,47,45,1,3,18.0,0,1
8,8,37,5,1,1.0,0,2
5,12,36,1,1,17.0,0,1
5,12,40,1,3,18.0,0,1
3,39,4,1,5,7.0,0,1
0,72,41,2,1,16.0,0,1
9,6,8,1,5,14.0,0,1
5,24,20,1,5,21.0,3,1
5,12,2,1,5,1.0,0,1
3,17,18,1,1,22.0,4,1
9,6,12,1,5,14.0,0,1
5,12,15,1,5,19.0,0,1
7,48,3,1,5,4.0,0,1
2,42,10,1,5,20.0,0,1
5,45,15,1,5,18.0,0,1
9,53,31,1,5,16.0,0,1
2,36,41,1,5,1.0,0,1
3,17,35,4,1,1.0,0,2
6,1,22,1,1,21.0,9,1
7,48,5,1,5,7.0,0,1
5,37,38,1,3,22.0,0,1
5,13,47,1,2,21.0,0,1
8,16,11,1,5,20.0,0,1
9,53,29,1,1,21.0,6,1
5,51,43,1,2,16.0,0,1
5,13,14,1,5,16.0,4,1
2,36,39,1,2,22.0,0,1
9,15,20,1,1,22.0,9,1
9,53,20,1,1,18.0,1,1
8,4,20,1,1,18.0,7,1
7,48,10,1,5,20.0,1,1
5,12,24,1,1,21.0,4,1
5,12,1,1,5,0.0,0,1
7,48,42,1,1,22.0,0,1
2,36,17,2,5,21.0,0,1
3,39,39,1,1,20.0,0,1
6,47,4,1,5,7.0,0,1
4,19,1,1,5,1.0,0,1
2,42,37,1,1,16.0,0,1
5,13,22,1,1,17.0,0,1
3,55,29,1,1,16.0,6,1
9,6,48,1,2,19.0,0,1
4,19,25,1,1,18.0,2,1
8,16,43,1,2,18.0,0,1
3,55,4,1,5,6.0,0,1
6,1,38,1,1,18.0,0,1
7,48,29,1,5,17.0,0,1
9,53,19,1,1,22.0,7,1
2,42,10,1,5,16.0,2,1
5,37,8,1,5,12.0,0,1
6,47,34,1,1,17.0,0,1
2,42,16,1,5,20.0,0,1
5,45,30,4,5,22.0,2,2
7,48,18,1,5,16.0,0,1
1,9,32,1,1,21.0,4,1
9,6,22,1,3,19.0,0,1
7,48,26,1,1,22.0,7,1
9,6,18,1,5,19.0,4,1
4,19,1,1,5,1.0,0,1
5,12,26,1,1,21.0,13,1
2,36,38,1,3,19.0,0,1
5,13,10,1,4,17.0,0,1
2,36,40,1,2,16.0,0,1
0,72,0,2,5,0.0,0,1
7,40,24,1,4,11.0,0,1
3,17,26,1,1,21.0,40,1
3,18,24,1,1,22.0,3,1
5,51,21,1,5,22.0,5,1
5,12,29,1,3,22.0,11,1
3,39,12,1,5,22.0,2,1
3,39,6,1,5,11.0,0,1
2,36,16,1,1,11.0,4,1
6,21,11,1,1,19.0,0,1
3,26,48,1,5,24.0,0,1
4,29,45,1,3,16.0,0,1
7,22,2,1,5,1.0,0,1
5,37,21,1,3,21.0,4,1
0,72,21,2,1,21.0,2,1
9,6,29,5,1,22.0,10,2
5,37,23,5,1,20.0,0,2
9,6,42,1,1,19.0,0,1
2,34,40,1,1,22.0,0,1
5,54,35,1,3,4.0,0,1
6,21,13,1,5,21.0,3,1
6,21,30,1,2,21.0,2,1
6,1,7,1,5,10.0,0,1
9,6,11,1,5,19.0,0,1
5,24,30,1,3,18.0,4,1
9,6,27,1,3,18.0,10,1
1,9,15,1,5,22.0,2,1
5,12,34,1,5,22.0,0,1
3,17,7,1,5,10.0,0,1
4,19,13,1,5,21.0,3,1
9,6,28,3,1,16.0,1,1
2,34,8,1,5,14.0,0,1
3,18,11,1,5,15.0,0,1
7,48,1,1,5,2.0,0,1
9,6,31,3,1,18.0,0,1
8,49,21,1,3,19.0,0,1
9,6,37,1,1,17.0,0,1
5,13,14,1,1,16.0,2,1
2,36,13,1,5,16.0,4,1
9,53,34,1,1,16.0,0,1
1,9,7,1,5,13.0,0,1
5,13,34,1,1,16.0,0,1
4,19,24,4,1,12.0,3,2
2,36,7,1,5,12.0,0,1
5,12,34,1,1,21.0,4,1
1,23,11,1,5,18.0,4,1
5,51,18,1,5,21.0,6,1
3,17,6,1,5,8.0,0,1
2,34,32,1,1,16.0,0,1
1,25,25,1,1,21.0,6,1
6,28,20,1,5,13.0,0,1
8,8,17,1,5,16.0,1,1
2,34,23,1,5,16.0,0,1
9,6,41,1,1,18.0,0,1
6,47,40,1,2,22.0,0,1
9,6,27,5,1,16.0,8,2
6,1,40,1,3,16.0,0,1
5,37,9,1,5,16.0,1,1
6,21,5,1,5,7.0,0,1
5,12,24,4,5,21.0,3,2
3,39,9,1,5,18.0,0,1
6,21,37,1,1,22.0,0,1
8,4,29,1,5,17.0,0,1
7,48,32,1,1,21.0,7,1
7,22,20,5,1,22.0,3,2
5,12,22,5,4,16.0,2,2
6,47,27,1,1,17.0,5,1
6,1,8,1,5,14.0,0,1
1,25,9,1,5,18.0,0,1
2,36,23,5,1,19.0,3,2
4,29,6,1,5,9.0,0,1
7,48,9,1,5,19.0,0,1
6,1,8,1,5,12.0,0,1
5,51,38,1,1,23.0,0,1
5,12,36,1,1,19.0,0,1
9,6,13,5,1,19.0,0,2
7,5,37,1,3,16.0,1,1
9,6,42,1,1,19.0,0,1
5,12,30,1,1,20.0,1,1
5,37,27,1,1,17.0,3,1
5,10,44,1,1,16.0,0,1
5,12,43,1,3,24.0,0,1
8,49,14,1,5,16.0,3,1
7,48,2,3,5,1.0,0,1
9,6,34,1,1,21.0,4,1
9,53,15,1,1,22.0,7,1
2,36,13,1,1,16.0,2,1
3,17,23,3,1,1.0,0,1
9,6,32,4,1,16.0,2,2
5,12,12,1,5,18.0,1,1
2,34,28,1,1,21.0,5,1
3,26,32,1,5,13.0,0,1
3,17,20,1,5,18.0,7,1
2,42,22,1,1,20.0,0,1
3,39,7,1,5,10.0,0,1
4,20,16,1,5,20.0,2,1
5,12,31,4,1,21.0,0,2
7,48,30,1,5,17.0,0,1
1,25,38,5,3,8.0,0,2
5,10,9,5,5,14.0,2,2
3,26,35,1,1,13.0,0,1
5,24,21,1,5,20.0,6,1
2,36,26,1,1,16.0,5,1
3,17,41,1,1,15.0,0,1
3,26,41,1,5,7.0,0,1
2,36,10,1,5,16.0,0,1
5,13,19,1,4,14.0,1,1
5,12,9,5,5,16.0,1,2
8,8,16,4,1,1.0,2,2
7,40,9,1,5,14.0,0,1
9,53,17,1,1,20.0,3,1
2,34,7,1,5,12.0,0,1
9,6,35,1,1,16.0,0,1
7,40,35,1,2,19.0,0,1
8,32,39,1,2,16.0,0,1
7,48,9,1,5,14.0,0,1
3,39,22,3,5,21.0,1,1
7,48,34,1,1,22.0,0,1
2,34,14,1,5,21.0,5,1
7,48,23,1,1,21.0,3,1
3,18,20,1,5,19.0,4,1
7,48,1,1,5,1.0,0,1
5,13,18,1,1,22.0,4,1
8,16,20,2,1,21.0,4,1
4,20,24,1,1,16.0,0,1
5,37,4,5,5,5.0,0,2
7,48,20,1,1,21.0,3,1
5,12,12,1,5,18.0,2,1
5,12,10,1,5,19.0,0,1
4,20,26,1,3,20.0,2,1
2,36,3,1,5,4.0,0,1
3,17,38,1,1,18.0,0,1
2,42,42,1,5,24.0,0,1
9,6,2,1,5,2.0,0,1
5,54,44,1,1,11.0,0,1
9,15,7,1,5,13.0,0,1
7,48,20,1,1,1.0,0,1
5,37,21,1,1,20.0,4,1
2,34,32,4,5,16.0,0,2
3,18,7,1,5,11.0,0,1
7,48,33,1,3,24.0,7,1
7,48,11,1,5,21.0,2,1
5,37,13,1,5,21.0,3,1
2,36,7,3,5,12.0,0,1
7,48,9,1,5,14.0,0,1
4,29,8,1,5,13.0,0,1
5,37,21,1,3,21.0,2,1
7,40,18,1,1,21.0,2,1
9,6,5,1,5,7.0,0,1
2,36,23,1,3,21.0,0,1
5,51,14,4,5,24.0,5,2
6,1,36,1,1,21.0,0,1
8,30,34,1,3,16.0,0,1
2,34,2,1,5,3.0,0,1
6,21,27,1,1,21.0,0,1
1,44,48,1,2,16.0,0,1
5,37,47,5,1,21.0,3,2
5,13,14,1,1,22.0,7,1
8,8,4,1,5,7.0,0,1
2,36,21,1,1,22.0,3,1
5,13,8,1,5,15.0,0,1
5,37,9,1,5,19.0,0,1
5,37,3,1,5,5.0,0,1
3,26,28,4,1,18.0,0,2
7,48,41,4,1,23.0,0,2
5,12,5,1,5,7.0,0,1
4,20,29,1,4,16.0,2,1
5,24,39,1,1,22.0,0,1
5,24,0,1,5,0.0,0,1
4,19,48,4,3,2.0,0,2
7,22,4,1,5,6.0,0,1
9,6,7,1,5,14.0,0,1
2,34,8,1,5,13.0,0,1
9,6,14,1,1,16.0,1,1
5,51,15,1,3,22.0,0,1
7,48,34,1,1,19.0,0,1
9,6,23,1,1,22.0,4,1
5,12,31,1,1,18.0,0,1
9,6,12,1,5,16.0,1,1
7,48,30,1,4,16.0,3,1
5,37,9,1,5,17.0,0,1
4,29,12,1,5,16.0,0,1
5,37,7,1,5,11.0,0,1
5,12,22,5,4,23.0,4,2
7,48,34,1,1,20.0,0,1
5,45,13,5,1,17.0,1,2
9,6,2,1,5,2.0,0,1
3,39,2,1,5,1.0,0,1
2,36,35,1,1,16.0,0,1
3,39,29,1,2,16.0,0,1
7,48,21,4,1,12.0,2,2
4,27,28,1,1,14.0,0,1
4,19,43,1,2,14.0,0,1
8,4,27,1,3,14.0,0,1
9,6,38,1,2,21.0,0,1
5,37,27,1,3,20.0,0,1
2,42,14,1,1,21.0,6,1
5,12,32,1,1,18.0,1,1
9,6,42,1,1,22.0,0,1
6,47,34,1,3,21.0,0,1
5,24,9,1,5,16.0,0,1
5,13,14,1,5,21.0,5,1
1,44,5,1,5,7.0,0,1
1,23,13,1,1,16.0,2,1
2,36,28,1,5,21.0,0,1
2,42,9,1,5,19.0,0,1
5,37,30,1,5,19.0,7,1
3,39,43,1,1,16.0,0,1
9,6,11,1,5,16.0,1,1
8,4,30,3,2,12.0,0,1
3,26,22,1,1,21.0,9,1
5,12,17,1,3,21.0,1,1
2,42,40,1,1,22.0,0,1
9,53,38,1,5,21.0,0,1
4,27,39,1,1,16.0,0,1
5,12,24,1,1,21.0,3,1
9,6,23,4,1,20.0,2,2
3,26,28,1,1,19.0,2,1
3,39,21,1,1,19.0,0,1
3,26,31,1,1,16.0,3,1
9,2,36,1,2,8.0,0,1
4,29,13,1,1,20.0,0,1
2,34,38,1,1,21.0,0,1
7,48,31,1,1,21.0,0,1
2,42,23,1,1,19.0,4,1
8,8,33,1,1,16.0,0,1
5,45,39,1,1,21.0,0,1
3,17,1,1,5,0.0,0,1
5,13,33,5,1,16.0,0,2
8,8,36,1,1,18.0,0,1
3,55,27,1,1,21.0,3,1
5,13,19,1,1,19.0,2,1
5,12,4,1,5,5.0,0,1
2,42,9,1,5,18.0,0,1
6,47,14,1,1,21.0,2,1
3,17,5,1,5,7.0,0,1
2,36,44,1,2,16.0,0,1
6,47,34,1,5,16.0,0,1
5,12,38,2,3,21.0,0,1
5,12,43,1,1,18.0,0,1
3,55,9,1,5,18.0,0,1
3,39,29,1,1,22.0,3,1
4,29,28,1,1,19.0,2,1
1,25,37,1,1,16.0,0,1
3,39,37,1,1,16.0,0,1
2,42,38,1,2,16.0,0,1
5,37,10,1,5,16.0,1,1
5,37,13,1,5,21.0,4,1
2,34,39,1,1,21.0,0,1
9,6,20,5,1,21.0,11,2
5,45,28,5,5,21.0,5,2
4,19,34,1,1,18.0,0,1
8,4,13,1,1,16.0,0,1
2,36,28,1,1,20.0,4,1
2,36,9,1,5,18.0,0,1
7,22,0,1,5,0.0,0,1
9,6,24,4,1,21.0,6,2
5,12,28,5,1,18.0,0,2
5,12,21,1,1,21.0,3,1
5,13,3,1,5,3.0,0,1
3,26,27,1,1,23.0,7,1
5,37,20,1,1,16.0,0,1
1,25,29,1,5,16.0,0,1
5,37,10,1,5,19.0,1,1
9,6,40,1,1,22.0,0,1
3,55,24,1,1,17.0,0,1
8,32,15,1,1,16.0,1,1
6,28,6,1,5,10.0,0,1
9,6,19,1,1,20.0,3,1
3,39,0,1,5,0.0,0,1
8,4,18,4,1,20.0,1,2
5,12,39,1,2,21.0,0,1
5,37,2,1,5,4.0,0,1
2,36,9,1,5,19.0,0,1
9,6,14,1,5,21.0,14,1
2,36,11,1,5,16.0,1,1
4,29,1,1,5,1.0,0,1
2,42,22,1,1,16.0,2,1
5,51,26,1,3,18.0,0,1
3,26,20,1,1,20.0,1,1
5,51,3,1,5,3.0,0,1
5,51,13,4,5,20.0,0,2
7,48,5,1,5,8.0,0,1
5,13,12,1,5,14.0,0,1
4,38,16,1,5,21.0,1,1
3,39,20,1,1,19.0,5,1
9,6,7,5,5,11.0,0,2
8,4,24,1,5,22.0,0,1
8,56,2,1,5,1.0,0,1
5,37,4,1,5,7.0,0,1
5,12,29,1,1,21.0,0,1
7,22,10,2,5,16.0,0,1
5,12,9,1,5,16.0,0,1
9,53,19,4,1,21.0,4,2
5,12,20,1,1,19.0,0,1
2,36,10,1,5,20.0,2,1
2,34,27,5,1,1.0,5,2
8,49,20,5,1,22.0,3,2
2,36,27,1,1,22.0,6,1
3,17,10,1,5,19.0,0,1
2,36,17,1,1,22.0,10,1
2,36,9,1,5,18.0,0,1
9,6,20,1,1,21.0,11,1
2,36,29,1,5,19.0,7,1
5,51,7,1,5,13.0,0,1
5,12,34,4,2,22.0,0,2
3,26,17,1,1,18.0,0,1
2,42,32,1,3,19.0,0,1
0,72,14,2,5,20.0,1,1
2,42,29,1,1,19.0,6,1
5,37,9,1,5,19.0,0,1
4,29,32,1,1,16.0,1,1
9,53,19,1,1,21.0,1,1
3,17,23,1,1,20.0,6,1
7,48,36,1,2,24.0,0,1
7,48,19,1,1,22.0,1,1
5,12,45,1,2,11.0,1,1
2,34,10,5,1,12.0,0,2
9,6,5,1,5,7.0,0,1
8,49,22,1,1,24.0,2,1
3,18,14,1,1,19.0,0,1
9,6,23,1,1,22.0,0,1
9,41,30,1,1,20.0,0,1
5,37,30,1,3,16.0,11,1
7,22,32,1,1,16.0,0,1
4,29,48,1,2,19.0,0,1
8,8,24,1,3,21.0,10,1
9,6,12,4,5,21.0,4,2
5,12,18,1,1,16.0,0,1
8,49,16,5,5,9.0,3,2
5,37,14,1,5,21.0,2,1
7,48,18,1,5,19.0,0,1
8,35,10,1,5,16.0,0,1
5,13,25,5,1,1.0,2,2
7,48,4,1,5,6.0,0,1
5,10,38,2,2,16.0,0,1
9,6,40,1,1,19.0,0,1
1,23,41,1,3,24.0,0,1
1,25,7,1,5,11.0,0,1
5,37,20,5,1,16.0,0,2
0,72,13,2,5,21.0,2,1
3,55,35,1,1,21.0,1,1
5,12,8,1,5,14.0,0,1
7,22,34,1,1,21.0,0,1
2,34,29,1,5,21.0,0,1
9,6,21,5,5,19.0,0,2
3,26,48,1,2,11.0,0,1
4,29,26,1,1,19.0,1,1
9,6,5,1,5,8.0,0,1
7,48,22,1,5,16.0,1,1
6,28,10,1,5,19.0,0,1
7,48,37,1,1,20.0,0,1
8,49,13,1,5,16.0,3,1
2,36,15,5,5,24.0,8,2
3,17,11,4,5,21.0,1,2
3,26,16,1,5,18.0,5,1
7,48,6,1,5,9.0,0,1
3,18,4,1,5,4.0,0,1
3,17,16,1,1,17.0,6,1
2,36,39,4,3,16.0,0,2
3,26,25,1,1,21.0,3,1
7,48,26,1,1,18.0,5,1
2,42,31,1,1,19.0,2,1
6,21,28,1,2,16.0,1,1
5,51,4,4,5,6.0,0,2
5,13,35,1,1,16.0,0,1
4,29,31,1,2,20.0,5,1
5,24,12,1,5,21.0,0,1
2,42,35,1,1,18.0,0,1
9,53,4,1,5,5.0,0,1
1,25,25,4,3,17.0,1,2
5,13,36,1,1,17.0,0,1
3,26,37,1,1,17.0,0,1
8,4,36,4,1,21.0,0,2
7,48,34,4,1,16.0,1,2
7,48,31,1,1,16.0,7,1
4,46,22,1,5,21.0,2,1
7,48,39,1,1,1.0,0,1
6,47,24,1,1,21.0,9,1
9,6,11,5,5,20.0,0,2
2,42,38,1,3,16.0,0,1
8,35,34,1,2,21.0,0,1
5,45,0,1,5,0.0,0,1
6,21,20,1,1,19.0,0,1
5,12,0,1,5,0.0,0,1
2,36,1,1,5,1.0,0,1
5,13,24,1,3,21.0,0,1
3,39,8,1,5,14.0,0,1
2,42,28,1,1,21.0,8,1
3,39,45,1,2,16.0,0,1
5,12,10,1,5,16.0,0,1
9,53,44,1,1,21.0,0,1
9,53,12,1,5,21.0,2,1
5,24,26,1,5,22.0,12,1
5,45,32,1,1,20.0,0,1
7,48,22,1,1,19.0,0,1
1,25,3,1,5,3.0,0,1
7,48,0,1,5,0.0,0,1
7,22,12,1,5,14.0,0,1
3,26,19,1,5,22.0,0,1
2,36,37,4,1,19.0,0,2
2,36,28,5,1,21.0,0,2
8,30,2,1,5,2.0,0,1
3,39,0,1,5,0.0,0,1
9,6,35,1,5,16.0,0,1
5,24,34,1,3,20.0,0,1
4,27,32,1,1,19.0,2,1
5,37,37,1,1,24.0,0,1
2,36,1,1,5,0.0,0,1
9,53,38,1,3,19.0,0,1
4,29,0,1,5,0.0,0,1
9,6,21,5,1,6.0,0,2
8,30,38,1,1,21.0,0,1
7,40,14,1,1,20.0,3,1
7,48,15,1,1,20.0,11,1
4,19,35,1,3,21.0,0,1
9,6,14,1,5,21.0,4,1
8,16,34,1,1,15.0,0,1
8,8,8,1,5,13.0,0,1
2,36,11,5,5,16.0,0,2
3,26,17,1,5,18.0,1,1
2,42,21,1,1,19.0,5,1
3,39,24,1,1,22.0,4,1
5,12,21,1,1,19.0,3,1
6,1,19,1,4,16.0,1,1
9,6,39,4,1,9.0,0,2
5,45,36,1,1,16.0,0,1
2,36,36,1,1,16.0,0,1
8,4,34,1,3,20.0,1,1
3,39,32,1,1,21.0,0,1
1,25,24,1,1,19.0,4,1
3,18,32,1,1,16.0,6,1
7,22,8,1,5,14.0,0,1
9,6,21,1,3,20.0,2,1
5,37,2,1,5,1.0,0,1
6,1,36,1,1,18.0,0,1
5,12,34,1,1,20.0,0,1
6,21,37,1,1,16.0,1,1
9,53,12,1,5,20.0,0,1
2,36,28,1,1,22.0,49,1
6,1,14,1,1,17.0,5,1
6,47,13,1,5,21.0,0,1
7,48,19,1,1,19.0,0,1
9,6,29,1,1,21.0,5,1
3,26,44,1,1,22.0,0,1
8,49,42,1,1,18.0,0,1
3,17,0,1,5,0.0,0,1
6,1,27,1,1,23.0,7,1
2,42,32,1,1,21.0,0,1
5,13,17,1,1,16.0,0,1
9,6,4,1,5,6.0,0,1
4,29,34,1,3,17.0,8,1
7,48,30,1,1,21.0,7,1
3,55,25,1,1,18.0,0,1
6,47,20,1,1,21.0,3,1
9,41,21,1,1,22.0,6,1
5,24,9,1,5,19.0,0,1
3,17,26,4,3,21.0,1,2
5,24,28,1,1,21.0,11,1
5,12,10,1,5,19.0,0,1
0,72,42,2,3,21.0,0,1
5,12,20,1,1,16.0,1,1
3,39,18,1,3,19.0,0,1
5,12,22,1,1,16.0,0,1
3,26,12,1,5,17.0,0,1
5,24,22,5,1,17.0,3,2
3,26,16,1,5,24.0,8,1
2,36,9,1,5,19.0,0,1
1,33,17,1,1,21.0,4,1
5,13,28,1,1,24.0,4,1
9,6,27,4,1,12.0,0,2
7,48,24,1,1,22.0,6,1
9,6,25,5,1,9.0,0,2
3,18,6,1,5,9.0,0,1
9,6,8,1,5,14.0,0,1
5,12,25,1,1,22.0,0,1
9,53,30,4,1,17.0,0,2
3,18,3,1,5,3.0,0,1
7,48,1,1,5,0.0,0,1
2,42,34,1,1,16.0,0,1
7,48,13,1,5,18.0,1,1
7,48,21,4,1,21.0,1,2
3,17,35,1,4,22.0,2,1
9,6,21,1,1,23.0,10,1
4,27,18,1,5,16.0,1,1
5,13,11,1,5,16.0,1,1
6,21,19,1,1,22.0,3,1
7,48,7,1,5,11.0,0,1
8,32,19,1,1,16.0,1,1
7,22,37,1,1,21.0,0,1
7,48,2,1,5,2.0,0,1
6,47,3,1,5,4.0,0,1
5,37,10,1,5,16.0,0,1
9,6,10,5,5,19.0,0,2
2,34,42,1,1,24.0,0,1
5,24,15,1,1,16.0,3,1
5,12,14,1,1,19.0,2,1
9,15,34,1,1,21.0,0,1
8,49,47,1,1,21.0,0,1
8,4,28,1,1,17.0,4,1
2,36,12,5,5,20.0,0,2
7,48,30,1,1,21.0,11,1
7,48,28,1,2,16.0,0,1
3,26,14,1,3,21.0,0,1
2,42,20,1,1,22.0,0,1
6,1,42,1,1,19.0,0,1
8,49,32,1,3,16.0,3,1
4,19,33,1,1,16.0,0,1
3,39,15,1,1,21.0,5,1
2,34,29,1,1,21.0,6,1
7,48,25,1,1,21.0,19,1
1,23,23,4,3,13.0,5,2
7,48,10,5,5,9.0,2,2
5,51,14,2,5,16.0,2,1
6,47,27,1,5,12.0,3,1
1,25,31,1,5,16.0,0,1
3,55,30,1,1,22.0,5,1
8,16,43,1,1,16.0,0,1
5,51,3,1,5,4.0,0,1
8,4,19,1,1,20.0,2,1
7,48,21,4,1,22.0,3,2
9,6,24,1,1,22.0,0,1
4,31,33,1,3,20.0,3,1
3,39,33,1,5,22.0,2,1
5,12,21,4,1,20.0,3,2
4,19,22,1,5,20.0,0,1
1,25,9,1,5,18.0,0,1
7,48,26,5,1,18.0,0,2
9,6,5,1,5,7.0,0,1
7,48,5,1,5,8.0,0,1
1,25,28,1,5,24.0,16,1
7,40,47,1,2,24.0,0,1
7,5,1,1,5,0.0,0,1
3,18,15,1,5,15.0,1,1
9,6,21,1,5,21.0,0,1
5,37,15,1,5,17.0,1,1
2,36,4,1,5,7.0,0,1
5,37,11,1,5,14.0,0,1
9,41,17,1,1,17.0,0,1
4,29,17,1,3,16.0,2,1
5,51,7,1,5,11.0,0,1
4,27,28,1,1,20.0,3,1
6,1,5,1,5,7.0,0,1
3,17,2,1,5,1.0,0,1
1,33,37,2,2,21.0,0,1
2,36,35,1,1,20.0,1,1
2,34,25,4,3,21.0,2,2
7,48,11,5,5,19.0,0,2
2,34,13,1,5,21.0,4,1
9,53,14,4,1,21.0,6,2
5,24,30,1,1,19.0,2,1
7,48,27,1,3,19.0,5,1
5,37,32,1,3,19.0,4,1
3,26,35,1,1,16.0,0,1
2,36,15,1,5,19.0,0,1
3,39,41,1,2,19.0,0,1
9,6,27,1,5,6.0,0,1
2,42,15,1,1,21.0,3,1
9,2,28,1,1,21.0,3,1
2,36,16,4,1,16.0,1,2
3,55,5,1,5,9.0,0,1
9,15,14,1,5,16.0,0,1
7,40,10,1,5,19.0,1,1
4,29,18,1,1,19.0,1,1
4,19,1,1,5,1.0,0,1
8,35,34,1,1,20.0,0,1
6,28,29,1,3,16.0,1,1
3,17,8,1,5,12.0,0,1
1,25,34,1,1,21.0,2,1
3,17,41,1,3,19.0,0,1
7,48,2,1,5,2.0,0,1
2,36,48,4,2,13.0,0,2
4,31,9,1,5,16.0,0,1
4,20,39,1,2,21.0,0,1
4,29,22,1,1,21.0,1,1
4,46,14,1,1,21.0,3,1
7,40,29,1,1,22.0,2,1
2,42,0,1,5,0.0,0,1
2,42,32,1,2,19.0,0,1
5,12,34,1,1,23.0,9,1
5,51,18,4,1,16.0,1,2
5,13,34,1,2,21.0,0,1
7,5,15,1,1,22.0,4,1
5,13,23,1,1,21.0,4,1
9,53,26,4,4,21.0,4,2
3,39,21,5,1,9.0,0,2
2,36,37,5,1,11.0,0,2
8,4,7,1,5,10.0,0,1
4,29,23,4,1,23.0,33,2
4,38,42,1,1,19.0,0,1
9,53,31,1,1,21.0,4,1
5,12,42,1,1,21.0,0,1
5,24,30,1,1,19.0,4,1
5,12,43,1,1,21.0,0,1
9,53,17,1,1,18.0,8,1
3,17,17,1,3,19.0,2,1
2,42,14,1,5,11.0,2,1
3,55,3,1,5,4.0,0,1
9,6,34,4,1,21.0,0,2
1,25,26,1,5,16.0,3,1
3,39,1,1,5,0.0,0,1
3,18,14,1,1,15.0,0,1
3,18,44,1,1,21.0,0,1
7,48,20,4,3,20.0,9,2
5,37,40,1,1,20.0,0,1
5,51,38,1,1,15.0,1,1
1,23,32,1,5,19.0,0,1
7,48,31,1,5,21.0,2,1
8,32,18,1,5,19.0,0,1
5,13,5,1,5,6.0,0,1
5,51,40,1,1,15.0,0,1
7,48,29,1,1,16.0,5,1
5,13,6,1,5,10.0,0,1
5,13,21,1,1,22.0,7,1
2,36,29,1,3,20.0,1,1
7,48,21,4,1,16.0,2,2
1,25,0,1,5,0.0,0,1
6,1,47,1,2,22.0,0,1
8,8,43,1,2,18.0,0,1
6,1,14,1,1,19.0,0,1
4,19,5,1,5,7.0,0,1
0,72,1,2,5,0.0,0,1
2,34,19,5,1,16.0,0,2
5,54,18,1,1,19.0,0,1
5,12,5,1,5,8.0,0,1
3,26,34,1,1,16.0,0,1
7,48,41,1,1,21.0,0,1
3,55,11,1,5,16.0,0,1
9,6,20,1,5,16.0,1,1
8,49,24,5,3,12.0,1,2
5,12,29,4,1,16.0,2,2
6,1,21,1,1,16.0,1,1
0,72,31,2,1,21.0,0,1
9,41,28,1,5,19.0,2,1
5,37,18,1,1,21.0,2,1
6,47,36,1,1,19.0,0,1
8,8,19,1,1,19.0,0,1
7,48,2,1,5,1.0,0,1
7,48,28,1,1,16.0,0,1
5,12,32,1,1,21.0,3,1
3,26,1,1,5,0.0,0,1
1,23,27,1,5,18.0,3,1
2,42,37,1,1,16.0,0,1
1,25,29,1,1,22.0,1,1
3,17,17,1,1,21.0,7,1
9,6,8,1,5,13.0,0,1
2,36,32,4,1,20.0,3,2
8,4,31,1,1,19.0,0,1
8,4,13,1,1,16.0,3,1
9,6,23,5,1,13.0,1,2
7,48,1,1,5,0.0,0,1
5,45,15,1,5,18.0,2,1
8,35,29,1,3,13.0,0,1
2,36,31,4,4,16.0,0,2
2,36,27,1,1,23.0,6,1
6,1,30,1,1,21.0,0,1
3,39,8,1,5,14.0,0,1
1,9,32,1,3,22.0,0,1
7,48,23,1,5,21.0,2,1
3,26,9,1,5,14.0,0,1
5,13,12,1,1,13.0,2,1
2,36,21,1,1,20.0,0,1
1,25,30,1,5,16.0,0,1
9,15,11,1,5,19.0,4,1
2,36,35,1,4,13.0,0,1
7,48,27,1,3,17.0,0,1
1,25,22,5,1,24.0,13,2
4,27,34,1,5,16.0,0,1
2,42,4,1,5,7.0,0,1
3,17,18,1,5,22.0,5,1
8,16,20,1,1,22.0,0,1
5,12,43,1,1,16.0,0,1
2,36,18,5,1,18.0,0,2
9,53,3,3,5,2.0,0,1
2,36,27,1,1,22.0,6,1
7,5,15,1,5,18.0,3,1
3,18,31,1,1,16.0,0,1
3,17,26,1,3,20.0,3,1
9,53,40,4,1,1.0,0,2
3,26,8,1,5,14.0,0,1
3,26,42,1,3,16.0,0,1
9,6,3,1,5,4.0,0,1
3,55,36,1,1,23.0,8,1
7,40,15,1,5,10.0,0,1
7,22,28,1,5,19.0,3,1
9,6,12,1,5,19.0,0,1
4,29,3,1,5,4.0,0,1
5,37,6,1,5,11.0,0,1
3,26,21,1,1,17.0,2,1
2,36,10,5,5,21.0,0,2
2,36,5,1,5,7.0,0,1
6,1,35,1,1,16.0,1,1
9,53,31,1,5,20.0,0,1
9,6,27,1,1,16.0,2,1
2,34,17,5,3,21.0,0,2
1,9,32,1,5,16.0,0,1
7,48,6,1,5,10.0,0,1
3,18,9,1,5,16.0,0,1
7,48,12,1,1,16.0,1,1
5,12,24,1,5,24.0,11,1
9,6,32,1,1,22.0,11,1
6,21,30,1,3,19.0,0,1
5,12,30,1,1,19.0,0,1
2,42,28,1,5,20.0,0,1
4,27,44,1,2,21.0,0,1
7,48,21,1,1,18.0,0,1
5,12,30,1,1,17.0,2,1
3,26,20,1,1,22.0,0,1
4,29,42,1,1,16.0,0,1
5,13,30,4,1,21.0,8,2
9,6,24,1,5,21.0,3,1
9,53,34,1,1,16.0,2,1
8,8,41,1,1,21.0,0,1
5,24,22,1,1,21.0,37,1
7,48,8,1,5,14.0,0,1
9,6,31,4,3,19.0,0,2
8,8,17,1,1,21.0,10,1
9,6,21,4,1,20.0,4,2
7,48,36,4,1,21.0,0,2
2,36,23,1,1,20.0,4,1
5,24,9,1,5,19.0,0,1
5,12,40,1,1,17.0,0,1
9,53,9,1,5,12.0,0,1
3,17,22,5,1,6.0,1,2
8,32,18,1,1,21.0,10,1
2,34,22,4,4,21.0,5,2
3,26,41,1,2,11.0,0,1
1,25,27,1,1,18.0,6,1
7,48,34,1,2,1.0,0,1
3,18,6,1,5,11.0,0,1
8,30,1,1,5,0.0,0,1
7,48,47,4,3,17.0,0,2
5,51,28,1,3,21.0,7,1
7,22,37,1,4,16.0,0,1
3,26,42,1,5,16.0,0,1
9,15,39,1,3,22.0,1,1
9,53,26,4,1,20.0,19,2
9,6,9,1,5,18.0,0,1
2,36,34,4,1,21.0,3,2
1,25,31,1,3,18.0,0,1
5,37,0,1,5,0.0,0,1
9,6,15,1,1,20.0,5,1
0,72,16,2,5,20.0,0,1
8,4,22,1,1,21.0,12,1
5,12,18,1,1,18.0,0,1
3,39,8,1,5,14.0,0,1
6,47,14,1,1,21.0,3,1
6,47,42,1,2,14.0,0,1
7,22,20,1,5,21.0,27,1
6,1,6,1,5,10.0,0,1
5,10,12,1,5,16.0,1,1
5,13,40,1,2,19.0,0,1
8,8,6,1,5,9.0,0,1
6,21,19,1,1,16.0,0,1
5,13,18,1,5,12.0,0,1
1,25,39,1,1,24.0,0,1
6,21,30,1,5,24.0,2,1
2,34,8,1,5,15.0,0,1
6,47,38,1,1,22.0,5,1
4,38,9,5,5,19.0,0,2
5,24,38,1,2,20.0,0,1
5,37,28,1,1,22.0,12,1
7,48,13,1,5,16.0,3,1
5,51,6,1,5,10.0,0,1
3,39,30,1,3,19.0,2,1
9,6,21,5,1,16.0,1,2
1,44,40,5,1,20.0,0,2
3,17,9,1,5,19.0,0,1
5,12,24,1,1,19.0,4,1
4,29,8,1,5,13.0,0,1
5,37,37,1,3,16.0,0,1
1,9,26,1,1,22.0,11,1
2,36,12,1,1,21.0,3,1
5,12,30,1,1,21.0,12,1
3,39,48,1,2,16.0,0,1
9,6,27,1,1,21.0,0,1
5,37,30,4,1,21.0,7,2
4,27,10,1,5,19.0,0,1
7,22,17,1,1,20.0,0,1
5,13,40,1,1,21.0,0,1
5,51,39,1,3,21.0,0,1
1,23,21,1,1,21.0,7,1
3,39,30,1,3,16.0,3,1
3,17,29,1,1,21.0,0,1
9,6,28,1,1,13.0,1,1
5,13,9,1,1,16.0,0,1
8,32,11,1,5,17.0,0,1
7,5,39,1,1,21.0,0,1
5,13,38,1,2,16.0,0,1
3,26,18,1,1,17.0,0,1
8,32,7,1,5,12.0,0,1
8,32,31,1,3,19.0,7,1
4,29,29,1,1,20.0,3,1
5,12,22,1,1,22.0,4,1
7,22,20,1,2,17.0,0,1
9,6,22,1,1,17.0,0,1
2,42,32,4,1,21.0,0,2
1,44,14,1,1,16.0,2,1
7,48,4,1,5,4.0,0,1
2,36,39,1,1,23.0,0,1
3,17,2,1,5,2.0,0,1
5,37,32,1,1,18.0,5,1
2,36,2,1,5,2.0,0,1
7,5,23,1,1,21.0,6,1
5,45,19,1,5,12.0,0,1
9,6,44,1,1,23.0,0,1
2,42,33,1,1,21.0,35,1
7,48,12,1,5,12.0,0,1
8,4,17,5,1,16.0,0,2
4,29,3,1,5,1.0,0,1
6,28,37,1,2,18.0,0,1
9,6,25,1,1,18.0,1,1
5,13,32,1,1,16.0,0,1
7,48,28,5,1,24.0,1,2
3,26,23,1,1,21.0,3,1
3,39,30,1,2,14.0,0,1
2,42,34,1,3,16.0,3,1
6,1,21,1,5,16.0,0,1
3,17,28,4,5,22.0,7,2
1,33,10,5,5,19.0,0,2
2,42,31,1,1,21.0,3,1
9,53,40,1,1,16.0,0,1
8,8,8,1,5,14.0,0,1
5,37,24,5,2,22.0,11,2
9,6,0,1,5,0.0,0,1
3,17,25,1,3,1.0,1,1
7,48,2,4,5,1.0,0,2
3,39,3,1,5,3.0,0,1
6,28,15,1,1,20.0,0,1
3,55,13,1,5,16.0,0,1
7,48,5,1,5,8.0,0,1
5,51,5,1,5,8.0,0,1
5,24,34,3,2,19.0,0,1
9,53,39,1,1,19.0,0,1
9,6,37,1,1,21.0,0,1
5,12,25,1,3,20.0,0,1
3,39,35,1,3,20.0,3,1
7,48,14,4,1,21.0,7,2
0,72,34,2,1,16.0,0,1
2,42,30,1,1,16.0,3,1
6,1,37,1,1,21.0,0,1
9,6,0,1,5,0.0,0,1
5,37,42,1,1,20.0,0,1
6,21,40,1,1,22.0,0,1
5,12,35,1,2,19.0,9,1
3,18,6,1,5,9.0,0,1
2,34,34,5,1,15.0,0,2
5,12,2,1,5,3.0,0,1
2,42,31,1,1,18.0,0,1
3,55,26,1,3,20.0,3,1
9,53,38,1,1,21.0,0,1
5,12,5,1,5,9.0,0,1
6,21,25,1,1,20.0,7,1
0,72,22,2,5,20.0,1,1
4,20,21,1,1,21.0,5,1
6,47,20,1,1,16.0,1,1
1,25,23,1,1,19.0,4,1
5,12,8,1,5,13.0,0,1
8,4,19,1,1,16.0,2,1
2,36,30,1,1,19.0,0,1
6,47,12,1,2,16.0,0,1
2,36,21,1,1,21.0,9,1
9,6,30,1,1,22.0,1,1
4,46,40,1,1,16.0,2,1
3,39,18,1,1,16.0,3,1
9,6,30,1,1,21.0,3,1
7,48,32,1,1,20.0,0,1
8,32,36,1,1,21.0,0,1
2,42,41,1,4,21.0,0,1
5,45,26,1,1,18.0,0,1
9,6,16,5,5,6.0,0,2
5,12,11,1,5,21.0,3,1
9,6,48,4,2,9.0,0,2
9,6,18,1,1,19.0,4,1
6,47,24,1,1,21.0,2,1
5,13,26,1,4,19.0,3,1
5,54,23,1,1,22.0,1,1
2,36,19,1,1,21.0,5,1
6,1,23,1,3,20.0,4,1
1,9,32,1,1,19.0,11,1
2,36,30,1,5,14.0,0,1
7,40,22,1,1,21.0,2,1
5,12,43,1,4,15.0,0,1
8,8,47,1,1,16.0,0,1
3,55,23,1,1,21.0,5,1
5,12,5,1,5,8.0,0,1
5,37,34,1,1,20.0,0,1
8,30,37,1,1,21.0,0,1
6,1,25,1,5,21.0,2,1
1,9,36,1,1,16.0,0,1
2,36,5,1,5,7.0,0,1
2,42,10,1,5,16.0,0,1
9,53,26,1,1,18.0,4,1
5,54,25,1,1,16.0,0,1
3,39,30,1,1,19.0,0,1
9,6,39,1,1,20.0,0,1
2,34,5,1,5,6.0,0,1
7,40,7,1,5,12.0,0,1
7,5,18,1,3,19.0,0,1
7,48,29,3,1,21.0,13,1
3,26,25,1,1,18.0,0,1
5,12,20,1,1,23.0,0,1
9,6,11,1,1,14.0,1,1
2,42,18,1,1,20.0,0,1
5,13,25,4,1,16.0,0,2
2,36,27,1,5,21.0,1,1
3,17,31,1,5,21.0,4,1
6,28,32,1,3,17.0,0,1
9,6,10,1,5,19.0,0,1
5,12,23,1,1,16.0,0,1
2,42,31,1,1,21.0,6,1
3,55,37,1,5,17.0,0,1
2,34,27,1,1,22.0,4,1
5,12,5,1,5,8.0,0,1
5,10,35,1,3,16.0,0,1
2,36,24,4,1,14.0,2,2
1,25,30,1,1,21.0,8,1
8,32,17,1,1,19.0,3,1
5,13,31,1,3,1.0,0,1
1,25,38,1,2,20.0,0,1
1,44,34,1,1,16.0,0,1
9,6,15,3,1,20.0,4,1
5,51,26,4,1,16.0,2,2
7,48,9,1,5,16.0,0,1
1,9,25,4,3,18.0,2,2
3,55,31,1,5,20.0,3,1
5,12,32,1,1,19.0,5,1
2,42,11,5,5,21.0,2,2
6,1,19,1,5,19.0,0,1
9,53,7,1,5,11.0,0,1
9,6,35,4,3,18.0,0,2
5,13,13,1,5,19.0,4,1
7,48,40,5,2,1.0,0,2
2,36,32,4,3,15.0,0,2
3,18,34,1,1,21.0,0,1
9,6,21,1,5,19.0,4,1
7,48,13,1,1,20.0,0,1
3,18,21,1,1,21.0,4,1
7,48,23,1,5,16.0,0,1
8,8,26,1,1,20.0,0,1
3,55,17,1,1,21.0,3,1
2,42,28,1,5,16.0,0,1
9,53,16,1,3,13.0,3,1
7,40,11,1,5,1.0,0,1
6,47,37,1,1,17.0,0,1
5,51,23,1,1,17.0,2,1
5,37,4,1,5,5.0,0,1
1,25,24,1,5,16.0,0,1
9,6,14,1,5,22.0,6,1
4,31,4,2,5,6.0,0,1
8,8,35,1,2,16.0,0,1
9,6,0,1,5,0.0,0,1
1,44,32,4,1,22.0,0,2
5,13,2,1,5,2.0,0,1
1,9,49,1,2,16.0,0,1
2,34,28,1,1,16.0,2,1
1,44,28,5,3,1.0,3,2
9,6,22,1,3,19.0,0,1
5,13,25,1,1,22.0,3,1
9,41,39,1,1,22.0,0,1
9,6,35,5,1,1.0,0,2
4,27,31,1,1,23.0,14,1
2,36,26,1,1,16.0,1,1
2,36,32,1,3,16.0,0,1
6,21,36,1,1,16.0,0,1
9,6,19,1,1,21.0,0,1
7,48,28,3,1,18.0,2,1
2,34,38,1,1,19.0,0,1
3,39,18,1,3,21.0,0,1
7,40,4,1,5,5.0,0,1
5,54,41,1,2,20.0,0,1
2,36,19,1,1,21.0,0,1
9,6,25,5,1,16.0,0,2
5,12,35,1,1,20.0,0,1
2,36,21,4,1,22.0,2,2
9,53,24,1,1,21.0,0,1
1,25,43,1,2,10.0,0,1
7,40,30,1,1,16.0,0,1
9,41,6,1,5,9.0,0,1
5,12,32,4,4,15.0,0,2
9,6,17,5,5,6.0,2,2
0,72,13,2,5,16.0,0,1
2,36,11,1,5,21.0,0,1
5,51,5,1,5,7.0,0,1
5,45,29,1,1,19.0,2,1
5,51,5,1,5,8.0,0,1
2,36,33,1,3,21.0,0,1
3,18,9,1,5,16.0,1,1
3,39,32,1,3,16.0,2,1
8,4,10,1,1,16.0,0,1
7,48,7,1,5,12.0,0,1
9,6,11,1,5,1.0,1,1
3,26,1,1,5,1.0,0,1
4,19,36,1,1,21.0,0,1
2,34,9,1,5,16.0,0,1
5,37,20,1,5,19.0,2,1
2,34,27,1,1,22.0,7,1
9,6,9,1,5,16.0,0,1
6,28,30,1,1,15.0,0,1
3,39,21,1,5,19.0,1,1
9,6,19,4,5,21.0,5,2
7,22,33,1,1,20.0,0,1
6,47,36,1,1,21.0,0,1
3,55,21,1,1,16.0,0,1
9,6,27,1,5,16.0,0,1
7,48,29,1,1,22.0,35,1
2,36,24,4,2,16.0,0,2
9,6,6,1,5,11.0,0,1
5,51,4,1,5,6.0,0,1
5,37,21,1,1,21.0,2,1
7,40,45,1,1,20.0,0,1
7,22,3,3,5,1.0,0,1
8,4,27,4,3,19.0,3,2
5,37,30,1,1,23.0,0,1
8,32,4,1,5,4.0,0,1
8,8,12,1,1,20.0,2,1
9,6,41,4,3,13.0,0,2
3,55,7,1,5,11.0,0,1
5,51,35,1,1,12.0,0,1
3,26,38,1,5,21.0,0,1
1,25,13,1,5,16.0,0,1
9,6,18,4,3,18.0,0,2
3,55,26,1,5,16.0,0,1
9,6,16,1,5,22.0,7,1
9,6,35,1,1,21.0,1,1
9,6,41,4,1,16.0,0,2
3,17,26,4,1,21.0,9,2
5,45,7,1,5,10.0,0,1
9,6,4,1,5,4.0,0,1
7,48,27,1,1,16.0,1,1
1,25,35,1,5,16.0,0,1
8,4,20,1,1,16.0,2,1
5,37,32,1,1,20.0,7,1
7,22,28,1,1,21.0,2,1
9,53,36,1,1,19.0,0,1
4,27,2,1,5,1.0,0,1
2,42,22,1,1,24.0,9,1
2,42,1,1,5,0.0,0,1
2,36,38,1,1,16.0,1,1
5,12,14,1,5,16.0,0,1
9,6,23,1,1,19.0,1,1
6,47,43,1,1,17.0,0,1
7,48,3,3,5,3.0,0,1
2,42,26,1,1,21.0,0,1
9,6,6,1,5,9.0,0,1
7,48,30,1,1,21.0,0,1
1,23,10,1,5,21.0,3,1
1,25,12,1,5,21.0,0,1
5,13,15,1,1,19.0,4,1
9,6,11,1,5,16.0,0,1
9,2,6,1,5,11.0,0,1
7,22,21,1,1,19.0,0,1
8,32,6,1,5,10.0,0,1
9,53,14,1,5,21.0,9,1
4,29,15,1,1,21.0,2,1
5,12,31,1,1,14.0,1,1
3,55,34,1,3,17.0,0,1
7,48,38,1,1,22.0,3,1
2,34,15,1,1,21.0,4,1
2,42,25,1,1,21.0,6,1
8,49,18,1,1,21.0,1,1
7,48,25,4,1,5.0,5,2
2,36,34,1,1,24.0,0,1
5,12,46,2,3,8.0,0,1
9,6,14,5,1,1.0,0,2
5,24,35,1,2,21.0,0,1
2,42,2,1,5,2.0,0,1
4,29,29,1,5,21.0,6,1
5,45,24,1,1,14.0,0,1
5,24,32,1,5,21.0,5,1
7,48,15,3,1,21.0,0,1
2,36,6,1,5,10.0,0,1
2,36,39,1,2,11.0,0,1
6,21,5,1,5,7.0,0,1
5,37,45,1,1,21.0,0,1
6,1,4,1,5,5.0,0,1
9,6,21,1,5,22.0,7,1
4,46,15,1,5,18.0,2,1
2,42,27,1,1,21.0,5,1
4,29,32,1,1,16.0,0,1
6,1,27,4,1,16.0,4,2
9,6,22,1,5,20.0,3,1
3,39,3,1,5,2.0,0,1
8,8,20,1,1,21.0,4,1
5,45,39,1,1,16.0,0,1
3,26,36,1,1,21.0,0,1
6,28,3,1,5,3.0,0,1
8,8,13,1,5,21.0,8,1
7,48,9,1,5,14.0,0,1
0,72,16,2,5,20.0,0,1
9,6,32,4,3,20.0,1,2
5,24,24,1,4,16.0,1,1
2,36,15,1,1,19.0,3,1
3,39,12,1,5,20.0,0,1
3,55,15,2,5,16.0,1,1
4,29,38,1,1,20.0,0,1
2,42,38,1,1,16.0,0,1
7,48,6,1,5,9.0,0,1
7,48,14,5,5,21.0,6,2
2,34,18,1,5,22.0,5,1
6,28,17,1,1,21.0,3,1
3,39,22,1,3,21.0,4,1
5,37,42,1,1,21.0,2,1
5,12,31,1,3,24.0,4,1
5,54,13,1,1,19.0,0,1
1,25,14,1,5,19.0,0,1
4,31,37,1,1,21.0,0,1
9,41,34,1,3,20.0,0,1
2,42,34,1,3,16.0,3,1
3,17,12,1,5,21.0,3,1
5,37,12,1,5,16.0,1,1
2,36,33,1,3,22.0,0,1
7,48,24,5,4,7.0,0,2
5,51,7,1,5,11.0,0,1
9,6,30,1,1,21.0,0,1
2,36,39,1,5,17.0,4,1
6,28,16,1,5,16.0,0,1
9,6,11,1,1,19.0,0,1
5,12,22,1,1,19.0,4,1
7,48,15,1,1,16.0,2,1
4,27,14,1,1,20.0,4,1
6,21,13,1,1,21.0,2,1
3,55,12,1,1,18.0,1,1
3,18,34,1,1,22.0,0,1
3,39,24,5,1,21.0,7,2
9,6,31,1,3,20.0,4,1
9,6,8,1,5,14.0,0,1
7,22,18,1,5,20.0,3,1
9,41,18,1,1,19.0,2,1
5,51,5,1,5,8.0,0,1
9,6,14,1,1,18.0,0,1
2,36,6,1,5,10.0,0,1
5,51,38,1,5,16.0,0,1
2,36,34,1,3,14.0,1,1
4,27,40,4,1,22.0,0,2
6,1,33,1,1,17.0,0,1
5,12,18,4,1,15.0,0,2
8,35,14,1,1,16.0,1,1
5,51,15,1,5,22.0,7,1
5,24,31,4,2,21.0,0,2
2,36,11,4,5,21.0,0,2
2,34,7,1,5,12.0,0,1
5,13,6,1,5,10.0,0,1
4,31,30,1,1,19.0,4,1
4,29,7,1,5,12.0,0,1
3,26,14,1,1,24.0,0,1
3,55,20,1,1,20.0,0,1
3,39,37,1,1,16.0,0,1
5,12,40,1,1,16.0,0,1
3,18,5,1,5,8.0,0,1
7,48,35,1,1,18.0,3,1
5,12,41,1,3,16.0,0,1
7,22,27,1,1,16.0,0,1
7,48,19,1,1,23.0,0,1
8,16,1,1,5,2.0,0,1
6,21,35,1,3,21.0,1,1
8,4,12,1,5,16.0,1,1
3,26,28,1,3,21.0,3,1
3,39,28,1,3,16.0,1,1
4,29,13,1,5,21.0,0,1
2,42,5,1,5,8.0,0,1
8,4,22,1,5,20.0,6,1
5,12,12,1,5,21.0,2,1
8,49,3,1,5,3.0,0,1
2,34,22,1,5,16.0,0,1
0,72,46,2,2,1.0,0,1
2,42,27,1,1,21.0,4,1
2,36,37,5,2,21.0,0,2
8,4,37,1,1,21.0,0,1
0,72,32,1,1,19.0,0,1
7,48,27,1,1,20.0,1,1
6,1,5,1,5,7.0,0,1
7,48,12,1,5,22.0,3,1
3,26,36,1,1,19.0,0,1
9,6,19,4,3,16.0,1,2
3,55,8,1,5,14.0,0,1
5,51,35,1,1,16.0,0,1
5,37,35,1,1,21.0,0,1
9,6,29,5,2,21.0,2,2
2,42,21,1,1,22.0,4,1
5,12,13,1,5,22.0,0,1
9,6,30,1,1,17.0,0,1
5,13,47,1,2,19.0,0,1
5,12,19,3,1,22.0,0,1
7,22,41,1,3,22.0,0,1
5,12,11,1,1,19.0,0,1
9,6,11,1,5,16.0,0,1
5,12,8,1,5,14.0,0,1
1,9,40,1,1,16.0,0,1
1,9,19,1,5,18.0,0,1
4,46,19,1,4,18.0,0,1
8,4,35,1,1,16.0,0,1
9,6,22,1,5,22.0,0,1
6,47,16,1,5,18.0,4,1
5,13,22,1,5,1.0,3,1
3,39,21,1,1,20.0,1,1
8,4,41,1,1,21.0,0,1
6,21,4,1,5,5.0,0,1
9,6,32,1,3,21.0,0,1
4,29,35,1,1,16.0,0,1
1,25,24,1,3,22.0,4,1
9,6,5,1,5,7.0,0,1
8,4,20,1,3,16.0,0,1
3,18,35,1,1,18.0,2,1
3,26,33,1,1,14.0,0,1
5,12,27,1,1,16.0,9,1
4,19,22,1,1,20.0,4,1
2,36,24,4,1,22.0,6,2
3,17,9,1,5,18.0,3,1
5,37,15,1,1,12.0,0,1
6,47,27,1,3,16.0,3,1
2,34,25,3,5,21.0,9,1
7,48,31,1,3,19.0,0,1
3,18,6,1,5,11.0,0,1
5,12,30,1,5,16.0,0,1
3,17,17,1,1,21.0,3,1
6,21,29,1,5,16.0,2,1
7,48,4,1,5,5.0,0,1
7,22,35,1,5,16.0,0,1
6,28,15,1,1,13.0,2,1
8,16,38,1,1,22.0,0,1
5,12,2,1,5,3.0,0,1
8,16,21,1,3,17.0,2,1
7,48,18,5,1,1.0,0,2
5,51,7,1,5,11.0,0,1
2,36,6,1,5,11.0,0,1
3,26,7,1,5,11.0,0,1
2,42,4,1,5,6.0,0,1
7,48,25,1,1,16.0,5,1
7,5,1,1,5,1.0,0,1
2,36,4,1,5,5.0,0,1
4,27,35,1,1,22.0,0,1
5,13,16,1,5,15.0,2,1
5,45,18,1,1,21.0,5,1
4,29,22,1,3,21.0,2,1
8,32,34,1,2,12.0,0,1
7,40,31,1,3,20.0,1,1
2,42,48,1,2,21.0,0,1
3,18,4,1,5,7.0,0,1
9,6,1,1,5,0.0,0,1
7,48,34,1,5,16.0,0,1
6,1,35,1,1,20.0,0,1
2,34,35,1,1,21.0,7,1
4,29,6,1,5,10.0,0,1
6,21,5,1,5,6.0,0,1
9,41,25,1,1,20.0,5,1
9,6,29,1,1,21.0,0,1
5,54,41,1,2,16.0,1,1
4,29,4,1,5,5.0,0,1
9,6,38,1,1,17.0,0,1
6,47,31,1,2,16.0,2,1
5,45,9,1,5,14.0,0,1
3,26,13,5,5,21.0,7,2
4,27,37,1,5,21.0,0,1
7,48,35,1,1,16.0,0,1
2,34,32,1,2,16.0,5,1
8,49,8,1,5,14.0,0,1
6,28,13,1,5,21.0,2,1
5,54,6,1,5,9.0,0,1
9,6,31,1,5,19.0,2,1
1,25,9,5,5,18.0,0,2
3,17,8,5,5,14.0,0,2
5,13,18,1,1,19.0,0,1
3,26,12,1,5,20.0,3,1
5,13,22,1,1,20.0,3,1
7,48,0,1,5,0.0,0,1
6,21,26,1,1,21.0,5,1
9,6,20,1,1,22.0,0,1
8,35,26,1,5,19.0,2,1
5,51,15,1,1,21.0,6,1
9,41,31,5,3,22.0,0,2
6,1,33,1,2,18.0,0,1
8,30,34,1,1,19.0,0,1
9,6,25,5,1,21.0,22,2
3,39,19,4,1,22.0,9,2
5,37,33,1,3,24.0,1,1
7,48,32,1,3,19.0,0,1
5,54,19,1,3,1.0,3,1
9,6,12,1,5,19.0,0,1
9,6,17,5,3,16.0,0,2
9,53,0,1,5,0.0,0,1
9,6,10,1,5,20.0,0,1
1,33,27,1,3,21.0,4,1
9,53,20,1,5,17.0,0,1
4,19,15,1,1,21.0,5,1
9,6,45,4,2,19.0,0,2
7,48,9,1,5,11.0,0,1
3,39,17,1,5,21.0,3,1
3,39,24,1,3,19.0,0,1
7,48,15,1,1,19.0,1,1
5,45,25,1,1,19.0,0,1
2,42,2,1,5,2.0,0,1
9,6,29,1,1,19.0,6,1
5,51,1,1,5,0.0,0,1
2,42,39,1,1,16.0,0,1
3,17,7,1,5,10.0,0,1
3,39,38,1,3,16.0,0,1
2,36,18,1,5,11.0,4,1
9,53,28,1,3,18.0,0,1
2,42,10,1,5,19.0,0,1
6,47,35,1,1,19.0,2,1
2,42,23,1,1,19.0,4,1
4,27,12,1,1,21.0,2,1
3,26,3,1,5,2.0,0,1
9,6,25,1,5,21.0,0,1
9,53,38,1,1,20.0,0,1
7,5,7,1,5,12.0,0,1
3,17,36,3,2,19.0,0,1
6,1,31,1,4,13.0,0,1
5,51,24,1,5,13.0,0,1
9,15,17,1,3,20.0,3,1
7,48,19,1,5,16.0,1,1
1,23,18,1,1,21.0,5,1
4,27,35,1,2,19.0,0,1
2,36,37,1,1,23.0,0,1
9,6,20,1,5,12.0,1,1
6,47,32,1,1,18.0,2,1
4,29,11,1,5,21.0,0,1
2,36,37,1,1,21.0,0,1
6,28,30,1,2,1.0,0,1
2,42,41,1,1,16.0,0,1
9,6,21,4,1,22.0,5,2
9,6,14,1,5,21.0,2,1
3,17,25,5,5,14.0,1,2
3,17,14,1,5,1.0,1,1
9,41,25,1,5,22.0,2,1
5,13,4,1,5,7.0,0,1
5,51,48,1,2,8.0,0,1
9,6,33,4,1,16.0,0,2
4,20,10,1,5,13.0,0,1
5,12,44,1,2,16.0,0,1
2,36,39,1,1,22.0,0,1
5,51,33,1,1,16.0,6,1
4,29,36,1,1,17.0,0,1
5,13,28,1,1,20.0,4,1
5,12,40,1,1,19.0,0,1
2,34,41,1,2,21.0,0,1
2,34,15,1,5,22.0,3,1
2,34,37,1,1,21.0,0,1
3,17,9,1,5,14.0,0,1
2,36,23,1,3,15.0,7,1
5,45,13,1,5,16.0,2,1
5,12,21,1,5,20.0,3,1
8,32,34,1,1,21.0,0,1
2,36,11,1,5,21.0,0,1
2,36,23,1,1,23.0,8,1
7,22,13,1,1,21.0,4,1
9,6,30,1,1,16.0,0,1
8,56,25,1,1,16.0,0,1
5,13,34,1,1,16.0,0,1
3,55,19,1,1,16.0,0,1
3,26,14,1,1,24.0,1,1
5,51,26,1,1,19.0,3,1
3,26,3,1,5,3.0,0,1
5,45,11,1,5,20.0,1,1
5,37,0,1,5,0.0,0,1
6,1,19,1,1,16.0,0,1
5,12,31,1,2,17.0,0,1
2,36,9,1,5,18.0,0,1
7,48,35,1,3,20.0,1,1
5,24,25,3,3,22.0,6,1
3,39,31,1,5,21.0,2,1
2,36,7,1,5,12.0,0,1
5,12,27,1,1,19.0,2,1
4,29,22,1,3,20.0,8,1
5,37,1,1,5,0.0,0,1
2,42,26,1,5,20.0,0,1
3,39,35,1,1,16.0,32,1
3,17,13,1,1,21.0,1,1
1,25,17,1,3,21.0,0,1
1,9,18,1,1,22.0,20,1
1,23,29,1,1,16.0,0,1
5,13,40,1,1,16.0,0,1
3,17,32,3,1,19.0,2,1
3,17,18,1,3,13.0,1,1
9,41,36,1,3,23.0,0,1
9,6,39,5,2,1.0,0,2
4,38,18,1,1,16.0,1,1
5,13,28,1,1,16.0,0,1
6,1,24,1,1,20.0,3,1
8,32,5,1,5,7.0,0,1
9,6,24,1,1,24.0,0,1
9,53,30,1,1,21.0,0,1
5,24,20,1,3,21.0,3,1
8,49,14,1,1,22.0,0,1
8,49,30,1,3,16.0,0,1
8,8,18,1,1,21.0,7,1
5,13,0,1,5,0.0,0,1
9,6,6,1,5,10.0,0,1
6,1,11,1,5,19.0,0,1
5,13,36,1,1,19.0,0,1
4,29,37,1,2,20.0,4,1
8,4,22,1,1,21.0,16,1
9,6,27,1,1,19.0,26,1
2,36,2,1,5,1.0,0,1
9,6,2,1,5,1.0,0,1
5,24,30,1,1,21.0,6,1
7,22,19,1,5,19.0,3,1
7,48,23,5,1,1.0,1,2
5,51,23,4,1,21.0,11,2
3,26,26,1,1,21.0,1,1
5,12,21,1,1,21.0,4,1
9,6,20,5,1,22.0,11,2
9,53,27,1,3,18.0,3,1
5,45,37,1,1,17.0,0,1
9,41,3,1,5,3.0,0,1
7,22,16,1,5,22.0,4,1
3,26,24,1,1,21.0,0,1
8,4,1,1,5,0.0,0,1
3,39,10,1,5,13.0,0,1
2,34,31,1,1,16.0,0,1
3,17,7,1,5,12.0,0,1
3,39,18,1,1,21.0,9,1
1,25,3,1,5,5.0,0,1
6,21,13,1,5,23.0,4,1
6,1,28,1,1,16.0,0,1
5,37,44,1,1,15.0,0,1
7,48,20,1,1,22.0,4,1
5,13,4,1,5,5.0,0,1
5,13,22,1,1,23.0,4,1
2,42,32,1,1,17.0,0,1
9,53,17,1,5,21.0,2,1
9,53,31,1,1,23.0,0,1
7,48,27,1,1,21.0,0,1
9,6,21,4,1,16.0,4,2
8,8,17,1,3,18.0,2,1
4,29,20,1,1,21.0,6,1
9,41,17,1,1,19.0,0,1
1,25,9,1,5,19.0,0,1
5,12,39,1,1,18.0,0,1
5,12,44,4,5,20.0,0,2
5,37,10,1,5,16.0,1,1
2,36,29,1,1,20.0,2,1
5,37,21,1,5,19.0,4,1
5,37,30,1,1,20.0,2,1
9,6,39,1,3,19.0,0,1
7,48,15,5,1,16.0,1,2
5,24,39,4,1,18.0,0,2
1,9,4,1,5,6.0,0,1
3,17,26,1,5,18.0,1,1
8,8,20,1,1,13.0,0,1
6,1,22,1,3,21.0,7,1
4,29,23,1,3,18.0,0,1
3,39,28,1,5,21.0,1,1
4,27,19,1,1,18.0,2,1
2,34,21,5,1,12.0,1,2
1,9,7,5,5,13.0,0,2
7,48,20,5,1,21.0,0,2
3,26,8,1,5,14.0,0,1
5,13,10,1,5,19.0,0,1
2,36,4,5,5,8.0,0,2
5,12,11,1,5,20.0,0,1
3,26,33,1,1,16.0,0,1
5,13,20,1,1,22.0,3,1
2,36,26,1,1,22.0,9,1
3,18,24,1,3,21.0,4,1
4,31,28,1,5,11.0,0,1
9,53,38,1,1,20.0,0,1
4,19,7,1,5,10.0,0,1
9,6,43,1,1,20.0,0,1
5,12,43,1,1,22.0,0,1
2,36,28,1,3,17.0,0,1
4,29,21,1,3,18.0,3,1
9,53,40,1,1,21.0,0,1
8,30,36,1,1,20.0,0,1
6,1,30,1,1,14.0,3,1
4,29,26,1,1,21.0,1,1
7,5,32,1,3,21.0,4,1
7,5,37,1,1,16.0,0,1
9,6,22,5,1,21.0,0,2
5,51,24,5,1,22.0,9,2
9,53,21,1,1,17.0,7,1
5,24,30,1,1,19.0,8,1
6,1,6,1,5,10.0,0,1
9,6,21,5,5,16.0,0,2
3,17,14,1,1,19.0,0,1
9,6,14,1,1,21.0,6,1
2,36,27,1,4,21.0,2,1
6,47,6,1,5,11.0,0,1
4,20,1,1,5,0.0,0,1
9,6,23,5,1,22.0,12,2
5,12,35,1,1,18.0,0,1
9,6,31,4,1,19.0,0,2
3,39,20,1,5,1.0,0,1
1,44,28,1,5,16.0,1,1
3,39,34,1,3,16.0,0,1
4,29,24,1,3,18.0,8,1
2,42,6,1,5,11.0,0,1
9,2,29,5,1,16.0,0,2
6,47,21,5,5,11.0,0,2
7,48,10,1,5,19.0,1,1
9,6,27,4,1,23.0,45,2
4,27,9,1,5,19.0,0,1
5,13,1,1,5,1.0,0,1
9,6,11,5,5,16.0,2,2
8,8,20,4,1,22.0,3,2
7,48,10,5,1,16.0,0,2
5,37,47,1,2,16.0,0,1
3,39,18,1,1,14.0,0,1
4,19,1,1,5,1.0,0,1
5,51,26,1,1,21.0,13,1
5,24,8,1,1,13.0,0,1
2,42,30,1,5,22.0,3,1
9,6,30,3,3,19.0,2,1
5,13,20,4,1,21.0,2,2
2,36,1,1,5,1.0,0,1
7,48,14,1,3,16.0,0,1
9,6,14,1,5,22.0,3,1
3,17,27,1,1,21.0,5,1
5,51,8,1,5,13.0,0,1
9,6,3,1,5,4.0,0,1
3,39,39,1,3,18.0,0,1
5,10,3,1,5,4.0,0,1
5,12,22,1,5,23.0,3,1
9,53,43,1,2,19.0,0,1
6,1,35,1,3,18.0,0,1
6,47,3,5,5,3.0,0,2
5,37,30,1,1,16.0,0,1
9,6,36,4,5,21.0,0,2
3,18,15,1,1,16.0,3,1
4,20,40,1,3,22.0,0,1
3,26,8,1,5,13.0,0,1
2,34,1,1,5,0.0,0,1
9,53,15,1,1,17.0,3,1
9,6,1,1,5,1.0,0,1
3,39,38,1,2,16.0,0,1
5,24,4,1,5,7.0,0,1
9,6,17,1,1,16.0,2,1
8,32,35,1,3,19.0,0,1
4,29,18,1,5,16.0,0,1
3,18,33,1,1,20.0,2,1
3,26,12,1,5,15.0,0,1
8,8,32,1,1,16.0,1,1
3,18,32,1,1,19.0,2,1
3,26,22,1,1,20.0,0,1
5,37,37,1,1,13.0,0,1
9,6,14,5,5,19.0,4,2
4,29,35,1,1,20.0,0,1
8,49,13,1,1,22.0,4,1
6,47,10,1,5,16.0,1,1
9,6,0,1,5,0.0,0,1
1,25,2,1,5,2.0,0,1
6,21,17,1,1,18.0,0,1
3,26,13,1,1,16.0,2,1
6,1,30,1,1,1.0,0,1
2,36,36,1,1,22.0,0,1
3,18,22,1,1,16.0,4,1
8,4,9,1,5,18.0,1,1
7,48,11,1,5,17.0,0,1
9,6,35,1,3,16.0,0,1
8,8,32,1,1,16.0,4,1
5,12,15,1,5,16.0,1,1
3,39,34,1,2,12.0,0,1
5,37,15,4,1,21.0,3,2
6,47,6,1,5,8.0,0,1
2,36,19,1,1,22.0,5,1
3,39,35,1,1,20.0,0,1
3,17,21,1,1,16.0,1,1
5,45,31,1,2,23.0,4,1
2,36,4,1,5,5.0,0,1
7,48,14,1,1,19.0,0,1
2,36,11,1,5,20.0,0,1
7,48,31,4,2,16.0,0,2
7,40,29,1,4,19.0,0,1
7,40,0,1,5,0.0,0,1
2,34,35,1,2,19.0,0,1
3,39,29,1,1,16.0,5,1
7,48,30,1,4,21.0,3,1
5,37,1,1,5,0.0,0,1
8,8,33,1,1,21.0,0,1
8,32,29,3,3,18.0,5,1
7,48,10,1,5,19.0,0,1
7,22,5,1,5,8.0,0,1
5,24,7,1,5,12.0,0,1
6,28,17,1,3,19.0,2,1
1,25,14,1,5,21.0,0,1
9,6,28,5,1,24.0,5,2
5,12,35,1,2,18.0,0,1
5,37,15,1,5,16.0,0,1
7,48,23,4,1,15.0,0,2
3,26,15,1,5,16.0,0,1
9,6,12,1,5,15.0,0,1
5,45,20,1,1,21.0,34,1
7,5,2,1,5,2.0,0,1
6,28,38,1,3,16.0,0,1
1,25,4,5,5,3.0,0,2
2,34,8,1,5,13.0,0,1
1,25,34,1,1,22.0,0,1
2,42,32,1,1,16.0,0,1
2,42,39,1,1,16.0,0,1
9,6,6,1,5,9.0,0,1
7,48,8,1,5,14.0,0,1
3,26,20,1,1,20.0,3,1
3,39,25,1,1,19.0,4,1
3,39,6,1,5,9.0,0,1
4,27,5,1,5,7.0,0,1
2,34,33,1,5,20.0,0,1
3,39,42,1,3,1.0,0,1
9,6,18,1,1,19.0,2,1
9,53,0,1,5,0.0,0,1
9,53,35,1,1,19.0,0,1
9,6,12,1,1,19.0,1,1
9,6,33,1,3,16.0,0,1
5,54,30,1,1,16.0,6,1
9,53,32,2,1,22.0,8,1
9,53,1,1,5,0.0,0,1
5,12,27,1,1,20.0,6,1
2,42,32,1,1,21.0,14,1
9,6,34,1,2,16.0,0,1
9,6,19,1,1,16.0,0,1
9,6,4,1,5,6.0,0,1
2,34,18,1,5,1.0,3,1
5,51,38,4,1,19.0,0,2
9,6,31,5,2,5.0,0,2
5,37,3,1,5,3.0,0,1
5,24,26,1,3,16.0,4,1
1,23,34,1,1,21.0,6,1
2,36,7,1,5,11.0,0,1
8,35,11,1,5,20.0,0,1
9,6,31,4,5,20.0,0,2
2,36,11,1,5,21.0,0,1
3,17,28,1,1,18.0,4,1
7,5,37,1,1,21.0,0,1
2,36,15,4,5,16.0,0,2
9,6,19,1,1,19.0,4,1
5,37,16,1,1,16.0,0,1
6,1,24,1,1,17.0,3,1
5,12,13,1,5,13.0,0,1
7,48,29,1,1,22.0,0,1
8,8,13,1,5,20.0,2,1
3,39,32,1,1,15.0,3,1
5,13,8,1,5,13.0,0,1
5,13,36,1,1,21.0,0,1
8,8,19,1,1,22.0,8,1
9,6,11,5,5,16.0,0,2
3,18,26,1,1,20.0,6,1
5,51,11,1,5,19.0,1,1
9,6,0,1,5,0.0,0,1
7,48,8,1,5,13.0,0,1
9,6,27,4,1,12.0,0,2
5,24,37,1,3,20.0,0,1
1,25,11,1,5,21.0,0,1
9,6,26,1,1,19.0,2,1
5,12,26,1,1,21.0,9,1
7,48,16,1,1,16.0,3,1
9,6,28,5,5,12.0,0,2
6,47,15,1,1,22.0,1,1
5,51,29,4,3,16.0,0,2
2,36,4,1,5,6.0,0,1
0,72,8,2,5,14.0,0,1
3,39,28,1,3,17.0,0,1
5,24,29,1,1,19.0,11,1
7,48,26,1,1,22.0,7,1
3,18,7,4,5,10.0,0,2
5,24,31,1,1,21.0,10,1
9,6,34,1,5,21.0,0,1
3,26,19,1,1,21.0,4,1
2,42,9,1,5,14.0,0,1
5,45,29,1,3,21.0,0,1
6,21,21,1,2,21.0,27,1
3,17,25,4,1,16.0,0,2
5,12,19,1,1,22.0,2,1
9,41,2,1,5,2.0,0,1
5,54,24,1,3,16.0,4,1
1,33,40,1,1,16.0,0,1
5,10,28,1,1,18.0,6,1
7,48,31,4,1,12.0,0,2
4,27,17,1,1,19.0,0,1
7,5,18,1,4,19.0,0,1
5,54,3,1,5,4.0,0,1
3,39,9,1,5,16.0,0,1
4,19,1,1,5,1.0,0,1
5,13,36,1,1,16.0,0,1
7,22,26,1,5,16.0,0,1
3,26,31,1,1,16.0,1,1
5,45,30,1,1,17.0,0,1
9,6,13,1,5,22.0,6,1
2,36,14,1,5,21.0,0,1
5,12,6,1,5,10.0,0,1
2,34,26,1,3,18.0,7,1
6,28,36,1,3,19.0,0,1
0,72,14,2,5,21.0,1,1
5,54,14,1,5,16.0,1,1
9,6,8,1,5,13.0,0,1
2,36,27,1,3,22.0,5,1
9,6,20,1,1,21.0,4,1
2,42,34,1,1,16.0,0,1
7,40,3,1,5,3.0,0,1
9,6,23,1,1,22.0,7,1
7,48,18,1,1,16.0,1,1
2,36,25,2,3,18.0,2,1
7,48,9,1,3,9.0,0,1
5,37,15,1,5,20.0,1,1
6,21,25,1,5,11.0,0,1
4,29,38,1,1,12.0,0,1
9,2,26,1,1,16.0,6,1
9,53,35,5,3,17.0,1,2
5,51,4,1,5,4.0,0,1
2,36,28,1,2,17.0,0,1
9,6,34,4,1,19.0,0,2
9,41,20,4,1,21.0,5,2
5,12,45,1,2,15.0,0,1
6,1,3,1,5,4.0,0,1
1,50,31,1,1,19.0,2,1
8,32,18,5,1,22.0,4,2
9,6,48,5,2,1.0,0,2
9,6,25,1,1,19.0,9,1
2,42,21,1,1,11.0,0,1
9,15,7,1,5,12.0,0,1
7,48,12,1,5,21.0,4,1
5,45,26,1,3,19.0,6,1
3,18,37,1,1,21.0,0,1
7,40,11,1,1,16.0,1,1
3,39,16,1,1,21.0,7,1
3,26,36,1,1,18.0,0,1
5,13,22,1,1,21.0,0,1
5,37,25,1,1,21.0,3,1
9,6,12,1,5,21.0,1,1
5,51,3,1,5,4.0,0,1
9,6,13,1,5,16.0,0,1
2,36,17,1,1,21.0,7,1
4,29,38,1,1,19.0,0,1
7,48,12,5,5,16.0,2,2
8,16,32,1,1,16.0,0,1
2,34,5,1,5,8.0,0,1
4,27,0,1,5,0.0,0,1
4,27,17,1,5,17.0,0,1
5,37,22,1,1,21.0,1,1
5,51,25,1,1,23.0,7,1
4,19,6,1,5,9.0,0,1
4,29,0,1,5,0.0,0,1
4,27,22,1,1,21.0,5,1
9,6,7,1,5,10.0,0,1
7,48,40,1,1,16.0,0,1
9,6,13,1,5,21.0,9,1
2,34,19,5,1,21.0,1,2
9,6,32,1,1,19.0,1,1
3,17,4,1,5,5.0,0,1
8,16,31,1,1,19.0,3,1
6,1,37,1,2,16.0,0,1
1,25,0,1,5,0.0,0,1
2,36,7,1,5,12.0,0,1
8,8,15,5,1,16.0,0,2
3,17,19,1,5,21.0,0,1
0,72,24,2,4,18.0,1,1
3,18,18,1,1,19.0,0,1
9,6,20,5,5,18.0,3,2
5,12,25,1,1,20.0,3,1
5,12,3,1,5,3.0,0,1
5,51,2,1,5,1.0,0,1
7,48,20,1,3,12.0,0,1
6,21,45,1,5,16.0,0,1
2,34,17,1,1,21.0,12,1
3,39,11,1,4,16.0,0,1
7,48,24,1,1,21.0,3,1
7,48,14,1,1,19.0,0,1
2,34,34,4,1,16.0,0,2
2,42,3,1,5,3.0,0,1
3,18,6,1,5,9.0,0,1
2,34,34,1,1,19.0,0,1
6,47,22,1,1,20.0,4,1
7,48,10,1,5,19.0,0,1
9,15,11,1,5,21.0,0,1
7,48,30,1,1,19.0,6,1
5,13,11,1,5,21.0,4,1
2,42,18,1,5,20.0,3,1
5,51,39,1,4,23.0,14,1
5,12,33,1,1,18.0,0,1
9,6,3,1,5,4.0,0,1
8,35,21,1,3,19.0,0,1
2,34,32,4,1,21.0,0,2
3,17,6,1,5,9.0,0,1
9,6,4,1,5,8.0,0,1
3,55,39,1,1,16.0,0,1
3,18,46,1,2,16.0,0,1
5,12,41,1,2,19.0,0,1
9,6,18,1,5,20.0,5,1
3,17,40,1,2,16.0,0,1
5,45,18,1,1,21.0,2,1
4,27,38,1,1,24.0,0,1
8,4,24,5,1,16.0,0,2
7,48,8,1,5,13.0,0,1
4,29,35,1,3,22.0,0,1
3,17,48,1,2,16.0,0,1
2,42,14,1,1,20.0,1,1
9,6,4,1,5,6.0,0,1
8,4,38,1,1,16.0,0,1
7,48,15,1,5,21.0,8,1
5,12,28,1,3,10.0,3,1
1,25,10,5,5,19.0,0,2
2,36,26,1,1,19.0,0,1
2,36,17,1,5,16.0,0,1
9,6,9,1,5,16.0,0,1
8,30,30,1,1,20.0,8,1
7,5,23,1,1,16.0,0,1
2,36,41,4,1,20.0,0,2
2,42,40,1,5,21.0,0,1
6,21,37,1,1,16.0,0,1
9,6,36,1,5,19.0,6,1
5,12,9,1,5,16.0,1,1
8,4,7,1,5,10.0,0,1
6,1,35,1,1,16.0,0,1
2,36,27,1,3,21.0,2,1
3,39,28,1,1,22.0,0,1
5,13,34,1,1,21.0,0,1
3,18,1,1,5,0.0,0,1
2,36,45,1,2,15.0,0,1
2,36,15,1,5,16.0,4,1
4,19,24,1,1,22.0,1,1
4,27,18,1,1,19.0,3,1
3,39,12,1,5,16.0,0,1
3,18,24,1,1,21.0,7,1
7,40,30,1,1,21.0,2,1
2,36,9,1,5,15.0,0,1
5,12,13,1,5,16.0,1,1
9,6,25,5,5,16.0,0,2
5,45,15,5,5,24.0,6,2
9,6,28,1,3,18.0,3,1
8,4,2,1,5,2.0,0,1
6,47,33,1,1,23.0,0,1
5,24,4,1,5,6.0,0,1
1,25,45,1,4,16.0,0,1
2,36,38,1,1,17.0,0,1
4,27,14,1,5,13.0,2,1
5,12,9,1,5,16.0,0,1
5,12,36,4,1,16.0,0,2
4,19,26,1,5,17.0,1,1
7,48,28,1,1,21.0,5,1
2,36,23,1,1,21.0,0,1
1,9,17,1,5,21.0,7,1
6,1,4,1,5,6.0,0,1
3,39,20,1,1,23.0,6,1
4,31,27,1,3,20.0,3,1
9,6,3,1,5,4.0,0,1
5,12,3,1,5,3.0,0,1
7,48,36,1,3,16.0,0,1
7,22,33,1,3,19.0,0,1
3,18,2,1,5,2.0,0,1
1,25,40,1,2,11.0,0,1
7,48,2,1,5,1.0,0,1
5,13,31,1,1,16.0,3,1
6,47,0,1,5,0.0,0,1
7,48,15,1,1,22.0,5,1
2,42,11,1,5,16.0,0,1
5,37,27,3,1,21.0,13,1
8,35,41,1,3,22.0,0,1
7,40,10,1,5,16.0,1,1
6,1,7,1,5,12.0,0,1
5,37,15,1,5,16.0,0,1
6,1,31,1,3,13.0,0,1
5,12,41,1,1,21.0,0,1
9,6,12,1,5,20.0,0,1
9,6,8,5,5,13.0,0,2
7,48,31,1,1,22.0,2,1
3,26,14,1,5,18.0,0,1
2,36,20,4,1,21.0,5,2
9,6,3,1,5,4.0,0,1
1,33,17,1,1,21.0,4,1
9,53,38,1,3,21.0,0,1
6,47,26,1,3,20.0,0,1
5,12,10,1,5,19.0,0,1
3,17,18,1,1,21.0,4,1
3,17,12,1,5,16.0,1,1
3,26,19,1,5,16.0,0,1
5,37,11,1,5,16.0,1,1
7,22,34,4,2,21.0,0,2
7,48,36,1,1,16.0,0,1
8,4,6,1,5,10.0,0,1
5,12,23,1,1,19.0,3,1
5,13,29,1,1,18.0,2,1
5,12,40,1,1,20.0,0,1
5,13,26,1,1,22.0,5,1
9,15,31,5,3,18.0,0,2
6,21,38,1,1,20.0,0,1
3,55,17,1,3,20.0,4,1
5,12,44,1,1,14.0,0,1
3,18,5,1,5,7.0,0,1
7,48,11,5,5,19.0,0,2
3,26,48,1,2,16.0,0,1
5,12,25,1,1,20.0,3,1
5,51,2,1,5,2.0,0,1
8,49,17,1,1,21.0,0,1
2,36,20,1,5,24.0,5,1
9,6,7,1,5,11.0,0,1
9,6,18,1,1,22.0,4,1
9,6,25,5,1,18.0,0,2
9,6,7,1,5,11.0,0,1
3,18,32,1,1,16.0,3,1
9,6,34,1,1,19.0,0,1
8,8,11,1,5,19.0,2,1
6,28,32,1,1,1.0,0,1
2,36,9,5,1,16.0,0,2
3,39,24,1,3,24.0,1,1
5,13,11,1,5,19.0,0,1
9,6,3,1,5,3.0,0,1
7,48,34,1,1,24.0,6,1
4,27,15,1,5,21.0,2,1
4,27,42,1,1,19.0,0,1
3,17,3,1,5,3.0,0,1
7,48,5,1,5,9.0,0,1
3,39,4,1,5,5.0,0,1
7,48,22,1,1,15.0,4,1
5,37,27,1,1,17.0,2,1
3,39,39,1,1,21.0,0,1
5,51,19,1,1,24.0,15,1
7,48,7,1,5,12.0,0,1
5,12,10,4,5,19.0,1,2
9,6,1,1,5,0.0,0,1
0,72,34,2,1,16.0,0,1
7,40,12,1,5,21.0,0,1
3,17,46,1,2,22.0,0,1
5,37,27,1,3,20.0,2,1
1,9,33,1,5,1.0,0,1
2,36,11,1,5,21.0,2,1
5,45,31,1,1,21.0,3,1
5,12,20,1,5,16.0,0,1
7,48,0,1,5,0.0,0,1
9,6,11,1,5,21.0,3,1
9,6,9,1,5,16.0,1,1
8,8,3,1,5,3.0,0,1
5,13,2,1,5,2.0,0,1
2,34,22,4,1,19.0,6,2
8,4,25,1,1,19.0,1,1
9,6,23,1,1,22.0,4,1
3,18,8,1,5,14.0,0,1
7,40,18,1,1,16.0,2,1
7,22,2,1,5,2.0,0,1
7,48,29,4,1,21.0,14,2
9,53,38,1,1,20.0,0,1
5,54,5,1,5,7.0,0,1
1,25,19,1,1,20.0,3,1
7,48,1,1,5,0.0,0,1
8,49,9,1,5,14.0,0,1
3,39,27,1,1,16.0,4,1
2,42,15,1,5,16.0,0,1
2,36,23,1,1,19.0,0,1
1,9,7,1,5,10.0,0,1
2,36,38,1,1,16.0,0,1
5,51,28,1,1,22.0,7,1
5,12,43,1,1,23.0,0,1
5,45,31,1,3,22.0,4,1
5,12,5,1,5,8.0,0,1
5,13,34,1,2,16.0,4,1
3,18,32,1,1,19.0,0,1
5,13,6,1,5,9.0,0,1
1,25,35,1,1,21.0,0,1
9,6,2,1,5,1.0,0,1
6,28,2,1,5,1.0,0,1
3,17,7,1,5,13.0,0,1
8,16,20,1,1,19.0,0,1
5,51,27,1,5,19.0,4,1
4,46,33,1,1,16.0,0,1
9,41,8,1,5,14.0,0,1
3,17,25,1,1,17.0,0,1
9,53,31,1,1,18.0,1,1
9,6,26,4,1,21.0,0,2
5,45,48,1,2,16.0,0,1
8,56,25,1,1,21.0,6,1
5,24,28,4,2,16.0,2,2
2,34,23,1,1,21.0,2,1
5,13,32,1,1,22.0,0,1
4,20,27,1,1,21.0,3,1
5,24,14,1,1,22.0,3,1
2,36,36,1,2,19.0,0,1
6,47,35,1,1,22.0,11,1
3,17,29,1,3,16.0,0,1
5,12,46,1,1,16.0,0,1
9,6,4,5,5,6.0,0,2
7,48,14,1,5,16.0,3,1
9,53,28,1,1,21.0,6,1
2,42,27,1,3,20.0,2,1
3,18,26,1,1,19.0,1,1
5,51,18,1,1,21.0,7,1
3,26,27,1,1,22.0,6,1
5,51,41,4,3,20.0,0,2
7,22,12,1,5,12.0,0,1
3,18,34,1,3,16.0,0,1
3,39,44,1,3,16.0,0,1
7,48,7,1,5,11.0,0,1
1,50,30,1,3,17.0,3,1
9,15,32,1,3,19.0,3,1
2,36,8,5,5,14.0,0,2
9,41,21,1,1,16.0,4,1
9,53,36,1,1,19.0,0,1
7,5,40,1,1,12.0,0,1
4,29,1,1,5,1.0,0,1
5,12,4,1,5,5.0,0,1
2,34,18,1,5,21.0,3,1
9,41,3,1,5,5.0,0,1
5,51,8,1,5,14.0,0,1
9,6,27,1,5,20.0,0,1
7,22,12,1,1,16.0,0,1
2,34,5,1,5,8.0,0,1
8,32,31,1,5,22.0,14,1
6,1,39,1,1,18.0,0,1
3,55,30,1,3,21.0,2,1
9,41,22,1,3,21.0,0,1
9,53,27,1,1,16.0,5,1
2,42,1,1,5,2.0,0,1
6,47,24,1,1,21.0,9,1
3,18,14,1,1,18.0,0,1
3,18,39,1,1,12.0,0,1
8,4,42,1,1,16.0,0,1
2,34,31,1,5,19.0,0,1
9,53,22,1,1,20.0,3,1
9,53,2,1,5,2.0,0,1
1,9,31,1,1,18.0,3,1
7,40,35,1,1,18.0,27,1
7,48,7,1,5,12.0,0,1
2,36,17,1,5,19.0,0,1
7,48,41,1,1,21.0,0,1
7,48,26,1,1,22.0,4,1
7,48,26,4,1,21.0,1,2
9,6,9,1,5,18.0,0,1
5,45,6,1,5,11.0,0,1
2,36,7,1,5,11.0,0,1
7,40,10,1,5,19.0,0,1
2,34,2,1,5,2.0,0,1
5,24,37,4,1,22.0,5,2
5,51,4,1,5,4.0,0,1
5,24,30,1,2,16.0,7,1
9,15,4,1,5,7.0,0,1
3,18,12,1,5,18.0,3,1
5,54,8,1,5,13.0,0,1
3,18,27,5,1,18.0,0,2
5,13,27,1,1,20.0,3,1
1,33,27,1,1,20.0,4,1
5,12,40,1,1,18.0,0,1
2,36,36,1,5,15.0,0,1
2,34,34,1,1,17.0,0,1
3,55,44,1,2,16.0,0,1
1,23,37,4,1,19.0,1,2
7,5,21,1,4,23.0,5,1
3,39,37,1,1,21.0,0,1
7,40,26,1,1,20.0,1,1
0,72,33,2,1,7.0,0,1
2,34,23,1,1,21.0,3,1
4,38,18,1,1,20.0,3,1
3,18,31,1,1,22.0,5,1
9,6,4,1,5,5.0,0,1
2,36,45,1,2,16.0,0,1
5,37,16,1,1,19.0,1,1
2,34,31,4,2,16.0,1,2
2,36,23,1,1,20.0,0,1
7,22,3,1,5,3.0,0,1
9,6,39,4,1,16.0,0,2
7,48,16,1,5,22.0,6,1
8,8,25,1,1,19.0,2,1
8,4,18,1,5,19.0,0,1
2,36,0,1,5,0.0,0,1
6,21,13,1,5,16.0,1,1
5,24,19,1,1,20.0,2,1
3,26,35,1,1,20.0,0,1
2,36,21,1,1,16.0,0,1
2,36,33,1,3,16.0,0,1
6,1,38,1,2,17.0,0,1
5,37,42,1,1,12.0,0,1
8,49,36,1,2,16.0,0,1
5,13,37,4,1,10.0,0,2
1,9,10,1,5,19.0,0,1
5,37,2,1,5,1.0,0,1
4,29,34,1,1,18.0,3,1
6,1,18,1,1,20.0,0,1
7,22,6,1,5,11.0,0,1
6,21,7,1,5,11.0,0,1
2,42,32,1,1,21.0,0,1
5,51,24,1,1,21.0,2,1
7,48,9,1,5,14.0,0,1
8,4,18,1,5,16.0,0,1
7,48,6,1,5,10.0,0,1
2,34,41,4,2,22.0,0,2
8,4,18,2,1,16.0,1,1
9,6,6,1,5,11.0,0,1
9,6,30,4,1,16.0,4,2
9,6,6,1,5,10.0,0,1
9,53,30,1,5,16.0,3,1
1,25,17,1,1,21.0,3,1
9,6,9,3,5,14.0,0,1
2,42,30,1,1,21.0,4,1
7,5,19,1,1,18.0,3,1
6,47,47,1,2,16.0,0,1
9,41,38,1,3,23.0,0,1
7,22,24,1,1,19.0,4,1
5,45,33,1,1,21.0,0,1
7,48,28,5,1,16.0,0,2
9,6,24,1,1,21.0,13,1
5,12,16,1,5,22.0,0,1
2,42,3,1,5,3.0,0,1
4,19,13,5,5,16.0,2,2
7,48,2,1,5,1.0,0,1
3,39,32,1,1,22.0,0,1
7,5,39,1,2,15.0,0,1
3,39,35,1,1,20.0,0,1
1,25,4,1,5,6.0,0,1
5,37,34,1,1,16.0,0,1
1,25,13,1,5,21.0,0,1
6,28,22,1,2,21.0,5,1
7,48,11,5,5,18.0,0,2
9,6,27,4,1,7.0,0,2
2,42,24,1,1,22.0,4,1
2,42,16,3,1,24.0,0,1
9,6,11,1,1,16.0,0,1
9,6,24,1,1,21.0,4,1
5,13,20,1,5,21.0,2,1
2,42,35,1,1,16.0,0,1
3,55,8,1,5,12.0,0,1
4,27,22,1,1,19.0,3,1
9,41,3,1,5,3.0,0,1
7,48,28,1,1,19.0,2,1
3,17,8,1,5,12.0,0,1
9,6,7,1,5,13.0,0,1
9,41,37,1,1,16.0,0,1
9,6,20,1,5,16.0,4,1
9,6,6,1,5,8.0,0,1
2,36,30,4,3,1.0,0,2
9,6,31,1,5,13.0,0,1
8,8,13,4,5,21.0,2,2
7,48,6,1,5,8.0,0,1
7,48,11,5,5,19.0,0,2
2,36,36,1,5,24.0,0,1
9,6,24,5,1,1.0,0,2
6,47,8,1,5,11.0,0,1
7,48,21,1,3,16.0,1,1
5,24,11,1,3,18.0,0,1
2,36,10,1,5,17.0,2,1
4,29,11,1,5,16.0,1,1
6,21,34,1,1,16.0,0,1
5,13,32,1,1,17.0,16,1
9,6,2,1,5,2.0,0,1
9,6,25,1,1,19.0,4,1
3,18,21,1,3,20.0,1,1
3,26,24,1,1,18.0,0,1
8,4,35,1,1,21.0,0,1
3,17,9,4,1,18.0,0,2
1,25,45,1,2,20.0,0,1
8,8,28,1,1,20.0,9,1
5,12,29,1,1,17.0,0,1
3,17,12,1,5,19.0,2,1
5,37,9,1,5,19.0,0,1
4,20,3,1,5,3.0,0,1
6,47,6,1,5,10.0,0,1
2,36,34,1,2,21.0,0,1
5,13,16,1,1,16.0,3,1
4,29,4,1,5,5.0,0,1
5,13,27,1,1,18.0,3,1
1,25,13,1,5,15.0,0,1
7,5,13,1,1,16.0,1,1
9,6,8,1,5,16.0,0,1
5,12,28,1,1,22.0,9,1
2,42,30,1,1,20.0,2,1
7,48,32,1,3,19.0,0,1
5,24,19,1,5,19.0,0,1
7,48,19,4,1,17.0,1,2
5,51,18,1,1,21.0,9,1
9,6,34,4,1,22.0,0,2
3,55,37,1,1,21.0,0,1
3,17,29,1,1,16.0,0,1
2,42,26,1,1,20.0,3,1
9,53,23,4,1,16.0,1,2
3,55,39,1,5,18.0,0,1
2,34,26,4,1,16.0,3,2
4,27,6,1,5,10.0,0,1
5,51,28,5,1,13.0,2,2
2,34,28,5,1,16.0,2,2
5,13,10,1,5,1.0,0,1
2,42,5,1,5,6.0,0,1
2,34,23,1,5,19.0,9,1
8,4,8,1,5,12.0,0,1
7,48,10,1,5,16.0,0,1
9,6,6,1,5,9.0,0,1
1,33,17,1,5,16.0,3,1
9,6,22,1,5,18.0,1,1
7,48,12,1,1,20.0,0,1
5,24,3,1,5,3.0,0,1
2,36,9,1,5,16.0,0,1
6,47,27,1,1,24.0,7,1
9,53,48,1,2,19.0,0,1
2,36,34,4,1,19.0,0,2
8,32,41,1,1,16.0,0,1
5,45,29,1,1,18.0,0,1
2,36,14,1,5,22.0,2,1
3,55,41,1,1,16.0,0,1
5,51,25,1,1,20.0,3,1
8,8,22,1,1,15.0,2,1
3,26,18,1,1,21.0,5,1
6,47,6,1,5,9.0,0,1
9,6,31,1,2,15.0,6,1
6,21,32,4,4,20.0,1,2
2,42,14,1,5,16.0,1,1
5,51,22,1,1,22.0,1,1
9,6,13,1,5,19.0,0,1
5,37,36,1,1,17.0,0,1
8,32,35,1,3,19.0,0,1
2,36,0,1,5,0.0,0,1
9,6,31,5,2,9.0,0,2
6,47,34,1,1,17.0,0,1
9,53,6,4,5,10.0,0,2
2,36,28,1,1,14.0,1,1
1,23,7,1,5,11.0,0,1
9,41,11,1,5,19.0,2,1
3,17,9,1,5,1.0,1,1
5,12,48,1,2,19.0,0,1
2,36,40,1,1,23.0,0,1
3,17,34,1,1,16.0,0,1
7,48,30,5,1,11.0,0,2
3,26,37,1,5,16.0,0,1
3,17,20,1,1,21.0,7,1
1,25,25,4,1,22.0,2,2
7,48,11,1,5,21.0,3,1
5,37,19,1,1,20.0,0,1
4,46,22,1,1,18.0,7,1
6,21,15,5,5,11.0,0,2
1,25,10,1,5,19.0,0,1
3,26,12,5,5,22.0,1,2
5,13,3,1,5,3.0,0,1
9,6,11,1,5,21.0,1,1
4,31,35,1,3,16.0,0,1
5,13,19,3,5,21.0,8,1
9,6,11,1,5,13.0,0,1
9,41,30,1,3,8.0,0,1
5,12,10,1,5,16.0,1,1
5,37,28,1,1,21.0,2,1
6,47,28,1,1,14.0,1,1
3,55,16,1,1,21.0,3,1
9,6,26,1,1,21.0,4,1
2,42,9,1,5,16.0,1,1
5,51,6,1,5,9.0,0,1
5,13,11,1,5,21.0,3,1
5,13,29,1,3,19.0,0,1
9,15,29,1,1,20.0,0,1
6,1,20,1,3,14.0,1,1
8,32,22,1,1,21.0,5,1
3,18,38,1,1,20.0,0,1
3,26,33,4,1,16.0,0,2
5,13,32,1,1,19.0,6,1
7,40,21,1,5,16.0,0,1
7,48,31,1,3,19.0,0,1
9,53,11,1,5,19.0,2,1
6,21,7,1,5,12.0,0,1
4,29,10,1,5,21.0,0,1
5,13,22,4,4,20.0,2,2
3,26,20,1,1,20.0,3,1
1,44,15,1,4,16.0,5,1
5,12,13,4,5,22.0,1,2
2,42,29,1,1,16.0,2,1
9,6,8,5,5,14.0,0,2
5,12,40,1,2,16.0,0,1
2,34,11,1,5,20.0,2,1
8,32,13,1,5,16.0,0,1
3,26,34,1,1,19.0,0,1
7,48,24,1,1,18.0,16,1
8,8,32,1,1,16.0,0,1
5,12,6,1,5,9.0,0,1
7,5,35,1,5,21.0,1,1
3,18,38,1,1,21.0,8,1
3,39,23,1,1,23.0,4,1
8,49,35,1,1,22.0,0,1
2,42,7,1,5,11.0,0,1
9,6,24,4,1,21.0,2,2
5,37,40,1,4,22.0,0,1
3,39,39,2,3,8.0,0,1
5,51,40,1,1,21.0,0,1
4,27,24,1,1,21.0,6,1
4,20,5,1,5,7.0,0,1
7,48,31,1,1,21.0,3,1
7,22,1,1,5,0.0,0,1
3,17,43,1,1,12.0,0,1
2,36,22,1,1,13.0,2,1
2,36,10,1,5,18.0,0,1
5,51,8,1,5,14.0,0,1
5,12,37,1,1,22.0,0,1
7,48,6,1,5,8.0,0,1
3,26,9,1,5,16.0,0,1
9,6,31,4,1,20.0,0,2
2,36,11,1,5,18.0,1,1
7,48,36,1,1,19.0,0,1
3,26,26,1,1,18.0,1,1
3,17,4,1,5,6.0,0,1
8,8,5,5,5,8.0,0,2
7,48,24,1,1,20.0,0,1
1,9,26,3,1,23.0,1,1
4,19,40,1,1,22.0,0,1
4,20,40,1,1,16.0,0,1
7,48,13,1,1,21.0,3,1
6,21,6,1,5,8.0,0,1
5,37,19,1,1,22.0,0,1
9,6,9,1,5,19.0,0,1
9,6,12,1,5,19.0,2,1
6,28,10,1,5,20.0,0,1
5,24,20,1,1,20.0,3,1
9,53,0,1,5,0.0,0,1
9,15,26,1,1,21.0,3,1
3,26,26,1,1,16.0,3,1
7,48,35,1,3,20.0,0,1
7,48,34,1,1,19.0,0,1
9,6,9,1,5,16.0,0,1
3,26,28,1,5,18.0,4,1
2,36,29,1,1,22.0,3,1
5,12,4,1,5,6.0,0,1
8,4,6,1,5,9.0,0,1
5,12,14,5,5,16.0,0,2
9,6,2,1,5,1.0,0,1
9,6,15,1,1,19.0,0,1
1,25,3,1,5,3.0,0,1
2,42,32,1,1,16.0,5,1
2,42,34,1,1,18.0,3,1
2,36,48,1,2,23.0,0,1
5,24,3,1,5,4.0,0,1
5,12,18,4,1,21.0,0,2
5,13,19,1,1,18.0,4,1
5,51,15,5,1,22.0,5,2
9,53,40,1,2,22.0,0,1
6,1,33,1,1,20.0,1,1
7,48,19,2,1,23.0,4,1
8,4,14,5,5,22.0,4,2
7,5,30,1,3,16.0,0,1
8,4,29,1,5,19.0,0,1
5,13,23,4,1,1.0,1,2
7,48,19,1,1,21.0,0,1
0,72,11,2,5,20.0,0,1
7,48,21,1,5,21.0,5,1
9,6,23,5,1,9.0,1,2
3,26,34,1,1,16.0,0,1
5,24,35,1,1,19.0,3,1
4,19,10,1,5,19.0,0,1
3,26,28,1,1,21.0,5,1
2,34,20,1,5,22.0,6,1
6,47,36,1,1,24.0,0,1
6,1,30,4,1,22.0,0,2
7,48,0,1,5,0.0,0,1
5,12,22,1,1,23.0,3,1
3,39,4,1,5,6.0,0,1
3,17,9,1,5,16.0,0,1
5,24,4,1,5,5.0,0,1
8,8,13,1,5,14.0,0,1
9,15,32,1,3,20.0,3,1
6,21,32,1,1,18.0,2,1
0,72,6,2,5,8.0,0,1
1,9,17,1,1,21.0,3,1
7,48,10,1,5,16.0,0,1
4,27,4,1,5,4.0,0,1
3,17,39,1,1,22.0,0,1
4,27,4,1,5,7.0,0,1
5,37,4,1,5,6.0,0,1
7,48,18,4,1,21.0,0,2
8,4,26,4,5,22.0,5,2
3,17,30,1,1,21.0,9,1
7,48,19,1,1,22.0,7,1
5,54,32,1,3,13.0,0,1
6,47,21,1,1,17.0,0,1
4,31,33,1,3,18.0,0,1
7,48,28,1,3,18.0,0,1
5,37,33,1,1,22.0,9,1
1,25,20,1,1,21.0,8,1
3,17,38,1,1,24.0,0,1
5,12,13,1,3,21.0,3,1
9,6,18,1,4,16.0,0,1
5,37,44,1,2,21.0,0,1
4,27,2,1,5,1.0,0,1
1,25,44,1,2,19.0,0,1
2,42,29,1,1,18.0,3,1
7,48,47,1,2,12.0,0,1
3,26,13,1,5,14.0,0,1
3,26,29,1,1,21.0,5,1
7,48,40,1,1,19.0,0,1
8,8,7,1,5,10.0,0,1
2,34,20,1,1,22.0,2,1
5,45,6,1,5,10.0,0,1
9,6,30,1,1,18.0,2,1
5,37,0,1,5,0.0,0,1
4,27,11,1,5,21.0,2,1
3,39,6,1,5,10.0,0,1
9,6,16,1,5,18.0,2,1
3,17,6,3,5,11.0,0,1
7,48,38,1,1,17.0,0,1
8,49,6,1,5,10.0,0,1
8,49,12,1,5,20.0,0,1
4,20,1,1,5,0.0,0,1
6,47,6,1,5,9.0,0,1
1,9,25,1,5,15.0,1,1
2,36,19,1,1,22.0,2,1
2,34,20,4,3,20.0,0,2
5,12,14,1,1,22.0,3,1
8,4,28,1,5,19.0,11,1
9,6,17,1,5,21.0,6,1
5,13,16,1,1,21.0,5,1
4,19,33,1,1,16.0,0,1
5,12,35,5,2,15.0,0,2
7,22,0,1,5,0.0,0,1
7,22,14,1,5,19.0,1,1
3,39,16,1,5,16.0,2,1
3,39,12,1,5,21.0,2,1
3,18,25,1,3,21.0,1,1
2,36,31,1,5,18.0,0,1
8,16,9,1,5,14.0,0,1
2,36,35,1,1,19.0,1,1
5,24,30,4,1,21.0,2,2
5,12,38,1,1,22.0,0,1
5,13,8,1,5,13.0,0,1
9,6,21,1,1,19.0,1,1
1,9,21,1,1,20.0,7,1
8,8,10,1,5,16.0,1,1
9,15,34,4,1,21.0,1,2
9,6,36,4,3,17.0,0,2
1,44,37,1,1,21.0,0,1
7,48,0,1,5,0.0,0,1
2,36,6,1,5,9.0,0,1
3,17,8,1,5,13.0,0,1
3,17,18,1,5,16.0,0,1
9,6,20,1,5,18.0,0,1
3,18,9,1,5,16.0,0,1
7,48,13,1,5,21.0,5,1
9,6,25,1,1,22.0,0,1
2,42,14,1,5,22.0,0,1
9,6,23,1,1,18.0,6,1
3,55,26,1,1,22.0,4,1
7,48,29,5,3,1.0,0,2
2,34,7,2,5,12.0,0,1
5,54,23,1,5,19.0,0,1
9,6,14,1,5,24.0,1,1
8,35,27,4,1,17.0,1,2
2,36,19,1,1,21.0,4,1
5,12,20,1,5,19.0,2,1
5,51,26,1,1,19.0,2,1
4,27,31,4,1,21.0,2,2
3,55,35,1,3,21.0,0,1
5,13,31,1,1,22.0,0,1
6,21,32,4,3,19.0,2,2
5,24,16,5,1,19.0,0,2
2,36,24,1,1,21.0,0,1
5,13,9,1,5,16.0,0,1
6,21,24,1,3,22.0,4,1
7,40,18,1,5,19.0,2,1
9,6,13,1,5,21.0,6,1
6,21,8,1,5,14.0,0,1
7,48,10,1,5,16.0,0,1
5,45,39,1,1,21.0,0,1
5,12,29,4,3,16.0,0,2
5,37,36,1,1,19.0,0,1
7,48,14,1,5,16.0,2,1
3,18,40,1,3,24.0,0,1
9,6,33,1,1,20.0,0,1
3,39,31,1,1,19.0,3,1
5,13,4,1,5,5.0,0,1
6,21,12,3,5,21.0,2,1
5,45,3,2,5,4.0,0,1
3,39,2,1,5,1.0,0,1
8,8,0,1,5,0.0,0,1
9,6,8,1,5,13.0,0,1
2,36,26,4,4,16.0,0,2
3,39,26,1,1,16.0,3,1
2,36,13,1,5,22.0,19,1
5,13,15,5,1,21.0,0,2
2,36,31,1,1,16.0,0,1
9,6,33,1,3,16.0,5,1
5,13,33,1,2,17.0,0,1
3,17,19,1,5,21.0,1,1
8,35,39,1,5,20.0,0,1
2,34,32,1,5,1.0,0,1
4,19,29,1,1,16.0,2,1
5,24,42,1,5,12.0,0,1
3,39,3,1,5,4.0,0,1
5,54,14,1,5,22.0,0,1
9,6,19,1,1,19.0,3,1
3,17,12,1,5,22.0,0,1
7,5,35,1,1,16.0,0,1
2,36,37,1,1,20.0,0,1
2,42,36,1,3,16.0,0,1
2,34,17,1,1,19.0,0,1
7,48,15,5,4,12.0,0,2
6,47,2,1,5,1.0,0,1
2,34,41,1,1,18.0,0,1
2,36,9,1,5,18.0,0,1
9,6,30,5,1,1.0,5,2
9,6,48,4,2,20.0,0,2
3,18,27,1,3,16.0,1,1
9,6,5,1,5,7.0,0,1
9,6,16,1,5,21.0,1,1
8,4,1,1,5,0.0,0,1
7,48,0,1,5,0.0,0,1
7,48,14,1,1,16.0,2,1
2,36,48,1,2,11.0,0,1
3,17,31,1,1,18.0,1,1
2,36,32,1,5,20.0,0,1
2,34,18,1,1,20.0,0,1
8,49,11,1,1,16.0,0,1
6,47,11,1,5,21.0,0,1
9,53,33,1,5,21.0,2,1
5,13,10,1,5,20.0,0,1
5,24,34,1,5,16.0,0,1
4,27,21,1,1,21.0,0,1
5,24,4,1,5,6.0,0,1
9,6,20,1,5,14.0,6,1
6,28,24,1,1,22.0,5,1
9,6,23,5,3,16.0,0,2
5,37,17,1,5,21.0,6,1
2,34,44,1,1,16.0,0,1
5,13,3,1,5,3.0,0,1
3,26,6,1,5,9.0,0,1
9,6,40,4,2,7.0,0,2
1,25,4,1,5,5.0,0,1
3,39,12,1,5,16.0,0,1
3,55,24,3,1,20.0,0,1
9,6,35,1,1,21.0,0,1
5,37,21,4,1,21.0,0,2
2,42,19,1,1,22.0,0,1
9,53,31,1,3,19.0,3,1
5,13,34,1,3,19.0,0,1
5,13,27,1,1,16.0,1,1
6,28,27,1,1,14.0,1,1
5,37,29,1,1,19.0,8,1
8,4,13,1,1,13.0,0,1
3,18,31,1,3,16.0,0,1
6,21,14,5,5,22.0,0,2
9,6,39,4,1,17.0,0,2
3,26,2,1,5,1.0,0,1
9,6,26,1,1,18.0,4,1
9,6,0,1,5,0.0,0,1
1,25,14,4,1,17.0,3,2
4,20,10,1,5,19.0,0,1
4,20,7,1,5,11.0,0,1
8,8,33,1,1,19.0,7,1
7,48,31,1,1,16.0,0,1
3,26,24,1,1,17.0,4,1
8,49,24,1,5,17.0,0,1
3,39,20,1,1,21.0,4,1
9,41,5,1,5,8.0,0,1
9,2,18,1,5,11.0,0,1
9,6,22,1,1,22.0,5,1
2,42,34,1,1,20.0,0,1
2,36,11,5,1,16.0,1,2
3,26,18,1,1,21.0,7,1
8,49,13,1,1,22.0,6,1
5,24,22,1,5,21.0,2,1
4,27,29,1,1,20.0,0,1
2,36,17,1,1,22.0,3,1
9,15,30,1,3,21.0,1,1
3,39,35,1,1,22.0,3,1
5,51,22,1,1,22.0,5,1
4,19,18,1,1,16.0,3,1
3,18,12,1,5,18.0,1,1
5,12,11,1,5,20.0,0,1
9,6,41,4,1,16.0,0,2
0,72,41,2,3,14.0,0,1
7,48,14,1,1,13.0,2,1
3,17,1,1,5,1.0,0,1
6,1,12,1,5,18.0,0,1
2,34,23,1,1,16.0,0,1
7,40,23,4,1,1.0,3,2
3,26,36,1,1,18.0,3,1
5,51,9,1,5,18.0,0,1
9,6,30,5,1,12.0,2,2
2,34,14,1,5,24.0,3,1
4,27,26,1,1,20.0,3,1
9,6,14,1,5,22.0,1,1
8,30,32,1,1,1.0,0,1
8,49,47,1,1,22.0,0,1
2,36,23,4,1,20.0,1,2
9,6,15,1,5,22.0,1,1
4,29,39,1,2,16.0,0,1
5,51,9,1,5,16.0,0,1
1,25,19,1,1,21.0,0,1
7,48,30,5,1,9.0,6,2
7,48,14,1,5,21.0,3,1
1,44,23,1,3,17.0,0,1
3,26,35,1,3,16.0,0,1
2,36,10,1,5,19.0,0,1
2,34,36,1,5,20.0,2,1
3,55,9,1,5,16.0,0,1
1,9,45,4,2,15.0,0,2
9,6,22,5,1,16.0,1,2
9,53,23,1,1,21.0,5,1
7,48,29,1,5,21.0,5,1
8,8,35,1,3,16.0,0,1
2,42,25,1,3,21.0,0,1
5,12,9,1,5,16.0,0,1
5,13,38,1,1,21.0,0,1
0,72,5,2,5,7.0,0,1
5,54,26,1,1,22.0,2,1
4,46,4,1,5,6.0,0,1
3,17,11,1,1,19.0,1,1
9,6,38,1,5,19.0,0,1
9,41,14,1,1,19.0,6,1
7,48,20,1,3,20.0,3,1
9,53,12,5,5,21.0,8,2
7,48,25,1,5,20.0,0,1
3,26,37,1,1,21.0,0,1
9,6,14,4,1,21.0,4,2
8,4,20,1,3,21.0,2,1
5,10,4,1,5,6.0,0,1
9,41,24,1,1,21.0,0,1
9,6,7,1,5,1.0,0,1
9,6,34,1,1,21.0,0,1
5,13,28,1,5,18.0,3,1
9,6,22,1,1,18.0,0,1
3,26,4,1,5,5.0,0,1
7,48,20,1,3,20.0,7,1
5,13,5,1,5,8.0,0,1
5,12,38,1,1,24.0,0,1
2,42,33,1,1,22.0,0,1
5,13,1,1,5,0.0,0,1
5,24,31,1,1,16.0,3,1
7,48,34,1,3,21.0,0,1
7,48,32,1,1,21.0,15,1
5,37,42,1,1,18.0,0,1
9,53,30,1,5,19.0,3,1
4,27,2,1,5,1.0,0,1
7,48,17,1,1,20.0,4,1
9,6,5,1,5,8.0,0,1
3,39,17,1,1,22.0,9,1
5,12,27,1,3,21.0,3,1
2,36,17,1,5,21.0,5,1
6,1,38,1,1,16.0,0,1
8,8,6,1,5,8.0,0,1
2,36,28,1,1,21.0,5,1
2,34,3,1,5,4.0,0,1
6,47,4,1,5,5.0,0,1
7,48,3,1,5,3.0,0,1
6,28,2,1,5,2.0,0,1
3,18,39,1,2,16.0,0,1
4,29,5,1,5,7.0,0,1
9,6,29,1,5,1.0,0,1
5,24,12,1,5,16.0,0,1
3,17,5,1,5,7.0,0,1
3,39,26,1,3,21.0,3,1
7,48,23,1,5,16.0,0,1
2,36,4,1,5,5.0,0,1
7,22,40,1,2,20.0,0,1
6,28,37,1,1,21.0,0,1
1,25,14,1,5,21.0,0,1
4,19,18,1,1,20.0,2,1
3,39,25,1,1,21.0,14,1
7,48,8,5,5,11.0,0,2
5,13,25,1,1,21.0,0,1
9,6,28,1,5,1.0,0,1
9,6,30,1,1,23.0,45,1
3,18,18,1,1,18.0,0,1
2,36,17,1,5,18.0,2,1
5,37,10,1,5,19.0,0,1
7,48,14,1,1,19.0,1,1
5,37,31,1,1,18.0,0,1
3,17,13,5,5,22.0,0,2
6,1,19,1,1,20.0,1,1
2,34,16,1,1,22.0,9,1
3,55,30,1,1,19.0,1,1
7,22,43,1,2,15.0,0,1
7,48,33,4,1,20.0,0,2
5,24,2,1,5,3.0,0,1
2,34,5,1,5,8.0,0,1
5,13,27,4,1,21.0,7,2
6,1,31,4,3,12.0,0,2
9,53,37,1,1,16.0,0,1
4,20,42,1,1,16.0,0,1
7,48,20,1,2,19.0,1,1
2,42,28,1,1,18.0,6,1
7,48,1,1,5,1.0,0,1
9,6,32,1,1,23.0,0,1
3,18,40,1,3,19.0,0,1
3,39,37,1,1,12.0,0,1
6,1,32,1,3,21.0,2,1
5,12,32,4,2,16.0,0,2
8,49,19,1,1,21.0,1,1
3,18,26,1,3,15.0,0,1
5,51,12,1,5,17.0,0,1
3,17,41,1,1,16.0,0,1
8,8,25,1,5,22.0,9,1
5,24,10,1,5,19.0,0,1
9,6,14,4,5,19.0,0,2
3,18,30,1,1,16.0,2,1
2,42,32,1,1,18.0,1,1
5,12,22,4,1,22.0,0,2
3,26,12,1,5,21.0,0,1
8,16,37,1,3,24.0,0,1
4,29,13,1,5,21.0,2,1
8,30,20,1,1,20.0,4,1
6,1,1,1,5,0.0,0,1
2,36,33,1,1,21.0,1,1
3,39,25,1,3,17.0,1,1
2,34,33,4,1,24.0,0,2
5,24,26,4,5,16.0,1,2
5,12,0,1,5,0.0,0,1
9,53,2,1,5,1.0,0,1
4,20,34,1,1,21.0,0,1
3,26,11,1,5,16.0,0,1
6,47,20,1,4,19.0,2,1
5,54,23,1,1,19.0,3,1
2,42,5,1,5,7.0,0,1
2,36,40,1,5,1.0,0,1
9,15,31,1,3,22.0,0,1
3,17,11,1,5,21.0,0,1
5,37,28,1,5,20.0,3,1
3,26,31,1,2,21.0,5,1
5,12,8,1,5,14.0,0,1
5,12,19,1,1,16.0,3,1
1,9,22,4,5,11.0,1,2
7,22,8,1,5,13.0,0,1
7,40,26,1,3,16.0,1,1
9,6,36,1,3,18.0,1,1
5,37,22,5,1,22.0,5,2
9,53,19,1,1,19.0,0,1
9,6,22,1,1,18.0,6,1
1,25,41,1,1,21.0,0,1
5,51,14,1,5,22.0,3,1
5,37,8,1,5,14.0,0,1
5,24,27,1,1,21.0,3,1
2,42,31,1,1,21.0,1,1
7,48,47,4,1,16.0,0,2
6,1,10,1,5,19.0,0,1
2,36,23,1,3,22.0,2,1
7,48,35,1,1,16.0,0,1
2,34,23,1,1,20.0,7,1
3,39,17,1,1,18.0,2,1
2,34,5,1,5,7.0,0,1
8,4,29,1,3,21.0,1,1
5,51,36,1,3,18.0,0,1
2,36,36,1,1,21.0,0,1
4,29,31,1,1,16.0,2,1
8,35,24,1,3,18.0,1,1
3,26,36,1,5,19.0,0,1
5,13,22,1,1,22.0,4,1
3,18,24,1,5,23.0,2,1
5,12,40,1,2,16.0,0,1
1,25,40,1,5,18.0,0,1
2,36,12,1,1,21.0,2,1
2,36,31,1,3,18.0,3,1
5,13,17,1,5,16.0,0,1
7,48,8,1,1,16.0,0,1
3,55,32,1,1,21.0,7,1
5,13,22,1,3,21.0,4,1
5,12,34,1,3,18.0,0,1
5,51,11,1,5,16.0,2,1
1,25,10,5,5,19.0,0,2
2,42,48,1,2,19.0,0,1
5,12,37,1,3,16.0,0,1
6,47,14,1,1,21.0,2,1
2,34,25,1,1,21.0,4,1
9,6,21,1,1,16.0,2,1
3,26,30,1,1,21.0,0,1
5,45,32,1,4,20.0,2,1
5,10,31,1,1,21.0,5,1
3,18,1,1,5,0.0,0,1
9,6,29,1,1,16.0,3,1
2,42,13,1,5,19.0,4,1
3,39,1,1,5,1.0,0,1
5,12,38,4,1,16.0,0,2
1,25,8,1,5,15.0,0,1
4,27,31,1,1,21.0,3,1
4,29,32,1,2,18.0,1,1
2,36,30,1,1,22.0,5,1
8,35,39,1,3,24.0,0,1
3,26,4,1,5,6.0,0,1
2,36,24,1,1,18.0,2,1
2,36,19,2,5,21.0,0,1
9,6,30,4,3,21.0,0,2
5,13,24,5,1,22.0,5,2
4,27,29,1,1,18.0,1,1
2,42,12,1,5,21.0,4,1
7,40,26,1,1,21.0,5,1
9,53,26,1,1,18.0,6,1
3,39,14,1,5,21.0,2,1
4,31,19,1,1,21.0,2,1
2,36,25,5,1,24.0,8,2
6,21,11,1,5,21.0,2,1
2,34,9,5,5,19.0,0,2
9,6,36,1,1,19.0,0,1
3,17,31,1,1,16.0,1,1
3,39,0,1,5,0.0,0,1
4,27,8,1,5,12.0,0,1
3,17,32,1,3,16.0,1,1
7,48,11,1,5,20.0,1,1
4,31,21,1,1,21.0,6,1
3,55,44,1,3,21.0,0,1
2,34,0,5,5,0.0,0,2
9,6,12,1,5,21.0,2,1
3,26,46,1,2,11.0,0,1
5,12,23,1,1,18.0,0,1
7,48,3,1,5,5.0,0,1
8,4,15,1,1,21.0,6,1
9,6,27,1,1,21.0,45,1
4,29,35,1,1,21.0,0,1
5,12,6,1,5,11.0,0,1
3,18,35,1,1,16.0,0,1
8,32,23,1,5,19.0,0,1
8,4,31,1,1,16.0,5,1
3,18,38,1,1,19.0,0,1
7,48,44,1,2,19.0,0,1
9,6,11,1,5,16.0,2,1
7,48,37,1,1,16.0,0,1
8,4,15,1,1,18.0,0,1
9,6,13,5,1,15.0,0,2
7,48,9,1,5,18.0,0,1
5,13,36,1,1,19.0,0,1
6,28,20,1,1,21.0,5,1
8,4,22,1,1,19.0,4,1
2,36,27,4,1,16.0,5,2
7,48,25,1,5,17.0,0,1
3,17,21,1,1,13.0,0,1
3,26,10,1,5,18.0,2,1
5,51,3,1,5,4.0,0,1
3,55,36,1,1,16.0,0,1
5,51,0,1,5,0.0,0,1
3,39,30,1,2,16.0,2,1
9,6,14,1,5,20.0,0,1
5,45,9,1,5,18.0,0,1
2,36,9,1,5,18.0,0,1
2,36,31,3,1,16.0,7,1
3,39,8,5,5,12.0,0,2
9,6,31,1,5,20.0,3,1
1,25,9,1,5,19.0,0,1
3,18,19,1,3,16.0,2,1
7,48,30,1,1,21.0,4,1
5,51,11,5,5,20.0,1,2
5,12,29,1,5,16.0,0,1
2,34,26,1,1,22.0,2,1
2,36,39,4,4,4.0,0,2
2,42,27,1,1,19.0,4,1
5,37,12,1,5,16.0,0,1
7,48,13,1,1,16.0,1,1
3,17,22,1,5,16.0,2,1
9,6,12,1,5,19.0,2,1
5,13,33,1,3,22.0,0,1
2,36,16,1,1,21.0,4,1
9,6,15,5,5,21.0,0,2
2,36,8,1,5,14.0,0,1
5,12,26,1,1,21.0,4,1
5,24,5,1,5,8.0,0,1
9,53,29,1,1,21.0,9,1
7,48,31,1,4,22.0,0,1
4,19,7,1,5,11.0,0,1
5,51,38,5,5,1.0,0,2
8,8,12,1,5,16.0,1,1
5,51,21,1,1,21.0,6,1
5,12,39,1,3,16.0,0,1
7,48,38,4,1,1.0,0,2
5,12,37,1,2,22.0,0,1
0,72,12,2,5,16.0,0,1
7,48,8,1,5,12.0,0,1
9,6,14,1,1,16.0,1,1
7,48,30,1,1,18.0,0,1
5,37,32,4,3,22.0,0,2
7,48,1,1,5,2.0,0,1
5,13,10,1,5,19.0,0,1
7,48,15,1,5,18.0,1,1
3,26,39,5,1,23.0,0,2
9,53,11,1,5,17.0,0,1
7,48,28,1,5,16.0,1,1
3,26,22,1,3,24.0,6,1
3,17,3,1,5,4.0,0,1
7,22,18,1,5,18.0,4,1
3,17,7,1,5,11.0,0,1
9,6,28,1,5,18.0,2,1
6,1,47,1,2,17.0,0,1
1,25,27,1,1,16.0,0,1
6,21,9,1,5,19.0,0,1
8,4,10,1,5,19.0,2,1
1,44,25,1,1,16.0,1,1
9,6,32,4,3,20.0,0,2
9,6,37,4,2,22.0,7,2
7,22,3,1,5,1.0,0,1
8,30,20,1,1,16.0,8,1
8,4,32,1,1,16.0,0,1
2,36,13,1,1,13.0,1,1
1,25,7,1,5,12.0,0,1
7,48,24,1,5,12.0,0,1
1,9,32,1,1,20.0,2,1
7,40,30,1,1,22.0,0,1
6,1,13,1,1,22.0,3,1
2,42,4,1,5,5.0,0,1
5,12,22,1,1,16.0,0,1
5,24,17,5,1,24.0,3,2
5,51,42,1,1,19.0,0,1
2,36,30,1,1,18.0,4,1
2,36,35,1,1,23.0,0,1
5,13,34,1,1,21.0,0,1
3,17,1,1,5,0.0,0,1
2,36,29,1,3,18.0,0,1
7,48,14,1,1,16.0,0,1
3,18,7,1,5,10.0,0,1
5,24,25,4,1,24.0,18,2
9,6,22,1,5,18.0,0,1
5,12,6,1,5,11.0,0,1
9,6,35,1,1,22.0,0,1
1,9,35,1,5,22.0,0,1
8,32,16,1,5,17.0,2,1
6,21,2,1,5,1.0,0,1
2,42,24,1,1,21.0,2,1
2,36,21,1,5,16.0,0,1
4,27,23,1,1,18.0,4,1
3,18,20,1,1,22.0,4,1
5,51,35,1,1,16.0,0,1
7,48,37,1,1,22.0,0,1
4,27,42,1,3,13.0,0,1
5,12,38,1,1,21.0,13,1
6,47,28,4,3,19.0,0,2
9,6,26,1,3,19.0,0,1
3,26,37,1,1,22.0,12,1
4,29,21,1,5,21.0,2,1
3,26,24,1,1,21.0,4,1
0,72,39,2,2,17.0,0,1
2,34,0,1,5,0.0,0,1
8,4,8,1,5,14.0,0,1
8,32,22,1,5,21.0,2,1
2,36,14,3,5,19.0,0,1
8,30,29,1,1,21.0,4,1
8,4,8,1,5,12.0,0,1
8,8,33,1,1,16.0,0,1
7,5,44,1,2,21.0,0,1
3,17,6,1,5,10.0,0,1
5,13,16,1,1,1.0,0,1
7,48,41,4,2,21.0,0,2
1,9,9,1,5,14.0,0,1
7,22,40,1,1,18.0,0,1
2,36,29,1,1,16.0,4,1
4,19,32,1,3,20.0,0,1
5,13,2,1,5,3.0,0,1
4,31,30,1,1,20.0,0,1
5,12,11,1,5,20.0,0,1
4,29,36,1,1,20.0,0,1
5,13,12,1,1,15.0,0,1
2,42,5,1,5,7.0,0,1
3,18,2,1,5,2.0,0,1
3,55,29,1,1,20.0,5,1
4,29,40,1,3,17.0,0,1
0,72,28,1,1,21.0,0,1
4,29,21,1,5,16.0,0,1
2,42,7,1,5,12.0,0,1
8,49,10,1,5,16.0,0,1
3,17,5,1,5,8.0,0,1
1,44,17,5,5,16.0,0,2
5,37,27,1,1,22.0,5,1
7,48,35,3,1,21.0,0,1
2,36,30,1,1,20.0,3,1
4,20,7,1,5,10.0,0,1
3,39,19,1,5,19.0,5,1
2,42,10,1,5,19.0,0,1
8,49,13,1,5,18.0,1,1
2,34,7,1,5,12.0,0,1
9,6,17,1,1,23.0,10,1
3,39,13,1,5,15.0,1,1
3,26,34,1,1,16.0,2,1
9,6,17,3,1,21.0,7,1
9,53,32,1,1,23.0,11,1
8,8,5,1,5,7.0,0,1
3,39,21,1,3,19.0,6,1
5,12,17,1,1,21.0,8,1
7,48,23,1,1,18.0,1,1
2,42,46,2,2,21.0,0,1
8,56,39,1,1,18.0,0,1
7,22,28,1,5,14.0,0,1
6,1,47,1,2,21.0,0,1
3,26,6,1,5,8.0,0,1
4,29,32,1,1,18.0,0,1
5,12,40,1,1,22.0,0,1
2,36,11,1,5,16.0,0,1
5,12,20,1,1,21.0,0,1
1,23,26,1,1,20.0,6,1
7,48,44,1,2,16.0,0,1
6,21,21,1,5,19.0,2,1
4,29,11,1,5,19.0,0,1
9,41,37,1,1,16.0,0,1
0,72,11,2,5,19.0,0,1
9,6,33,1,3,20.0,0,1
2,42,30,1,1,19.0,0,1
7,48,39,1,1,16.0,0,1
9,6,23,4,1,16.0,3,2
5,10,31,1,1,18.0,0,1
1,50,28,1,1,20.0,0,1
9,53,13,5,1,21.0,7,2
3,39,28,1,1,21.0,0,1
2,36,42,1,4,21.0,0,1
2,36,13,1,5,21.0,0,1
2,36,26,4,1,19.0,0,2
9,6,18,4,3,20.0,8,2
3,39,20,4,1,15.0,0,2
9,6,41,5,2,1.0,0,2
6,47,29,1,1,16.0,9,1
9,6,15,1,1,19.0,0,1
3,26,19,1,1,20.0,0,1
7,48,34,1,1,18.0,0,1
5,12,23,1,1,21.0,0,1
5,13,27,1,1,19.0,4,1
5,54,31,1,1,16.0,3,1
7,48,38,1,3,21.0,2,1
1,25,13,1,5,21.0,4,1
5,12,45,1,2,18.0,0,1
8,49,7,1,5,11.0,0,1
2,34,42,1,3,14.0,0,1
6,47,8,1,5,13.0,0,1
8,4,43,1,1,20.0,0,1
3,17,18,1,1,22.0,6,1
5,37,30,1,3,14.0,0,1
3,18,9,1,5,18.0,0,1
8,49,26,1,1,21.0,3,1
7,48,23,1,3,18.0,0,1
5,12,31,1,3,17.0,1,1
5,12,25,5,1,1.0,1,2
5,13,30,1,1,19.0,5,1
8,30,8,1,5,14.0,0,1
9,6,1,1,5,0.0,0,1
5,13,31,1,1,21.0,3,1
2,36,24,2,5,10.0,0,1
9,6,25,4,1,16.0,0,2
9,6,38,1,3,22.0,0,1
3,17,11,3,5,20.0,0,1
1,9,31,4,2,16.0,0,2
5,13,44,1,3,16.0,0,1
5,12,37,1,2,19.0,0,1
9,53,29,1,1,16.0,0,1
3,18,6,1,5,10.0,0,1
7,48,21,1,1,21.0,3,1
5,51,3,1,5,3.0,0,1
4,20,46,1,1,16.0,0,1
2,42,9,1,5,16.0,0,1
2,34,12,3,5,22.0,2,1
8,8,26,1,3,16.0,13,1
3,39,13,1,5,21.0,4,1
7,48,13,1,1,21.0,0,1
5,13,16,5,5,16.0,0,2
5,37,9,1,5,16.0,0,1
7,48,2,1,5,1.0,0,1
2,36,11,1,5,16.0,1,1
5,13,32,1,1,16.0,0,1
3,55,26,1,1,20.0,4,1
5,37,3,1,5,1.0,0,1
9,6,31,1,1,19.0,0,1
2,42,3,1,5,3.0,0,1
5,51,14,5,5,16.0,0,2
2,36,22,1,1,23.0,49,1
9,6,4,1,5,6.0,0,1
2,42,3,1,5,3.0,0,1
5,12,17,2,1,21.0,1,1
9,53,38,1,3,20.0,0,1
5,37,28,1,3,18.0,0,1
7,48,21,1,5,16.0,0,1
8,8,31,1,1,21.0,0,1
5,45,4,1,5,4.0,0,1
2,42,46,1,1,21.0,0,1
3,26,14,1,1,21.0,9,1
3,39,32,1,5,18.0,4,1
3,39,18,1,1,21.0,8,1
4,29,2,1,5,2.0,0,1
7,48,1,1,5,0.0,0,1
3,26,22,1,3,16.0,0,1
4,20,1,1,5,1.0,0,1
3,39,2,1,5,1.0,0,1
6,21,6,3,5,9.0,0,1
5,12,7,1,5,11.0,0,1
3,39,3,1,5,3.0,0,1
3,17,17,1,1,21.0,7,1
7,40,15,1,3,16.0,1,1
7,48,0,1,5,0.0,0,1
5,13,32,1,1,21.0,1,1
8,49,9,1,5,16.0,2,1
3,39,25,1,1,18.0,5,1
7,5,6,1,5,10.0,0,1
9,6,13,5,1,18.0,4,2
5,24,12,1,1,19.0,4,1
1,9,10,3,5,19.0,0,1
2,36,32,4,1,22.0,4,2
4,29,20,1,1,21.0,0,1
2,36,35,1,1,24.0,4,1
9,53,24,1,1,21.0,7,1
8,49,28,1,1,22.0,9,1
5,12,44,4,2,13.0,0,2
9,53,38,1,1,21.0,0,1
7,22,19,1,5,19.0,2,1
4,46,37,1,2,16.0,0,1
3,17,12,1,5,22.0,0,1
3,26,0,1,5,0.0,0,1
9,6,13,5,4,19.0,0,2
8,4,22,5,1,19.0,6,2
3,26,3,1,5,3.0,0,1
5,24,21,1,1,21.0,2,1
5,13,6,1,5,9.0,0,1
2,42,27,1,1,20.0,0,1
3,18,16,1,1,17.0,1,1
9,6,25,1,5,19.0,0,1
2,36,18,1,1,18.0,0,1
9,53,24,1,3,19.0,3,1
1,44,37,4,3,17.0,0,2
3,18,14,1,5,20.0,2,1
1,25,9,1,5,16.0,0,1
3,17,25,5,1,23.0,1,2
7,5,21,1,1,19.0,13,1
7,48,31,1,5,16.0,4,1
3,26,6,1,5,8.0,0,1
6,1,38,1,3,19.0,0,1
9,6,40,1,2,21.0,0,1
6,28,18,1,1,17.0,0,1
4,29,12,1,1,21.0,0,1
3,39,38,1,2,22.0,0,1
7,48,19,1,1,21.0,8,1
3,39,3,1,5,1.0,0,1
4,20,24,1,3,18.0,0,1
2,34,48,1,2,16.0,0,1
3,26,23,1,5,18.0,4,1
9,53,0,1,5,0.0,0,1
7,48,11,1,5,19.0,0,1
5,24,36,1,1,20.0,0,1
2,36,34,1,5,17.0,0,1
2,36,18,1,1,1.0,3,1
7,48,18,5,1,16.0,0,2
6,21,19,1,5,21.0,12,1
7,48,38,1,1,21.0,0,1
5,12,37,1,1,19.0,0,1
5,24,38,1,1,16.0,1,1
5,13,38,1,2,16.0,0,1
7,48,23,1,1,20.0,3,1
2,42,44,1,5,16.0,0,1
9,15,29,1,3,21.0,6,1
3,26,31,1,3,19.0,13,1
9,53,21,1,1,21.0,9,1
9,6,29,1,1,16.0,2,1
5,12,36,4,1,20.0,0,2
5,54,27,1,3,8.0,0,1
5,37,26,1,1,16.0,0,1
1,25,35,1,1,21.0,0,1
1,33,31,1,3,16.0,0,1
6,21,47,1,2,16.0,0,1
2,36,10,1,5,16.0,1,1
2,36,4,1,5,5.0,0,1
3,26,5,1,5,8.0,0,1
3,17,34,1,1,16.0,0,1
9,15,15,1,4,17.0,0,1
8,16,24,1,1,21.0,2,1
5,12,8,1,5,13.0,0,1
3,39,21,1,1,17.0,2,1
2,42,34,1,1,22.0,3,1
6,28,0,1,5,0.0,0,1
6,47,23,1,1,18.0,3,1
9,6,8,1,5,14.0,0,1
3,39,17,1,5,18.0,0,1
8,35,29,5,1,20.0,5,2
6,47,28,1,1,17.0,1,1
2,36,20,4,1,18.0,2,2
9,53,27,4,1,12.0,2,2
5,37,23,1,3,20.0,0,1
9,6,26,1,5,23.0,18,1
5,45,43,1,1,16.0,0,1
6,47,17,1,5,20.0,5,1
5,45,23,1,5,15.0,0,1
2,36,11,1,1,19.0,1,1
5,51,28,1,1,21.0,1,1
8,8,10,1,3,16.0,0,1
5,13,28,1,1,23.0,5,1
3,26,31,1,1,21.0,1,1
9,53,23,1,1,20.0,1,1
5,51,21,5,1,22.0,0,2
7,48,29,1,1,16.0,1,1
3,18,37,1,1,17.0,0,1
5,12,39,1,1,13.0,0,1
3,26,21,1,1,18.0,1,1
2,42,38,1,1,16.0,0,1
4,27,0,1,5,0.0,0,1
5,37,2,1,5,1.0,0,1
5,24,31,1,1,21.0,0,1
6,28,10,1,5,19.0,0,1
2,34,18,1,5,21.0,8,1
5,12,5,1,5,9.0,0,1
6,28,36,1,1,19.0,0,1
7,48,5,1,5,8.0,0,1
9,6,10,1,5,1.0,0,1
7,48,34,1,1,16.0,1,1
7,48,13,1,5,19.0,3,1
7,48,13,1,1,21.0,7,1
5,12,18,1,1,19.0,5,1
6,47,4,1,5,6.0,0,1
6,47,26,1,1,14.0,0,1
9,6,3,1,5,2.0,0,1
8,32,4,1,5,5.0,0,1
9,6,44,1,3,18.0,0,1
5,51,40,1,3,16.0,0,1
7,48,14,1,5,16.0,0,1
5,13,11,1,5,21.0,1,1
5,13,11,1,5,17.0,0,1
3,18,36,1,1,17.0,0,1
2,42,18,1,1,19.0,1,1
5,13,23,1,1,20.0,0,1
3,26,7,1,5,13.0,0,1
3,39,6,1,5,10.0,0,1
7,48,26,1,1,21.0,0,1
7,48,6,1,5,9.0,0,1
2,34,41,4,1,23.0,0,2
5,51,6,1,5,7.0,0,1
5,37,41,1,1,15.0,0,1
3,18,19,1,5,16.0,3,1
2,34,25,1,1,6.0,5,1
9,41,14,1,5,16.0,0,1
6,21,35,1,1,16.0,0,1
3,39,11,1,5,11.0,0,1
9,6,38,4,2,16.0,0,2
7,48,30,4,1,21.0,0,2
5,12,18,5,1,16.0,0,2
9,41,25,1,1,22.0,3,1
7,48,45,1,2,18.0,0,1
2,34,28,1,1,24.0,1,1
9,6,13,1,5,16.0,0,1
2,42,34,1,2,19.0,0,1
2,36,7,1,5,12.0,0,1
2,34,9,1,5,14.0,0,1
3,17,3,1,5,2.0,0,1
9,53,43,1,3,14.0,0,1
4,20,28,1,1,21.0,4,1
2,42,31,1,1,16.0,0,1
2,42,8,1,5,14.0,0,1
9,6,37,1,2,20.0,0,1
5,13,18,1,1,22.0,8,1
2,42,9,1,5,16.0,0,1
8,49,12,1,5,19.0,0,1
7,22,11,1,5,16.0,0,1
3,18,1,1,5,2.0,0,1
1,25,1,1,5,0.0,0,1
5,12,21,5,5,16.0,5,2
5,12,41,5,2,16.0,0,2
8,16,37,1,1,16.0,0,1
7,48,5,1,5,7.0,0,1
5,13,1,1,5,0.0,0,1
2,34,10,1,5,19.0,0,1
8,32,15,1,5,16.0,3,1
7,40,0,1,5,0.0,0,1
7,5,8,5,5,19.0,0,2
5,12,7,1,5,12.0,0,1
9,6,12,1,5,21.0,7,1
6,47,41,1,1,11.0,0,1
4,31,34,1,5,16.0,0,1
2,42,20,1,5,20.0,0,1
1,25,17,1,1,22.0,0,1
3,18,29,1,1,16.0,2,1
3,26,26,1,1,16.0,0,1
8,8,24,4,1,19.0,0,2
6,47,34,1,3,19.0,0,1
2,42,18,1,5,19.0,2,1
3,17,40,4,1,18.0,0,2
8,4,24,4,1,20.0,0,2
9,41,19,1,5,17.0,0,1
9,6,28,1,1,16.0,0,1
2,42,0,1,5,0.0,0,1
9,6,28,1,3,1.0,0,1
5,13,24,1,1,23.0,6,1
4,31,26,1,1,16.0,1,1
7,48,31,4,1,22.0,4,2
9,53,35,1,3,21.0,0,1
5,12,35,1,3,16.0,1,1
1,25,13,1,5,19.0,1,1
6,21,1,1,5,1.0,0,1
4,29,5,1,5,8.0,0,1
3,55,5,1,5,7.0,0,1
3,55,25,1,3,16.0,2,1
9,53,12,1,5,20.0,1,1
2,36,2,1,5,1.0,0,1
7,48,0,1,5,0.0,0,1
9,6,10,1,5,19.0,1,1
9,6,42,1,3,21.0,0,1
2,36,2,1,5,2.0,0,1
0,72,28,2,1,16.0,0,1
6,47,8,1,5,13.0,0,1
5,37,29,1,1,14.0,1,1
9,6,33,4,2,22.0,7,2
6,47,35,1,1,18.0,0,1
4,19,1,1,5,0.0,0,1
9,6,21,5,5,24.0,5,2
5,12,25,1,5,19.0,4,1
2,36,0,1,5,0.0,0,1
2,36,10,1,5,16.0,0,1
4,19,3,1,5,2.0,0,1
7,22,36,1,3,22.0,0,1
2,36,4,1,5,6.0,0,1
2,36,38,1,1,20.0,0,1
7,48,43,1,1,16.0,0,1
1,25,31,1,1,19.0,0,1
3,26,29,1,5,16.0,3,1
1,25,28,3,1,21.0,5,1
9,53,31,1,2,20.0,0,1
4,27,35,1,1,19.0,0,1
2,36,25,1,1,22.0,6,1
5,12,13,1,5,21.0,3,1
9,6,15,1,5,20.0,2,1
3,26,14,1,1,16.0,2,1
7,48,27,4,1,21.0,6,2
9,6,31,1,1,22.0,16,1
5,13,39,1,1,21.0,0,1
2,42,27,1,5,17.0,3,1
4,20,24,5,1,20.0,3,2
3,39,3,1,5,4.0,0,1
5,12,23,4,1,21.0,3,2
5,54,20,1,1,20.0,0,1
5,13,17,1,4,21.0,1,1
9,6,22,5,1,21.0,1,2
8,16,35,1,1,18.0,0,1
5,12,23,5,1,16.0,4,2
5,13,41,1,2,16.0,0,1
2,36,21,1,1,20.0,4,1
7,22,10,1,5,19.0,0,1
2,42,18,1,5,17.0,0,1
7,5,37,1,3,16.0,0,1
9,6,15,1,5,21.0,2,1
7,48,26,4,3,1.0,2,2
2,36,25,1,5,21.0,2,1
9,53,22,1,1,22.0,8,1
2,42,9,1,5,16.0,0,1
9,6,15,5,5,21.0,1,2
6,47,39,1,2,17.0,0,1
2,42,45,1,2,15.0,0,1
2,34,43,1,2,21.0,0,1
9,15,25,5,1,16.0,0,2
2,36,21,4,1,21.0,5,2
5,37,11,1,5,20.0,0,1
3,39,4,1,5,6.0,0,1
9,6,28,1,1,21.0,2,1
9,6,35,1,5,19.0,0,1
6,1,24,1,1,16.0,0,1
9,6,17,1,1,19.0,2,1
2,34,6,1,5,10.0,0,1
7,22,3,1,5,3.0,0,1
7,48,19,4,1,21.0,3,2
2,36,2,1,5,1.0,0,1
0,72,14,2,5,20.0,0,1
6,47,11,1,1,19.0,1,1
7,5,12,1,5,21.0,1,1
3,18,27,1,1,16.0,2,1
2,34,38,1,1,16.0,0,1
9,6,25,1,1,23.0,8,1
9,6,19,1,1,24.0,6,1
0,72,1,2,5,1.0,0,1
9,6,9,1,5,16.0,0,1
6,1,26,1,1,21.0,4,1
3,39,21,1,1,21.0,4,1
3,39,7,1,5,11.0,0,1
2,42,12,1,5,16.0,2,1
8,4,26,1,1,24.0,6,1
1,25,28,1,1,21.0,3,1
2,42,21,1,5,16.0,0,1
7,48,25,1,5,19.0,0,1
4,27,25,1,1,20.0,2,1
5,37,30,1,5,15.0,0,1
5,54,20,1,1,21.0,6,1
3,17,15,1,5,16.0,0,1
3,17,42,1,1,16.0,0,1
6,47,4,1,5,6.0,0,1
5,54,24,1,1,21.0,7,1
5,13,8,1,5,14.0,0,1
9,6,22,1,5,16.0,0,1
2,42,8,1,5,14.0,0,1
7,40,10,1,5,19.0,0,1
9,6,7,1,5,11.0,0,1
7,22,4,1,5,6.0,0,1
5,45,27,1,1,16.0,1,1
9,6,40,1,2,16.0,0,1
6,21,19,1,1,20.0,2,1
6,28,17,1,1,16.0,4,1
8,49,13,1,1,21.0,0,1
8,8,2,1,5,1.0,0,1
8,32,21,1,1,16.0,1,1
5,12,15,1,5,18.0,0,1
6,47,18,1,5,22.0,6,1
3,55,39,1,1,22.0,0,1
1,25,14,1,5,21.0,6,1
5,54,29,1,1,21.0,3,1
2,34,34,4,2,16.0,0,2
3,18,39,1,2,16.0,1,1
1,9,2,1,5,1.0,0,1
3,26,24,1,1,19.0,3,1
3,39,34,1,1,21.0,13,1
8,4,8,1,5,13.0,0,1
9,6,34,5,1,7.0,0,2
6,1,36,1,1,16.0,0,1
6,47,35,1,1,20.0,0,1
7,48,15,1,5,16.0,0,1
3,26,0,1,5,0.0,0,1
9,53,20,1,1,16.0,8,1
3,17,35,1,1,16.0,0,1
3,26,0,1,5,0.0,0,1
9,6,2,1,5,1.0,0,1
5,12,32,1,5,17.0,0,1
2,36,3,1,5,4.0,0,1
1,25,5,1,5,7.0,0,1
9,6,15,1,3,20.0,4,1
9,6,19,4,3,24.0,9,2
8,8,2,1,5,1.0,0,1
5,51,8,1,5,13.0,0,1
9,6,11,1,5,19.0,0,1
2,36,29,1,1,18.0,13,1
9,6,4,1,5,5.0,0,1
7,48,15,1,5,18.0,1,1
9,6,24,5,1,21.0,0,2
7,48,12,5,1,1.0,0,2
7,5,5,1,5,8.0,0,1
9,41,30,1,5,20.0,2,1
5,12,7,1,5,10.0,0,1
9,6,5,1,5,6.0,0,1
3,39,14,1,1,16.0,2,1
5,12,36,4,1,22.0,0,2
9,6,44,1,2,19.0,0,1
3,17,32,1,5,21.0,3,1
6,1,39,1,1,21.0,0,1
5,54,38,1,1,22.0,0,1
8,4,10,1,5,20.0,0,1
7,48,27,5,3,16.0,35,2
9,6,20,4,1,22.0,16,2
9,6,13,1,5,15.0,0,1
2,42,15,1,5,21.0,3,1
5,37,4,1,5,5.0,0,1
6,21,17,1,1,16.0,0,1
5,12,28,1,3,19.0,5,1
4,29,30,1,1,18.0,3,1
2,36,36,1,1,22.0,0,1
6,21,4,1,5,8.0,0,1
2,42,26,1,1,16.0,2,1
6,21,30,1,3,19.0,0,1
6,21,7,1,5,11.0,0,1
3,17,40,1,1,16.0,0,1
2,36,29,1,3,22.0,4,1
2,34,21,5,1,22.0,6,2
5,12,40,1,2,22.0,0,1
9,6,18,1,1,21.0,7,1
8,4,4,1,5,9.0,0,1
4,19,36,1,1,21.0,0,1
5,45,32,1,1,19.0,0,1
8,30,35,1,3,18.0,0,1
9,6,31,1,1,16.0,0,1
9,6,8,4,5,14.0,0,2
5,13,30,1,5,21.0,6,1
2,36,34,1,1,16.0,0,1
2,34,38,4,3,23.0,0,2
1,9,10,1,5,18.0,0,1
2,42,16,1,1,19.0,1,1
3,18,20,1,5,20.0,2,1
7,48,5,1,5,8.0,0,1
9,6,13,1,5,20.0,2,1
6,1,9,1,5,16.0,0,1
9,6,19,4,1,16.0,4,2
5,37,21,1,1,20.0,3,1
3,26,40,1,2,19.0,0,1
5,13,10,1,5,21.0,0,1
7,48,5,1,5,8.0,0,1
7,48,13,1,1,1.0,1,1
9,6,32,1,1,16.0,0,1
6,21,33,1,1,20.0,0,1
3,17,1,1,5,0.0,0,1
9,53,29,1,3,20.0,0,1
8,8,29,1,1,21.0,0,1
3,39,18,1,5,15.0,0,1
7,48,24,1,1,21.0,3,1
6,21,27,4,1,21.0,2,2
6,28,0,1,5,0.0,0,1
6,47,14,1,5,24.0,4,1
2,34,27,4,1,16.0,3,2
8,4,1,1,5,0.0,0,1
9,6,18,1,5,21.0,4,1
9,6,1,1,5,0.0,0,1
5,37,7,1,5,11.0,0,1
2,36,21,1,1,19.0,0,1
9,6,27,5,1,21.0,0,2
4,19,34,1,1,16.0,0,1
3,26,33,1,1,13.0,0,1
2,42,37,1,1,16.0,0,1
3,39,22,1,3,19.0,0,1
5,24,32,1,5,16.0,3,1
3,18,34,1,1,16.0,13,1
3,39,13,1,5,20.0,2,1
1,25,36,1,1,22.0,0,1
9,6,26,1,3,20.0,0,1
9,6,32,4,1,21.0,2,2
4,29,35,1,1,21.0,0,1
3,39,18,1,1,22.0,5,1
8,4,12,1,5,20.0,1,1
7,48,2,1,5,1.0,0,1
3,17,15,4,5,21.0,4,2
5,12,22,1,3,19.0,0,1
4,38,28,1,1,16.0,1,1
3,18,25,1,3,16.0,3,1
2,34,42,1,1,16.0,0,1
7,48,18,1,5,17.0,2,1
3,55,35,1,1,16.0,0,1
0,72,10,2,5,16.0,0,1
9,6,12,1,5,21.0,0,1
5,51,7,1,5,12.0,0,1
3,26,26,1,3,21.0,4,1
5,37,20,1,5,19.0,0,1
4,27,0,1,5,0.0,0,1
7,48,18,1,5,16.0,0,1
9,53,35,1,3,18.0,7,1
7,48,16,1,1,22.0,6,1
7,40,37,1,1,19.0,0,1
2,42,19,1,1,16.0,5,1
1,25,10,1,5,16.0,4,1
5,12,17,1,5,21.0,2,1
7,22,2,1,5,2.0,0,1
3,55,26,1,1,16.0,1,1
3,26,8,1,5,14.0,0,1
6,1,16,1,5,21.0,3,1
5,37,10,1,5,19.0,1,1
4,27,28,1,1,21.0,3,1
6,21,15,1,1,20.0,6,1
7,40,7,1,5,11.0,0,1
3,26,8,1,5,14.0,0,1
9,6,23,1,1,21.0,6,1
5,12,5,5,5,8.0,0,2
7,48,1,1,5,2.0,0,1
1,9,29,1,1,21.0,3,1
2,36,32,5,1,16.0,3,2
2,42,17,2,5,20.0,3,1
9,53,29,1,1,18.0,6,1
2,36,4,1,5,6.0,0,1
5,51,7,1,5,11.0,0,1
2,42,20,1,5,16.0,3,1
7,48,4,1,5,5.0,0,1
9,41,28,1,1,22.0,10,1
9,15,38,4,1,21.0,0,2
8,8,8,1,5,14.0,0,1
8,16,29,1,1,16.0,2,1
3,55,28,1,1,16.0,0,1
4,20,12,1,5,16.0,1,1
7,48,30,5,3,9.0,0,2
9,41,6,1,5,10.0,0,1
7,48,0,1,5,0.0,0,1
3,55,10,1,5,19.0,0,1
2,42,32,1,1,21.0,3,1
3,17,24,1,1,16.0,4,1
7,48,16,1,1,21.0,5,1
5,12,28,1,1,16.0,0,1
7,48,40,1,1,18.0,0,1
9,6,28,1,1,23.0,0,1
3,17,5,1,5,8.0,0,1
3,39,1,1,5,1.0,0,1
9,6,36,1,1,21.0,0,1
7,48,20,1,1,21.0,4,1
4,29,35,1,1,17.0,0,1
1,25,22,1,1,22.0,3,1
2,36,7,1,5,11.0,0,1
8,4,17,1,5,21.0,0,1
8,35,20,1,1,21.0,0,1
5,45,10,1,5,19.0,0,1
4,29,21,1,1,16.0,3,1
8,16,8,1,5,13.0,0,1
3,17,23,1,1,16.0,0,1
5,12,46,4,2,1.0,0,2
3,55,17,1,5,21.0,5,1
9,6,34,5,5,19.0,0,2
1,25,9,1,5,19.0,0,1
6,28,33,1,1,19.0,3,1
8,16,28,1,3,18.0,0,1
0,72,31,2,1,17.0,0,1
3,39,0,1,5,0.0,0,1
9,6,12,1,1,16.0,0,1
3,55,27,1,5,21.0,1,1
5,37,10,1,5,20.0,2,1
1,44,38,1,3,21.0,1,1
6,21,19,1,1,19.0,7,1
7,48,7,1,5,1.0,0,1
7,48,10,1,5,19.0,0,1
7,48,13,1,5,21.0,2,1
3,55,35,1,1,16.0,0,1
8,35,41,1,1,19.0,0,1
1,9,4,1,5,5.0,0,1
3,39,42,1,3,11.0,0,1
1,23,3,1,5,4.0,0,1
9,2,2,1,5,1.0,0,1
9,6,20,4,1,23.0,45,2
2,34,12,1,5,16.0,0,1
3,39,40,1,1,16.0,0,1
5,12,38,1,3,12.0,0,1
9,6,26,5,5,20.0,2,2
3,55,26,1,1,16.0,3,1
5,51,37,1,2,21.0,0,1
3,26,14,1,5,16.0,2,1
5,12,27,5,3,21.0,5,2
