Gender,State,MaritalStatus,HasChild,Salary,Rate,SingleExemp,MarriedExemp,ChildExemp
F,ND,M,N,15,11.0,0,6600,0
M,NC,S,N,28,37.0,3300,0,0
F,NE,S,N,46,36.0,103,0,0
F,WV,S,N,48,34.0,2000,0,0
F,DE,S,Y,47,31.0,110,0,110
M,SC,S,Y,49,37.0,3300,0,3300
M,NM,M,N,10,28.0,0,6600,0
F,VT,S,Y,16,19.0,3300,0,3300
M,ME,S,N,43,45.0,2850,0,0
M,UT,S,N,46,37.0,2475,0,0
F,PR,M,Y,18,0.0,0,0,0
F,NM,S,N,47,28.0,3300,0,0
F,NC,S,N,22,35.0,3300,0,0
M,NH,M,N,35,0.0,0,0,0
F,AZ,M,Y,27,19.0,0,4200,2300
M,CA,M,N,31,49.0,0,174,0
F,OK,M,Y,12,33.0,0,2000,1000
M,FL,S,Y,4,0.0,0,0,0
M,MN,M,Y,42,42.0,0,6600,3300
M,OR,M,N,7,48.0,0,318,0
F,ND,S,N,23,12.0,3300,0,0
M,IN,M,Y,11,18.0,0,2000,1000
F,LA,M,N,22,32.0,0,9000,0
F,VA,M,N,49,30.0,0,1800,0
F,AL,M,N,10,26.0,0,3000,0
F,MI,M,Y,35,20.0,0,6200,3100
F,HI,S,Y,47,44.0,1040,0,1040
M,AL,M,Y,46,26.0,0,3000,300
M,TN,M,Y,0,0.0,0,0,0
M,MA,S,Y,30,28.0,3575,0,1000
F,ID,M,Y,36,41.0,0,6600,3300
F,HI,S,Y,23,44.0,1040,0,1040
M,SC,S,Y,43,37.0,3300,0,3300
M,OH,M,N,44,18.0,0,2600,0
F,GA,S,N,7,32.0,2700,0,0
M,VT,M,Y,26,21.0,0,6600,3300
F,TN,S,N,30,0.0,0,0,0
M,AZ,M,N,12,16.0,0,4200,0
M,UT,S,N,21,37.0,2475,0,0
F,MS,M,N,43,26.0,0,12000,0
M,ND,S,N,48,15.0,3300,0,0
M,OK,M,Y,10,33.0,0,2000,1000
F,AR,S,N,0,5.0,20,0,0
M,ID,S,Y,37,41.0,3300,0,3300
F,IL,M,N,4,16.0,0,4000,0
F,MN,S,Y,8,28.0,3300,0,3300
M,WA,S,Y,31,0.0,0,0,0
F,IL,M,Y,15,16.0,0,4000,2000
F,NY,S,N,5,21.0,0,0,0
M,KY,S,N,32,29.0,20,0,0
M,IN,S,Y,31,18.0,1000,0,1000
M,UT,S,Y,45,37.0,2475,0,2475
F,SC,M,Y,30,37.0,0,6600,3300
M,GA,M,Y,34,32.0,0,5400,3000
M,NJ,S,N,44,13.0,1000,0,0
M,NM,S,Y,37,28.0,3300,0,3300
M,MA,S,Y,14,28.0,3575,0,1000
M,LA,S,Y,14,32.0,4500,0,1000
F,UT,S,Y,39,37.0,2475,0,2475
M,LA,S,Y,31,32.0,4500,0,1000
M,WY,M,N,44,0.0,0,0,0
F,ID,S,N,20,41.0,3300,0,0
F,MI,S,Y,49,20.0,3100,0,3100
M,CO,S,Y,10,24.0,0,0,0
F,WA,M,N,30,0.0,0,0,0
M,NH,M,N,36,0.0,0,0,0
F,CA,S,N,17,42.0,87,0,0
M,NC,M,N,12,33.0,0,6600,0
M,NE,M,Y,32,36.0,0,206,103
M,AR,M,Y,32,37.0,0,40,20
M,MN,S,N,33,42.0,3300,0,0
F,MT,S,N,23,37.0,1900,0,0
F,NV,M,Y,15,0.0,0,0,0
M,WA,S,Y,21,0.0,0,0,0
M,SD,M,Y,28,0.0,0,0,0
F,KS,S,N,37,34.0,2250,0,0
M,ME,M,N,25,45.0,0,5700,0
M,UT,M,Y,4,37.0,0,4950,2475
F,UT,S,Y,44,37.0,2475,0,2475
F,CT,S,N,48,26.0,12750,0,0
F,NC,S,Y,28,37.0,3300,0,3300
M,GA,S,N,47,32.0,2700,0,0
F,MI,M,N,44,20.0,0,6200,0
M,CT,S,Y,36,26.0,12750,0,0
F,ID,S,Y,13,41.0,3300,0,3300
M,KY,M,Y,37,32.0,0,40,20
M,MO,M,Y,41,32.0,0,4200,1200
M,ID,M,Y,42,41.0,0,6600,3300
M,PR,S,N,9,0.0,0,0,0
M,AK,S,Y,5,0.0,0,0,0
M,FL,M,Y,15,0.0,0,0,0
M,MO,S,N,1,17.0,2100,0,0
M,SD,M,Y,27,0.0,0,0,0
F,OR,M,Y,6,48.0,0,318,159
F,SC,M,Y,48,37.0,0,6600,3300
M,VA,S,N,27,30.0,900,0,0
F,LA,S,N,8,17.0,4500,0,0
M,UT,M,Y,18,37.0,0,4950,2475
F,NC,S,Y,5,32.0,3300,0,3300
M,GA,M,N,39,32.0,0,5400,0
M,FL,M,N,16,0.0,0,0,0
M,MI,M,Y,9,20.0,0,6200,3100
M,OR,M,N,40,48.0,0,318,0
M,NJ,M,Y,27,10.0,0,2000,1500
M,CO,S,Y,9,24.0,0,0,0
F,ID,S,Y,3,18.0,3300,0,3300
F,MT,M,Y,12,37.0,0,3800,1900
F,GA,M,N,1,17.0,0,5400,0
F,ME,S,Y,45,45.0,2850,0,2850
M,NY,S,Y,41,23.0,0,0,1000
M,PA,S,N,22,16.0,0,0,0
F,MO,S,N,17,32.0,2100,0,0
M,ND,S,Y,4,11.0,3300,0,3300
F,NJ,S,Y,46,13.0,1000,0,1500
F,AR,M,N,35,37.0,0,40,0
F,DC,M,Y,23,48.0,0,2740,1370
M,NC,S,Y,6,32.0,3300,0,3300
F,MD,S,Y,47,25.0,2400,0,2400
M,ID,S,Y,3,16.0,3300,0,3300
F,MN,S,Y,44,42.0,3300,0,3300
M,AR,M,N,29,37.0,0,40,0
M,AK,S,N,1,0.0,0,0,0
M,DC,M,Y,41,48.0,0,2740,1370
M,TN,S,Y,28,0.0,0,0,0
M,IL,S,N,34,16.0,2000,0,0
F,AK,M,N,21,0.0,0,0,0
M,WY,S,N,14,0.0,0,0,0
M,CT,S,N,23,26.0,12750,0,0
F,MA,M,Y,49,28.0,0,7150,1000
F,LA,M,Y,19,32.0,0,9000,1000
M,WV,S,Y,7,18.0,2000,0,2000
F,MI,M,Y,45,20.0,0,6200,3100
F,MT,S,Y,5,29.0,1900,0,1900
F,OK,S,Y,19,33.0,1000,0,1000
M,CA,M,N,0,5.0,0,174,0
F,CA,M,Y,46,49.0,0,174,272
F,KY,S,Y,44,32.0,20,0,20
F,CO,S,Y,21,24.0,0,0,0
F,VT,M,N,37,24.0,0,6600,0
F,UT,M,N,27,37.0,0,4950,0
F,NC,M,N,20,35.0,0,6600,0
F,CA,S,N,1,5.0,87,0,0
F,ND,S,N,47,15.0,3300,0,0
F,KY,S,Y,8,15.0,20,0,20
M,IL,M,Y,45,16.0,0,4000,2000
M,AK,S,Y,47,0.0,0,0,0
M,OK,M,Y,43,33.0,0,2000,1000
M,HI,S,Y,41,44.0,1040,0,1040
F,PR,M,Y,0,0.0,0,0,0
F,NM,M,N,42,28.0,0,6600,0
F,IN,M,N,49,18.0,0,2000,0
M,AK,S,Y,13,0.0,0,0,0
M,DC,S,N,27,48.0,1370,0,0
M,ID,M,N,41,41.0,0,6600,0
F,TX,M,Y,16,0.0,0,0,0
M,NJ,S,N,34,11.0,1000,0,0
F,HI,M,N,15,36.0,0,2080,0
M,DE,S,Y,48,31.0,110,0,110
F,IA,S,Y,15,27.0,40,0,40
F,MS,S,Y,17,26.0,6000,0,1500
M,AL,S,N,31,26.0,1500,0,0
F,GA,S,N,45,32.0,2700,0,0
F,WA,S,Y,44,0.0,0,0,0
M,NH,S,N,8,0.0,0,0,0
F,RI,M,Y,26,0.0,0,0,0
F,KY,S,Y,45,32.0,20,0,20
F,NV,S,Y,31,0.0,0,0,0
F,DC,M,Y,31,48.0,0,2740,1370
F,AK,S,Y,12,0.0,0,0,0
M,OH,S,N,14,8.0,1300,0,0
F,IL,S,Y,15,16.0,2000,0,2000
F,NV,S,N,30,0.0,0,0,0
F,AZ,M,Y,11,16.0,0,4200,2300
F,MI,S,Y,16,20.0,3100,0,3100
F,AZ,M,Y,48,22.0,0,4200,2300
F,AK,S,Y,31,0.0,0,0,0
F,TN,M,Y,10,0.0,0,0,0
F,CA,S,Y,1,5.0,87,0,272
M,OR,M,Y,26,48.0,0,318,159
M,NC,S,N,42,40.0,3300,0,0
M,PR,M,Y,49,0.0,0,0,0
M,MD,M,Y,35,25.0,0,4800,2400
M,UT,S,N,32,37.0,2475,0,0
M,MT,M,N,7,37.0,0,3800,0
M,RI,M,N,20,0.0,0,0,0
M,WV,M,Y,15,24.0,0,4000,2000
M,HI,M,Y,33,44.0,0,2080,1040
F,NH,M,N,4,0.0,0,0,0
F,TN,M,Y,8,0.0,0,0,0
M,LA,S,Y,14,32.0,4500,0,1000
M,ND,M,N,36,14.0,0,6600,0
F,GA,S,Y,4,32.0,2700,0,3000
M,OH,S,Y,31,14.0,1300,0,1300
F,MD,S,N,43,25.0,2400,0,0
M,MD,M,Y,2,25.0,0,4800,2400
F,MA,S,N,43,28.0,3575,0,0
F,GA,S,Y,28,32.0,2700,0,3000
M,MO,S,N,23,32.0,2100,0,0
M,ME,M,N,49,45.0,0,5700,0
F,AR,S,Y,2,8.0,20,0,20
M,SC,S,N,33,37.0,3300,0,0
M,WV,S,N,1,16.0,2000,0,0
M,WI,S,N,10,25.0,700,0,0
F,IN,M,Y,25,18.0,0,2000,1000
M,DE,S,N,14,20.0,110,0,0
F,NC,S,Y,49,41.0,3300,0,3300
M,WY,S,N,4,0.0,0,0,0
F,ND,S,N,47,15.0,3300,0,0
M,SD,M,N,29,0.0,0,0,0
M,NH,M,Y,44,0.0,0,0,0
M,NJ,S,Y,36,12.0,1000,0,1500
M,IN,M,N,39,18.0,0,2000,0
M,SC,M,N,42,37.0,0,6600,0
M,NJ,S,N,28,10.0,1000,0,0
F,TX,M,Y,41,0.0,0,0,0
M,SC,M,N,5,34.0,0,6600,0
F,NC,S,N,35,38.0,3300,0,0
M,KS,S,Y,31,34.0,2250,0,2250
F,OH,M,Y,44,18.0,0,2600,1300
F,TX,S,Y,16,0.0,0,0,0
M,IL,S,N,31,16.0,2000,0,0
M,ME,M,Y,38,45.0,0,5700,2850
F,MS,M,N,38,26.0,0,12000,0
F,GA,S,N,4,32.0,2700,0,0
M,DC,M,N,26,48.0,0,2740,0
M,MN,M,N,29,39.0,0,6600,0
M,SC,S,Y,27,37.0,3300,0,3300
F,NY,M,N,21,22.0,0,0,0
F,DE,M,N,27,30.0,0,220,0
F,NJ,S,N,3,7.0,1000,0,0
F,CA,S,N,8,18.0,87,0,0
M,PR,S,N,28,0.0,0,0,0
F,SC,S,N,20,37.0,3300,0,0
M,AL,S,Y,38,26.0,1500,0,300
M,SD,S,Y,2,0.0,0,0,0
F,GA,S,N,34,32.0,2700,0,0
F,WA,M,N,22,0.0,0,0,0
M,ND,M,N,26,12.0,0,6600,0
F,MN,M,Y,14,31.0,0,6600,3300
M,MS,S,Y,13,26.0,6000,0,1500
F,SD,M,Y,35,0.0,0,0,0
M,TN,S,Y,23,0.0,0,0,0
M,ME,M,N,24,45.0,0,5700,0
M,PR,M,Y,14,0.0,0,0,0
F,IA,M,Y,33,48.0,0,80,40
F,PA,M,N,16,16.0,0,0,0
M,VA,S,N,14,30.0,900,0,0
M,GA,S,N,28,32.0,2700,0,0
M,KY,M,N,24,24.0,0,40,0
M,WV,M,Y,9,19.0,0,4000,2000
F,WY,S,N,5,0.0,0,0,0
F,NJ,M,N,31,11.0,0,2000,0
F,MN,S,Y,1,28.0,3300,0,3300
F,TX,M,N,3,0.0,0,0,0
M,CA,M,N,41,49.0,0,174,0
F,WI,S,Y,36,30.0,700,0,400
F,TX,S,Y,48,0.0,0,0,0
M,CA,S,N,27,49.0,87,0,0
M,CT,S,Y,25,26.0,12750,0,0
M,WI,S,N,30,29.0,700,0,0
M,IN,S,Y,49,18.0,1000,0,1000
F,NM,S,Y,46,28.0,3300,0,3300
F,VA,M,N,39,30.0,0,1800,0
M,FL,M,Y,0,0.0,0,0,0
F,NM,M,N,11,28.0,0,6600,0
F,LA,S,Y,27,32.0,4500,0,1000
M,AZ,S,Y,19,17.0,2100,0,2300
F,IL,M,N,12,16.0,0,4000,0
M,TX,S,Y,7,0.0,0,0,0
F,NY,S,Y,27,22.0,0,0,1000
F,VT,M,Y,12,19.0,0,6600,3300
M,KY,S,N,43,32.0,20,0,0
M,ND,M,N,7,11.0,0,6600,0
M,MD,S,Y,2,25.0,2400,0,2400
M,ND,S,Y,5,11.0,3300,0,3300
M,KS,S,Y,46,34.0,2250,0,2250
M,NC,M,Y,22,35.0,0,6600,3300
M,DC,M,Y,48,48.0,0,2740,1370
M,LA,M,N,3,10.0,0,9000,0
F,CT,S,Y,4,16.0,12750,0,0
F,MA,S,Y,4,28.0,3575,0,1000
M,OK,M,Y,8,33.0,0,2000,1000
F,OR,S,N,0,26.0,159,0,0
M,GA,S,Y,47,32.0,2700,0,3000
F,NM,S,Y,6,23.0,3300,0,3300
M,NH,S,Y,2,0.0,0,0,0
F,MD,S,Y,37,25.0,2400,0,2400
F,PR,M,Y,18,0.0,0,0,0
F,HI,M,N,22,44.0,0,2080,0
F,NM,M,Y,25,28.0,0,6600,3300
F,LA,S,N,13,32.0,4500,0,0
F,AZ,S,N,14,17.0,2100,0,0
F,UT,M,Y,46,37.0,0,4950,2475
F,GA,M,N,11,32.0,0,5400,0
F,WI,M,N,32,30.0,0,1400,0
F,SC,M,Y,19,37.0,0,6600,3300
M,CT,S,N,48,26.0,12750,0,0
M,TX,M,Y,25,0.0,0,0,0
F,NM,M,N,14,28.0,0,6600,0
M,NY,S,Y,28,23.0,0,0,1000
F,IN,M,N,11,18.0,0,2000,0
F,NY,M,N,48,24.0,0,0,0
F,WY,M,N,46,0.0,0,0,0
M,NE,S,N,33,36.0,103,0,0
M,WA,S,Y,41,0.0,0,0,0
M,WA,S,Y,29,0.0,0,0,0
M,RI,S,N,31,0.0,0,0,0
F,NY,S,Y,41,23.0,0,0,1000
F,KS,S,N,4,18.0,2250,0,0
F,MN,S,Y,8,28.0,3300,0,3300
F,CA,S,N,34,49.0,87,0,0
M,OH,S,Y,34,15.0,1300,0,1300
M,CA,M,N,8,18.0,0,174,0
M,LA,M,N,17,32.0,0,9000,0
M,WA,M,Y,33,0.0,0,0,0
F,SD,S,Y,2,0.0,0,0,0
F,LA,M,N,39,32.0,0,9000,0
F,IL,S,N,26,16.0,2000,0,0
M,MS,S,N,43,26.0,6000,0,0
F,LA,S,N,34,32.0,4500,0,0
F,MT,M,Y,29,37.0,0,3800,1900
F,RI,S,Y,16,0.0,0,0,0
F,HI,M,Y,12,30.0,0,2080,1040
M,NJ,M,Y,5,7.0,0,2000,1500
M,NV,S,Y,34,0.0,0,0,0
M,AZ,M,N,36,20.0,0,4200,0
F,MT,S,Y,49,37.0,1900,0,1900
M,AL,S,Y,28,26.0,1500,0,300
F,NE,M,Y,13,36.0,0,206,103
F,SD,S,N,47,0.0,0,0,0
M,CO,S,N,26,24.0,0,0,0
F,NC,S,Y,40,39.0,3300,0,3300
M,IL,S,Y,35,16.0,2000,0,2000
M,WA,S,Y,1,0.0,0,0,0
M,MO,S,Y,41,32.0,2100,0,1200
F,MN,S,Y,45,42.0,3300,0,3300
M,FL,M,N,2,0.0,0,0,0
M,WV,S,Y,21,28.0,2000,0,2000
M,TN,S,N,35,0.0,0,0,0
M,SC,M,N,12,37.0,0,6600,0
M,WY,M,N,13,0.0,0,0,0
F,MO,M,Y,41,32.0,0,4200,1200
M,FL,M,N,21,0.0,0,0,0
M,KY,S,N,32,29.0,20,0,0
M,WA,S,N,34,0.0,0,0,0
M,NC,S,Y,12,33.0,3300,0,3300
F,MT,S,N,47,37.0,1900,0,0
F,LA,M,Y,12,32.0,0,9000,1000
F,NV,M,Y,41,0.0,0,0,0
F,DE,S,Y,9,16.0,110,0,110
F,RI,S,Y,31,0.0,0,0,0
M,FL,M,N,47,0.0,0,0,0
M,RI,S,Y,0,0.0,0,0,0
F,AK,S,N,24,0.0,0,0,0
M,DC,S,N,25,48.0,1370,0,0
F,MT,M,Y,22,37.0,0,3800,1900
F,OH,M,N,39,16.0,0,2600,0
M,OK,S,Y,20,33.0,1000,0,1000
F,UT,M,Y,18,37.0,0,4950,2475
M,AR,S,N,17,37.0,20,0,0
M,TN,M,Y,22,0.0,0,0,0
M,MT,S,Y,9,37.0,1900,0,1900
F,NV,M,N,15,0.0,0,0,0
F,GA,S,Y,20,32.0,2700,0,3000
F,MI,M,Y,15,20.0,0,6200,3100
M,KY,S,Y,21,22.0,20,0,20
F,RI,M,Y,20,0.0,0,0,0
F,KY,M,Y,40,32.0,0,40,20
F,MS,S,Y,14,26.0,6000,0,1500
F,TX,M,Y,25,0.0,0,0,0
M,TN,S,N,11,0.0,0,0,0
M,NY,M,Y,36,23.0,0,0,1000
M,PA,S,N,47,16.0,0,0,0
F,DC,M,N,10,38.0,0,2740,0
F,LA,S,Y,12,31.0,4500,0,1000
F,AL,M,N,28,26.0,0,3000,0
F,MA,M,Y,46,28.0,0,7150,1000
F,MO,M,Y,24,32.0,0,4200,1200
M,IA,M,Y,20,35.0,0,80,40
M,IN,S,N,27,18.0,1000,0,0
F,AK,S,N,27,0.0,0,0,0
F,NM,M,N,11,28.0,0,6600,0
F,PR,M,Y,6,0.0,0,0,0
F,NV,M,Y,31,0.0,0,0,0
F,WY,S,Y,33,0.0,0,0,0
F,VT,S,N,24,21.0,3300,0,0
F,HI,S,Y,13,31.0,1040,0,1040
M,RI,M,N,33,0.0,0,0,0
M,CO,M,Y,41,24.0,0,0,0
M,OR,M,N,43,48.0,0,318,0
F,PA,S,Y,5,16.0,0,0,0
M,AL,M,N,26,26.0,0,3000,0
M,NM,M,N,35,28.0,0,6600,0
M,SC,S,N,49,37.0,3300,0,0
M,OK,M,Y,49,33.0,0,2000,1000
M,FL,M,N,30,0.0,0,0,0
M,WY,S,N,36,0.0,0,0,0
M,MT,S,Y,22,37.0,1900,0,1900
F,DE,S,Y,4,13.0,110,0,110
F,TN,S,Y,35,0.0,0,0,0
F,AZ,M,N,13,16.0,0,4200,0
F,ME,S,Y,29,45.0,2850,0,2850
F,ND,M,Y,2,11.0,0,6600,3300
M,MT,S,N,26,37.0,1900,0,0
M,MA,M,Y,32,28.0,0,7150,1000
M,IN,S,N,17,18.0,1000,0,0
F,CA,S,Y,13,32.0,87,0,272
M,OH,M,N,9,6.0,0,2600,0
F,CO,M,Y,7,24.0,0,0,0
M,AZ,S,Y,3,15.0,2100,0,2300
M,VT,S,Y,20,20.0,3300,0,3300
M,SC,M,N,7,37.0,0,6600,0
F,MO,S,Y,27,32.0,2100,0,1200
M,DC,M,N,7,30.0,0,2740,0
F,IN,M,N,46,18.0,0,2000,0
M,SC,M,Y,28,37.0,0,6600,3300
F,MD,S,Y,45,25.0,2400,0,2400
M,WY,M,N,2,0.0,0,0,0
F,MD,M,Y,37,25.0,0,4800,2400
M,MA,M,Y,26,28.0,0,7150,1000
F,CT,S,N,23,26.0,12750,0,0
F,NJ,S,N,3,7.0,1000,0,0
M,SD,S,N,41,0.0,0,0,0
F,RI,S,Y,6,0.0,0,0,0
M,SC,M,N,17,37.0,0,6600,0
M,HI,M,N,20,44.0,0,2080,0
F,RI,M,N,31,0.0,0,0,0
M,WV,S,Y,20,27.0,2000,0,2000
M,DC,M,N,11,39.0,0,2740,0
F,NV,M,N,10,0.0,0,0,0
F,SD,M,N,42,0.0,0,0,0
M,MS,S,N,31,26.0,6000,0,0
F,NV,M,N,40,0.0,0,0,0
M,OR,S,N,45,48.0,159,0,0
M,DE,M,Y,14,20.0,0,220,110
F,UT,M,N,14,37.0,0,4950,0
M,CT,M,Y,16,26.0,0,24500,0
F,WV,S,Y,15,24.0,2000,0,2000
M,IL,M,N,36,16.0,0,4000,0
M,AR,S,N,3,11.0,20,0,0
M,MT,S,N,47,37.0,1900,0,0
F,RI,M,Y,46,0.0,0,0,0
M,MS,S,N,26,26.0,6000,0,0
M,MI,S,Y,11,20.0,3100,0,3100
M,OK,S,Y,10,33.0,1000,0,1000
F,AR,S,Y,25,37.0,20,0,20
F,AR,S,N,6,19.0,20,0,0
F,SC,M,N,5,35.0,0,6600,0
F,OR,M,Y,4,48.0,0,318,159
F,MS,M,Y,33,26.0,0,12000,1500
M,NV,M,Y,27,0.0,0,0,0
F,IL,M,N,4,16.0,0,4000,0
M,WI,M,N,36,30.0,0,1400,0
M,CT,S,N,13,26.0,12750,0,0
M,DC,S,N,1,24.0,1370,0,0
M,OK,S,Y,43,33.0,1000,0,1000
F,TN,M,N,25,0.0,0,0,0
F,AL,S,Y,24,26.0,1500,0,300
M,NJ,M,N,42,13.0,0,2000,0
F,MO,M,Y,39,32.0,0,4200,1200
M,KS,S,N,49,34.0,2250,0,0
F,WA,M,N,22,0.0,0,0,0
F,MO,S,Y,37,32.0,2100,0,1200
F,ID,S,N,14,41.0,3300,0,0
M,IA,M,Y,42,48.0,0,80,40
M,OH,S,Y,28,13.0,1300,0,1300
M,NH,S,N,34,0.0,0,0,0
F,KS,S,N,45,34.0,2250,0,0
M,MT,M,N,4,25.0,0,3800,0
F,FL,M,Y,40,0.0,0,0,0
F,AK,M,N,5,0.0,0,0,0
F,VA,M,Y,34,30.0,0,1800,900
F,CA,S,Y,49,49.0,87,0,272
M,MS,M,N,31,26.0,0,12000,0
M,WY,S,Y,42,0.0,0,0,0
M,DE,S,Y,23,27.0,110,0,110
F,ME,S,Y,9,45.0,2850,0,2850
F,DC,S,N,25,48.0,1370,0,0
M,PR,M,Y,40,0.0,0,0,0
M,TX,S,Y,42,0.0,0,0,0
M,WV,M,N,30,34.0,0,4000,0
M,ND,S,Y,1,11.0,3300,0,3300
M,WY,M,Y,2,0.0,0,0,0
M,MS,S,N,23,26.0,6000,0,0
F,IN,S,Y,3,18.0,1000,0,1000
F,OR,M,N,0,26.0,0,318,0
F,TN,M,Y,9,0.0,0,0,0
F,MD,S,Y,30,25.0,2400,0,2400
M,OR,S,N,8,48.0,159,0,0
F,HI,S,Y,36,44.0,1040,0,1040
F,TN,M,Y,1,0.0,0,0,0
F,VA,S,N,20,30.0,900,0,0
F,AL,S,Y,19,26.0,1500,0,300
F,HI,M,Y,46,44.0,0,2080,1040
F,FL,M,Y,39,0.0,0,0,0
F,KS,M,Y,13,30.0,0,4500,2250
F,VT,S,N,29,22.0,3300,0,0
M,NY,S,N,20,22.0,0,0,0
M,MI,M,N,11,20.0,0,6200,0
F,OH,S,Y,16,8.0,1300,0,1300
M,MD,M,Y,38,25.0,0,4800,2400
M,AL,S,Y,11,26.0,1500,0,300
M,LA,S,Y,41,32.0,4500,0,1000
M,WV,M,Y,41,34.0,0,4000,2000
F,IN,M,Y,12,18.0,0,2000,1000
M,PR,M,Y,38,0.0,0,0,0
F,UT,S,Y,6,37.0,2475,0,2475
F,MI,S,Y,40,20.0,3100,0,3100
M,NJ,M,N,47,13.0,0,2000,0
M,AK,M,Y,33,0.0,0,0,0
F,NJ,M,Y,6,7.0,0,2000,1500
M,CT,S,N,49,26.0,12750,0,0
M,OR,M,Y,11,48.0,0,318,159
M,ID,S,N,43,41.0,3300,0,0
F,GA,M,Y,17,32.0,0,5400,3000
F,VT,M,Y,13,19.0,0,6600,3300
F,DE,M,Y,28,31.0,0,220,110
M,MS,M,Y,2,17.0,0,12000,1500
M,UT,M,N,46,37.0,0,4950,0
F,IL,M,N,14,16.0,0,4000,0
M,CA,S,Y,34,49.0,87,0,272
F,LA,S,Y,44,32.0,4500,0,1000
M,PR,S,Y,18,0.0,0,0,0
F,AK,M,Y,40,0.0,0,0,0
M,MD,M,N,45,25.0,0,4800,0
F,KS,M,N,3,18.0,0,4500,0
F,NM,S,N,24,28.0,3300,0,0
M,PA,S,Y,37,16.0,0,0,0
F,NY,S,N,28,23.0,0,0,0
M,UT,M,N,15,37.0,0,4950,0
M,IN,M,N,1,18.0,0,2000,0
M,AK,M,N,38,0.0,0,0,0
M,MI,S,N,27,20.0,3100,0,0
F,WY,M,Y,22,0.0,0,0,0
M,IN,S,N,12,18.0,1000,0,0
M,KY,M,Y,42,32.0,0,40,20
F,VT,S,Y,1,19.0,3300,0,3300
M,CA,S,N,44,49.0,87,0,0
F,IN,M,N,4,18.0,0,2000,0
F,CT,M,Y,19,26.0,0,24500,0
M,NY,S,Y,2,21.0,0,0,1000
F,ID,S,Y,15,41.0,3300,0,3300
F,AZ,S,N,48,22.0,2100,0,0
F,IL,S,Y,24,16.0,2000,0,2000
F,NE,S,N,43,36.0,103,0,0
M,WV,M,N,42,34.0,0,4000,0
M,DC,M,N,17,48.0,0,2740,0
F,MS,S,Y,0,16.0,6000,0,1500
F,DC,S,Y,34,48.0,1370,0,1370
F,KS,S,N,20,34.0,2250,0,0
M,NY,S,Y,40,23.0,0,0,1000
M,MT,M,N,6,33.0,0,3800,0
F,MA,M,N,8,28.0,0,7150,0
F,OH,S,Y,40,17.0,1300,0,1300
F,VA,M,Y,14,30.0,0,1800,900
F,MD,S,N,7,25.0,2400,0,0
F,CT,S,Y,19,26.0,12750,0,0
M,MO,M,N,25,32.0,0,4200,0
F,SC,M,N,34,37.0,0,6600,0
F,NM,M,Y,40,28.0,0,6600,3300
F,MT,S,Y,8,37.0,1900,0,1900
M,SC,S,N,14,37.0,3300,0,0
F,DC,S,N,39,48.0,1370,0,0
F,WV,S,N,5,16.0,2000,0,0
F,FL,S,Y,47,0.0,0,0,0
M,OH,M,N,37,16.0,0,2600,0
M,NV,M,N,48,0.0,0,0,0
M,CT,M,Y,44,26.0,0,24500,0
F,KS,M,Y,19,34.0,0,4500,2250
F,IN,S,Y,42,18.0,1000,0,1000
M,HI,M,Y,1,8.0,0,2080,1040
F,NC,M,Y,11,33.0,0,6600,3300
M,CO,S,Y,38,24.0,0,0,0
F,MO,S,N,13,32.0,2100,0,0
M,IA,M,N,16,28.0,0,80,0
F,GA,M,Y,39,32.0,0,5400,3000
M,NE,S,N,17,36.0,103,0,0
M,LA,S,N,49,32.0,4500,0,0
F,PR,S,N,45,0.0,0,0,0
M,MI,S,N,25,20.0,3100,0,0
M,TN,S,N,10,0.0,0,0,0
F,FL,S,Y,40,0.0,0,0,0
F,GA,M,Y,46,32.0,0,5400,3000
F,DC,M,Y,7,29.0,0,2740,1370
F,WY,M,N,13,0.0,0,0,0
F,TX,S,N,8,0.0,0,0,0
M,NH,S,Y,0,0.0,0,0,0
M,AK,M,N,27,0.0,0,0,0
M,TN,S,N,32,0.0,0,0,0
M,FL,M,Y,33,0.0,0,0,0
M,DC,S,Y,47,48.0,1370,0,1370
F,OH,S,Y,48,20.0,1300,0,1300
F,ND,M,Y,45,15.0,0,6600,3300
F,CO,S,Y,48,24.0,0,0,0
F,NC,M,Y,35,38.0,0,6600,3300
M,NC,S,N,12,33.0,3300,0,0
F,WV,M,N,8,18.0,0,4000,0
F,IA,M,Y,8,14.0,0,80,40
M,AZ,M,N,6,15.0,0,4200,0
M,MO,M,Y,30,32.0,0,4200,1200
F,FL,M,N,42,0.0,0,0,0
M,UT,S,N,45,37.0,2475,0,0
F,IA,M,N,46,48.0,0,80,0
F,IN,M,Y,43,18.0,0,2000,1000
F,DE,S,N,19,24.0,110,0,0
F,MA,S,Y,33,28.0,3575,0,1000
F,OK,M,Y,7,33.0,0,2000,1000
M,NH,M,Y,43,0.0,0,0,0
M,NJ,S,N,7,7.0,1000,0,0
F,HI,M,Y,18,41.0,0,2080,1040
M,ND,M,N,28,12.0,0,6600,0
F,DC,M,Y,11,41.0,0,2740,1370
F,AR,S,Y,31,37.0,20,0,20
F,FL,S,Y,13,0.0,0,0,0
F,IA,M,Y,31,48.0,0,80,40
M,GA,S,Y,30,32.0,2700,0,3000
F,WA,S,Y,48,0.0,0,0,0
M,CA,S,N,8,18.0,87,0,0
M,NH,M,Y,17,0.0,0,0,0
F,MD,M,N,48,25.0,0,4800,0
F,PA,S,N,26,16.0,0,0,0
F,RI,S,Y,16,0.0,0,0,0
M,NH,S,N,26,0.0,0,0,0
F,PA,S,Y,44,16.0,0,0,0
M,LA,S,N,25,32.0,4500,0,0
F,AL,S,N,22,26.0,1500,0,0
M,MD,S,Y,45,25.0,2400,0,2400
M,VA,M,Y,38,30.0,0,1800,900
M,RI,S,Y,0,0.0,0,0,0
M,MT,S,Y,7,37.0,1900,0,1900
F,NE,M,N,2,17.0,0,206,0
F,WI,S,N,33,30.0,700,0,0
M,AL,S,Y,16,26.0,1500,0,300
M,LA,M,Y,28,32.0,0,9000,1000
M,DE,S,Y,39,31.0,110,0,110
F,MT,M,N,31,37.0,0,3800,0
M,MT,S,N,0,5.0,1900,0,0
M,OH,M,N,37,16.0,0,2600,0
M,GA,M,Y,19,32.0,0,5400,3000
F,HI,S,N,21,44.0,1040,0,0
F,OK,S,N,34,33.0,1000,0,0
M,AR,M,N,10,27.0,0,40,0
M,PA,S,N,44,16.0,0,0,0
F,FL,S,N,45,0.0,0,0,0
M,VT,M,Y,15,19.0,0,6600,3300
M,AZ,M,Y,27,19.0,0,4200,2300
F,GA,S,Y,9,32.0,2700,0,3000
M,NV,S,Y,10,0.0,0,0,0
M,AL,M,Y,0,17.0,0,3000,300
F,OR,M,Y,2,45.0,0,318,159
M,AL,M,Y,40,26.0,0,3000,300
M,ID,S,N,40,41.0,3300,0,0
M,ND,M,N,28,12.0,0,6600,0
F,SC,M,N,14,37.0,0,6600,0
M,LA,S,Y,46,32.0,4500,0,1000
F,CT,S,N,37,26.0,12750,0,0
M,KY,S,N,3,12.0,20,0,0
F,MA,M,N,15,28.0,0,7150,0
M,NJ,M,Y,19,9.0,0,2000,1500
F,IA,S,Y,15,26.0,40,0,40
F,OK,S,Y,38,33.0,1000,0,1000
F,NH,M,N,9,0.0,0,0,0
F,IL,M,Y,35,16.0,0,4000,2000
F,TN,M,Y,16,0.0,0,0,0
F,CA,S,N,46,49.0,87,0,0
M,IL,M,Y,34,16.0,0,4000,2000
M,WI,M,Y,7,25.0,0,1400,400
M,RI,M,N,15,0.0,0,0,0
F,DC,M,Y,30,48.0,0,2740,1370
F,TN,M,N,25,0.0,0,0,0
F,VT,M,Y,28,22.0,0,6600,3300
F,MO,M,N,12,32.0,0,4200,0
F,RI,S,N,43,0.0,0,0,0
M,NC,M,N,9,33.0,0,6600,0
F,UT,S,N,9,37.0,2475,0,0
F,AL,S,N,20,26.0,1500,0,0
F,IL,M,Y,30,16.0,0,4000,2000
F,WA,M,Y,41,0.0,0,0,0
F,CA,M,Y,48,49.0,0,174,272
F,AR,M,Y,28,37.0,0,40,20
M,FL,S,Y,31,0.0,0,0,0
M,OK,S,Y,12,33.0,1000,0,1000
F,WI,S,Y,29,29.0,700,0,400
M,HI,S,Y,3,12.0,1040,0,1040
M,MT,S,N,20,37.0,1900,0,0
M,OK,M,N,22,33.0,0,2000,0
F,AR,M,N,39,37.0,0,40,0
F,HI,M,Y,21,44.0,0,2080,1040
M,ME,S,N,38,45.0,2850,0,0
M,ME,M,Y,42,45.0,0,5700,2850
F,MA,S,Y,23,28.0,3575,0,1000
M,NE,M,Y,33,36.0,0,206,103
M,WY,M,N,36,0.0,0,0,0
M,MT,S,N,14,37.0,1900,0,0
F,OK,S,Y,42,33.0,1000,0,1000
F,SD,S,N,35,0.0,0,0,0
F,MO,S,Y,13,32.0,2100,0,1200
M,NJ,M,N,46,13.0,0,2000,0
M,MA,M,Y,39,28.0,0,7150,1000
M,WY,M,N,8,0.0,0,0,0
F,NC,M,N,43,40.0,0,6600,0
M,CO,S,N,34,24.0,0,0,0
F,IA,M,Y,29,48.0,0,80,40
F,PR,M,Y,4,0.0,0,0,0
F,TX,S,N,27,0.0,0,0,0
M,MS,S,Y,40,26.0,6000,0,1500
F,AK,S,Y,24,0.0,0,0,0
M,MI,S,Y,42,20.0,3100,0,3100
F,KS,S,N,1,18.0,2250,0,0
M,VA,M,N,13,30.0,0,1800,0
M,UT,M,Y,30,37.0,0,4950,2475
F,TN,S,Y,47,0.0,0,0,0
M,IN,S,N,47,18.0,1000,0,0
F,MN,M,Y,13,30.0,0,6600,3300
F,NE,M,N,35,36.0,0,206,0
M,NH,S,N,39,0.0,0,0,0
M,CT,M,N,44,26.0,0,24500,0
F,KS,M,N,10,25.0,0,4500,0
F,KS,M,N,1,18.0,0,4500,0
F,OH,M,N,21,10.0,0,2600,0
M,CA,M,N,32,49.0,0,174,0
M,WV,S,Y,22,29.0,2000,0,2000
M,TX,M,N,8,0.0,0,0,0
F,ID,M,N,9,37.0,0,6600,0
M,NV,S,N,11,0.0,0,0,0
M,ID,S,Y,46,41.0,3300,0,3300
F,WV,S,N,34,34.0,2000,0,0
M,LA,M,Y,24,32.0,0,9000,1000
M,UT,M,N,13,37.0,0,4950,0
F,PR,M,N,26,0.0,0,0,0
F,AZ,S,N,0,15.0,2100,0,0
F,TX,S,N,18,0.0,0,0,0
F,PA,S,Y,0,16.0,0,0,0
F,CO,M,Y,49,24.0,0,0,0
F,NJ,M,Y,30,10.0,0,2000,1500
F,OH,M,N,30,13.0,0,2600,0
F,NY,M,N,47,24.0,0,0,0
M,AR,S,N,3,10.0,20,0,0
F,NY,M,Y,48,24.0,0,0,1000
M,PA,M,Y,28,16.0,0,0,0
F,TX,M,N,13,0.0,0,0,0
F,VA,M,Y,13,30.0,0,1800,900
F,OK,S,Y,8,33.0,1000,0,1000
M,CO,S,N,48,24.0,0,0,0
F,DC,M,N,19,48.0,0,2740,0
M,ME,S,N,2,10.0,2850,0,0
M,UT,S,N,31,37.0,2475,0,0
M,MA,S,Y,8,28.0,3575,0,1000
F,MO,M,Y,17,32.0,0,4200,1200
M,TX,M,N,34,0.0,0,0,0
M,OR,M,N,41,48.0,0,318,0
F,AR,M,N,6,18.0,0,40,0
M,AL,M,Y,17,26.0,0,3000,300
F,ID,S,N,14,41.0,3300,0,0
M,IA,M,Y,33,48.0,0,80,40
F,AZ,S,Y,30,19.0,2100,0,2300
M,LA,M,Y,43,32.0,0,9000,1000
M,VA,S,Y,2,12.0,900,0,900
M,NE,S,Y,33,36.0,103,0,103
F,CT,M,N,19,26.0,0,24500,0
F,IA,M,Y,11,19.0,0,80,40
M,TX,M,N,28,0.0,0,0,0
M,WA,S,N,27,0.0,0,0,0
M,KS,S,N,14,33.0,2250,0,0
F,WA,M,Y,30,0.0,0,0,0
M,ID,S,N,5,25.0,3300,0,0
F,MD,M,Y,17,25.0,0,4800,2400
M,PA,M,N,34,16.0,0,0,0
M,AL,M,N,21,26.0,0,3000,0
F,MT,M,Y,22,37.0,0,3800,1900
F,OH,M,N,44,18.0,0,2600,0
M,KY,M,N,45,32.0,0,40,0
F,DE,M,Y,34,31.0,0,220,110
F,MI,S,Y,13,20.0,3100,0,3100
M,IA,M,Y,34,48.0,0,80,40
M,VT,S,N,21,20.0,3300,0,0
M,WY,S,N,35,0.0,0,0,0
F,ND,M,N,46,15.0,0,6600,0
F,MS,S,N,34,26.0,6000,0,0
F,MN,S,N,20,34.0,3300,0,0
M,SD,S,Y,19,0.0,0,0,0
M,MD,M,Y,30,25.0,0,4800,2400
M,LA,M,Y,33,32.0,0,9000,1000
M,KY,M,Y,34,30.0,0,40,20
F,ND,S,Y,37,14.0,3300,0,3300
M,ND,M,N,10,11.0,0,6600,0
F,LA,M,Y,27,32.0,0,9000,1000
M,TN,S,Y,25,0.0,0,0,0
F,VA,M,N,20,30.0,0,1800,0
M,OK,S,N,25,33.0,1000,0,0
F,NE,M,N,35,36.0,0,206,0
M,NM,S,N,14,28.0,3300,0,0
F,IN,S,Y,6,18.0,1000,0,1000
M,OH,S,Y,22,11.0,1300,0,1300
F,IA,S,Y,36,48.0,40,0,40
M,NC,M,N,18,34.0,0,6600,0
M,OK,M,Y,13,33.0,0,2000,1000
M,VT,M,N,47,26.0,0,6600,0
M,AZ,S,N,41,21.0,2100,0,0
F,NE,S,Y,3,18.0,103,0,103
M,MI,M,N,0,20.0,0,6200,0
M,SD,S,Y,19,0.0,0,0,0
F,ID,S,Y,34,41.0,3300,0,3300
F,MD,S,Y,17,25.0,2400,0,2400
F,MT,M,N,10,37.0,0,3800,0
M,AR,S,N,35,37.0,20,0,0
M,DE,S,N,49,31.0,110,0,0
F,WV,S,N,41,34.0,2000,0,0
M,HI,S,N,49,44.0,1040,0,0
M,GA,S,N,40,32.0,2700,0,0
M,CO,M,N,6,24.0,0,0,0
M,AL,S,Y,35,26.0,1500,0,300
M,VT,M,Y,29,22.0,0,6600,3300
M,NV,M,N,14,0.0,0,0,0
F,AZ,M,N,24,18.0,0,4200,0
F,OH,S,Y,38,16.0,1300,0,1300
F,NE,S,Y,23,36.0,103,0,103
M,PA,S,Y,49,16.0,0,0,0
M,WA,S,N,13,0.0,0,0,0
F,FL,S,Y,2,0.0,0,0,0
F,MO,S,Y,22,32.0,2100,0,1200
F,MA,M,N,40,28.0,0,7150,0
F,ND,M,N,9,11.0,0,6600,0
M,AR,S,Y,22,37.0,20,0,20
F,ID,S,N,10,39.0,3300,0,0
F,RI,S,Y,18,0.0,0,0,0
M,CA,M,Y,2,5.0,0,174,272
M,AL,S,N,23,26.0,1500,0,0
M,NM,S,N,17,28.0,3300,0,0
M,LA,S,N,4,10.0,4500,0,0
M,ND,S,N,48,15.0,3300,0,0
M,GA,M,Y,15,32.0,0,5400,3000
M,IL,S,N,21,16.0,2000,0,0
M,NE,M,Y,12,35.0,0,206,103
M,FL,S,N,20,0.0,0,0,0
M,SD,S,N,0,0.0,0,0,0
M,WV,M,Y,45,34.0,0,4000,2000
M,IA,S,N,33,48.0,40,0,0
F,AL,M,Y,25,26.0,0,3000,300
M,IN,M,Y,3,18.0,0,2000,1000
M,VT,S,N,20,20.0,3300,0,0
M,PA,S,N,5,16.0,0,0,0
M,NV,S,Y,3,0.0,0,0,0
M,VA,S,Y,28,30.0,900,0,900
F,DC,M,Y,18,48.0,0,2740,1370
F,ND,M,Y,40,14.0,0,6600,3300
F,NE,S,N,48,36.0,103,0,0
F,ND,M,Y,37,14.0,0,6600,3300
F,AZ,M,Y,23,18.0,0,4200,2300
M,TN,M,Y,30,0.0,0,0,0
F,IN,M,N,25,18.0,0,2000,0
F,PR,S,N,39,0.0,0,0,0
F,OR,M,Y,30,48.0,0,318,159
M,AR,S,N,13,35.0,20,0,0
F,NY,M,N,38,23.0,0,0,0
M,VT,M,Y,10,19.0,0,6600,3300
F,GA,S,Y,19,32.0,2700,0,3000
M,PA,M,N,20,16.0,0,0,0
M,MA,M,N,47,28.0,0,7150,0
F,MO,M,Y,33,32.0,0,4200,1200
F,TN,S,Y,20,0.0,0,0,0
M,CO,M,Y,33,24.0,0,0,0
F,LA,S,N,8,19.0,4500,0,0
F,DC,M,N,15,48.0,0,2740,0
F,PA,S,N,37,16.0,0,0,0
F,MT,M,N,22,37.0,0,3800,0
M,AK,M,N,2,0.0,0,0,0
F,MA,S,Y,19,28.0,3575,0,1000
F,NY,S,Y,24,22.0,0,0,1000
F,NJ,M,Y,42,13.0,0,2000,1500
M,NV,S,N,19,0.0,0,0,0
M,AK,S,N,26,0.0,0,0,0
M,OH,M,Y,6,5.0,0,2600,1300
F,ME,M,N,4,20.0,0,5700,0
M,NC,M,N,37,39.0,0,6600,0
M,KY,M,N,42,32.0,0,40,0
M,AZ,M,N,45,22.0,0,4200,0
M,ME,S,N,2,10.0,2850,0,0
F,GA,S,N,21,32.0,2700,0,0
F,WV,M,N,2,16.0,0,4000,0
M,OR,S,Y,28,48.0,159,0,159
F,UT,S,N,30,37.0,2475,0,0
F,OK,S,Y,8,33.0,1000,0,1000
F,NC,S,N,37,39.0,3300,0,0
M,IA,S,N,30,48.0,40,0,0
F,KY,S,Y,44,32.0,20,0,20
M,KY,S,N,45,32.0,20,0,0
F,MS,M,N,32,26.0,0,12000,0
M,HI,M,Y,25,44.0,0,2080,1040
M,OK,M,N,6,33.0,0,2000,0
F,SC,S,Y,27,37.0,3300,0,3300
F,IN,M,N,26,18.0,0,2000,0
M,VA,M,N,24,30.0,0,1800,0
M,MA,S,Y,48,28.0,3575,0,1000
M,SD,S,N,18,0.0,0,0,0
F,IL,S,N,28,16.0,2000,0,0
F,OH,M,N,42,18.0,0,2600,0
F,KY,S,N,19,21.0,20,0,0
F,AZ,S,N,31,19.0,2100,0,0
M,AR,M,Y,21,37.0,0,40,20
F,NV,S,N,0,0.0,0,0,0
M,RI,S,N,47,0.0,0,0,0
F,TX,S,Y,33,0.0,0,0,0
M,PA,M,Y,39,16.0,0,0,0
M,MT,M,Y,41,37.0,0,3800,1900
M,NM,S,Y,13,28.0,3300,0,3300
M,MI,S,N,43,20.0,3100,0,0
F,GA,S,N,28,32.0,2700,0,0
F,NM,S,N,45,28.0,3300,0,0
F,ME,S,N,32,45.0,2850,0,0
F,AZ,M,N,11,16.0,0,4200,0
F,PA,S,Y,47,16.0,0,0,0
M,ID,S,Y,37,41.0,3300,0,3300
F,AR,M,Y,43,37.0,0,40,20
M,OK,M,Y,48,33.0,0,2000,1000
M,OR,S,Y,39,48.0,159,0,159
M,AZ,M,Y,45,22.0,0,4200,2300
F,SD,M,N,8,0.0,0,0,0
F,NC,S,Y,17,34.0,3300,0,3300
M,MS,S,N,28,26.0,6000,0,0
F,MA,S,Y,8,28.0,3575,0,1000
M,NV,M,N,46,0.0,0,0,0
F,MT,S,N,7,37.0,1900,0,0
F,FL,M,N,46,0.0,0,0,0
M,TN,S,Y,48,0.0,0,0,0
M,RI,S,Y,19,0.0,0,0,0
M,TX,S,N,6,0.0,0,0,0
F,ME,M,Y,33,45.0,0,5700,2850
F,NH,S,N,48,0.0,0,0,0
M,NH,S,N,2,0.0,0,0,0
F,DC,S,Y,26,48.0,1370,0,1370
F,NH,S,N,36,0.0,0,0,0
F,MD,S,N,46,25.0,2400,0,0
F,IN,S,Y,26,18.0,1000,0,1000
F,CA,M,Y,43,49.0,0,174,272
M,PA,M,N,34,16.0,0,0,0
M,MT,M,Y,26,37.0,0,3800,1900
M,AZ,S,Y,22,18.0,2100,0,2300
M,DC,S,Y,31,48.0,1370,0,1370
M,NJ,M,N,40,12.0,0,2000,0
F,WV,S,Y,44,34.0,2000,0,2000
M,OK,S,Y,20,33.0,1000,0,1000
F,OR,M,Y,12,48.0,0,318,159
M,ND,S,N,40,14.0,3300,0,0
M,NV,S,Y,36,0.0,0,0,0
M,MD,M,Y,9,25.0,0,4800,2400
F,MN,S,Y,29,40.0,3300,0,3300
M,TX,S,Y,25,0.0,0,0,0
M,IN,M,N,10,18.0,0,2000,0
M,NY,M,N,32,23.0,0,0,0
M,ND,S,Y,30,13.0,3300,0,3300
F,CA,M,N,20,48.0,0,174,0
F,HI,M,Y,14,34.0,0,2080,1040
M,NC,S,Y,40,39.0,3300,0,3300
M,FL,S,Y,25,0.0,0,0,0
F,PA,S,Y,39,16.0,0,0,0
M,GA,S,Y,42,32.0,2700,0,3000
F,MA,S,N,10,28.0,3575,0,0
F,MN,M,N,5,28.0,0,6600,0
M,NC,S,Y,11,33.0,3300,0,3300
M,WI,M,Y,20,27.0,0,1400,400
F,NE,M,Y,8,28.0,0,206,103
M,UT,M,N,45,37.0,0,4950,0
F,NJ,M,Y,41,12.0,0,2000,1500
F,MD,M,Y,5,25.0,0,4800,2400
F,ME,S,Y,24,45.0,2850,0,2850
M,MA,M,Y,8,28.0,0,7150,1000
M,DC,S,Y,5,24.0,1370,0,1370
M,UT,M,Y,0,20.0,0,4950,2475
F,OK,M,N,29,33.0,0,2000,0
F,AL,S,N,9,26.0,1500,0,0
M,WA,M,N,27,0.0,0,0,0
F,AK,S,N,19,0.0,0,0,0
F,CA,M,Y,20,49.0,0,174,272
F,KY,S,N,39,32.0,20,0,0
F,NV,S,N,26,0.0,0,0,0
M,AK,S,Y,23,0.0,0,0,0
M,TN,S,Y,23,0.0,0,0,0
F,AK,M,Y,24,0.0,0,0,0
M,KY,S,Y,21,22.0,20,0,20
F,WY,M,N,31,0.0,0,0,0
F,WY,M,Y,44,0.0,0,0,0
M,SD,S,Y,45,0.0,0,0,0
F,NJ,M,Y,35,11.0,0,2000,1500
M,AK,S,Y,45,0.0,0,0,0
M,MS,M,Y,21,26.0,0,12000,1500
F,NM,M,Y,2,9.0,0,6600,3300
M,NY,M,N,29,23.0,0,0,0
F,AR,S,Y,29,37.0,20,0,20
M,HI,S,Y,32,44.0,1040,0,1040
M,HI,M,N,47,44.0,0,2080,0
F,OR,S,N,0,26.0,159,0,0
F,UT,S,N,38,37.0,2475,0,0
M,ND,S,Y,14,11.0,3300,0,3300
F,OR,M,Y,14,48.0,0,318,159
F,CO,S,N,16,24.0,0,0,0
F,MO,M,Y,29,32.0,0,4200,1200
F,MT,M,N,48,37.0,0,3800,0
M,AK,M,Y,12,0.0,0,0,0
M,WI,S,Y,19,27.0,700,0,400
F,KS,M,N,41,34.0,0,4500,0
F,VT,S,N,42,25.0,3300,0,0
M,IN,S,N,14,18.0,1000,0,0
M,IN,M,N,4,18.0,0,2000,0
M,AR,S,Y,2,6.0,20,0,20
M,WI,M,Y,49,33.0,0,1400,400
F,NJ,M,N,47,13.0,0,2000,0
F,MN,S,Y,49,42.0,3300,0,3300
F,GA,S,Y,41,32.0,2700,0,3000
F,MA,M,N,43,28.0,0,7150,0
F,DC,S,Y,37,48.0,1370,0,1370
M,NY,M,N,21,22.0,0,0,0
M,OH,S,Y,36,16.0,1300,0,1300
M,AZ,M,N,2,15.0,0,4200,0
M,VT,M,Y,10,19.0,0,6600,3300
M,DC,M,N,48,48.0,0,2740,0
M,DC,S,N,40,48.0,1370,0,0
F,ID,S,N,7,29.0,3300,0,0
F,WV,S,N,39,34.0,2000,0,0
M,LA,M,N,1,10.0,0,9000,0
M,ME,M,Y,39,45.0,0,5700,2850
F,UT,M,Y,9,37.0,0,4950,2475
M,WI,S,Y,25,28.0,700,0,400
F,DE,S,Y,47,31.0,110,0,110
F,OH,S,N,38,16.0,1300,0,0
F,KY,S,Y,33,29.0,20,0,20
M,NE,M,Y,10,31.0,0,206,103
F,KY,M,N,20,22.0,0,40,0
M,NV,S,N,6,0.0,0,0,0
F,ME,S,Y,22,45.0,2850,0,2850
M,PA,S,Y,28,16.0,0,0,0
M,NJ,M,N,13,8.0,0,2000,0
M,AL,M,N,7,26.0,0,3000,0
F,WV,M,N,11,20.0,0,4000,0
F,MS,S,N,0,16.0,6000,0,0
M,AL,M,N,20,26.0,0,3000,0
F,OH,M,N,9,6.0,0,2600,0
M,DC,S,Y,26,48.0,1370,0,1370
F,OH,S,Y,16,8.0,1300,0,1300
M,DC,S,Y,24,48.0,1370,0,1370
F,AR,S,Y,24,37.0,20,0,20
M,LA,M,Y,1,10.0,0,9000,1000
M,GA,S,Y,24,32.0,2700,0,3000
F,MA,S,N,35,28.0,3575,0,0
M,PR,M,Y,40,0.0,0,0,0
F,NM,S,N,8,28.0,3300,0,0
F,NM,S,Y,7,28.0,3300,0,3300
M,NM,M,N,30,28.0,0,6600,0
M,HI,M,Y,37,44.0,0,2080,1040
M,CA,M,N,4,10.0,0,174,0
M,AL,M,N,20,26.0,0,3000,0
F,WA,M,Y,31,0.0,0,0,0
F,MN,S,Y,39,42.0,3300,0,3300
M,CO,M,N,44,24.0,0,0,0
M,CT,M,N,23,26.0,0,24500,0
M,WI,M,N,4,24.0,0,1400,0
F,SD,S,N,26,0.0,0,0,0
M,NV,M,N,19,0.0,0,0,0
M,WY,S,N,46,0.0,0,0,0
F,OK,M,N,47,33.0,0,2000,0
M,WV,M,N,38,34.0,0,4000,0
M,ID,M,Y,28,41.0,0,6600,3300
F,MO,M,N,23,32.0,0,4200,0
M,WY,S,Y,14,0.0,0,0,0
M,ND,M,N,8,11.0,0,6600,0
F,VT,S,N,0,19.0,3300,0,0
M,MD,S,N,33,25.0,2400,0,0
F,WV,M,Y,38,34.0,0,4000,2000
M,WY,S,N,7,0.0,0,0,0
M,DE,M,Y,11,18.0,0,220,110
M,TX,S,Y,15,0.0,0,0,0
F,NJ,M,Y,4,7.0,0,2000,1500
M,DC,M,N,14,47.0,0,2740,0
F,MS,M,Y,7,26.0,0,12000,1500
F,GA,M,N,37,32.0,0,5400,0
F,MA,S,N,49,28.0,3575,0,0
M,CT,S,N,44,26.0,12750,0,0
F,MO,S,N,1,15.0,2100,0,0
F,NE,M,N,8,28.0,0,206,0
M,CO,M,N,36,24.0,0,0,0
F,NV,S,Y,30,0.0,0,0,0
M,HI,S,Y,9,23.0,1040,0,1040
M,OK,S,N,42,33.0,1000,0,0
M,AZ,M,N,43,21.0,0,4200,0
F,IA,M,N,2,5.0,0,80,0
M,ND,M,Y,41,14.0,0,6600,3300
M,PA,M,N,2,16.0,0,0,0
M,PA,M,Y,0,16.0,0,0,0
M,MI,S,Y,48,20.0,3100,0,3100
M,MD,M,N,14,25.0,0,4800,0
F,IN,S,N,24,18.0,1000,0,0
M,WV,M,Y,24,30.0,0,4000,2000
F,MI,S,N,18,20.0,3100,0,0
M,NV,S,N,15,0.0,0,0,0
F,CA,S,N,16,39.0,87,0,0
M,NJ,S,N,12,7.0,1000,0,0
F,OR,M,N,38,48.0,0,318,0
F,MS,S,Y,17,26.0,6000,0,1500
M,KY,S,Y,49,32.0,20,0,20
F,NY,M,N,37,23.0,0,0,0
M,MN,S,N,25,37.0,3300,0,0
M,CA,M,N,23,49.0,0,174,0
F,HI,M,Y,8,23.0,0,2080,1040
F,SD,M,N,11,0.0,0,0,0
M,AZ,S,Y,9,16.0,2100,0,2300
F,NV,S,N,33,0.0,0,0,0
M,SC,S,N,22,37.0,3300,0,0
M,RI,S,Y,11,0.0,0,0,0
M,MD,S,Y,5,25.0,2400,0,2400
F,AL,M,Y,2,26.0,0,3000,300
F,DE,S,N,17,22.0,110,0,0
M,MD,S,N,48,25.0,2400,0,0
F,OK,S,N,1,7.0,1000,0,0
M,NV,M,Y,27,0.0,0,0,0
F,DC,S,Y,17,48.0,1370,0,1370
M,ND,M,N,11,11.0,0,6600,0
F,ME,S,Y,49,45.0,2850,0,2850
F,VT,S,Y,2,19.0,3300,0,3300
M,DC,S,Y,23,48.0,1370,0,1370
M,KY,M,Y,31,28.0,0,40,20
F,KS,S,Y,27,34.0,2250,0,2250
M,RI,S,Y,25,0.0,0,0,0
F,IL,M,N,26,16.0,0,4000,0
M,OH,M,Y,22,11.0,0,2600,1300
M,IA,S,Y,29,48.0,40,0,40
F,HI,S,N,46,44.0,1040,0,0
M,ID,M,Y,35,41.0,0,6600,3300
F,AZ,M,N,39,21.0,0,4200,0
F,TX,M,Y,18,0.0,0,0,0
F,ID,S,N,17,41.0,3300,0,0
M,CT,S,Y,15,26.0,12750,0,0
F,LA,S,N,32,32.0,4500,0,0
M,MS,S,Y,11,26.0,6000,0,1500
M,CT,M,Y,44,26.0,0,24500,0
M,DE,M,Y,12,18.0,0,220,110
F,MO,M,Y,0,8.0,0,4200,1200
M,ID,M,N,6,28.0,0,6600,0
M,CA,S,N,8,18.0,87,0,0
F,IN,S,N,46,18.0,1000,0,0
F,OR,M,N,2,39.0,0,318,0
F,VA,S,Y,49,30.0,900,0,900
M,CO,M,N,11,24.0,0,0,0
M,CT,S,N,3,16.0,12750,0,0
F,HI,S,N,3,12.0,1040,0,0
F,NM,M,N,20,28.0,0,6600,0
M,DC,M,Y,41,48.0,0,2740,1370
M,WI,S,Y,21,28.0,700,0,400
M,MT,S,N,36,37.0,1900,0,0
F,KS,S,Y,44,34.0,2250,0,2250
F,NV,S,N,3,0.0,0,0,0
M,AK,M,Y,46,0.0,0,0,0
M,SC,M,Y,24,37.0,0,6600,3300
F,WI,S,Y,39,31.0,700,0,400
F,VT,M,Y,19,20.0,0,6600,3300
F,DC,S,N,25,48.0,1370,0,0
M,WI,M,N,37,30.0,0,1400,0
F,UT,M,N,25,37.0,0,4950,0
M,DC,S,N,20,48.0,1370,0,0
M,WV,M,N,11,21.0,0,4000,0
F,ME,S,Y,0,10.0,2850,0,2850
F,TX,S,Y,8,0.0,0,0,0
M,SD,M,N,24,0.0,0,0,0
F,MS,S,N,29,26.0,6000,0,0
M,ND,S,N,35,13.0,3300,0,0
M,OK,S,N,14,33.0,1000,0,0
M,VT,M,N,26,21.0,0,6600,0
M,MO,M,N,38,32.0,0,4200,0
F,CT,M,Y,11,26.0,0,24500,0
F,NV,M,N,14,0.0,0,0,0
F,AL,S,N,15,26.0,1500,0,0
M,SC,M,N,41,37.0,0,6600,0
F,MD,M,Y,34,25.0,0,4800,2400
F,CA,M,N,46,49.0,0,174,0
F,SD,S,Y,33,0.0,0,0,0
M,NH,S,N,12,0.0,0,0,0
F,ME,M,N,12,45.0,0,5700,0
M,CA,S,Y,13,32.0,87,0,272
F,KY,S,Y,17,20.0,20,0,20
M,SD,S,N,27,0.0,0,0,0
M,TX,M,N,37,0.0,0,0,0
M,NM,S,N,8,28.0,3300,0,0
F,UT,S,Y,36,37.0,2475,0,2475
F,HI,M,N,13,32.0,0,2080,0
F,OR,S,N,32,48.0,159,0,0
F,NV,S,N,7,0.0,0,0,0
F,TX,S,Y,36,0.0,0,0,0
M,MO,S,Y,15,32.0,2100,0,1200
F,NJ,S,Y,26,10.0,1000,0,1500
M,DC,S,Y,36,48.0,1370,0,1370
F,OK,S,N,6,33.0,1000,0,0
M,NE,M,Y,47,36.0,0,206,103
F,CT,M,N,14,26.0,0,24500,0
M,ID,S,Y,39,41.0,3300,0,3300
M,MO,M,Y,5,32.0,0,4200,1200
M,ND,S,N,5,11.0,3300,0,0
M,RI,S,Y,47,0.0,0,0,0
F,AR,S,N,7,19.0,20,0,0
M,KY,M,N,1,10.0,0,40,0
F,IA,M,N,46,48.0,0,80,0
M,AR,M,N,47,37.0,0,40,0
F,NY,M,N,13,22.0,0,0,0
F,OR,M,Y,14,48.0,0,318,159
M,KS,S,Y,8,21.0,2250,0,2250
M,GA,M,N,12,32.0,0,5400,0
M,NM,S,Y,15,28.0,3300,0,3300
F,WI,M,N,16,27.0,0,1400,0
M,HI,S,Y,29,44.0,1040,0,1040
F,DC,S,N,44,48.0,1370,0,0
M,IA,M,N,7,13.0,0,80,0
M,IL,S,Y,49,16.0,2000,0,2000
F,RI,M,N,14,0.0,0,0,0
F,AL,S,Y,28,26.0,1500,0,300
F,MS,S,N,3,22.0,6000,0,0
F,ID,M,N,38,41.0,0,6600,0
M,NC,M,N,24,36.0,0,6600,0
M,KS,M,N,11,27.0,0,4500,0
M,NM,M,Y,22,28.0,0,6600,3300
F,HI,S,Y,26,44.0,1040,0,1040
M,NY,M,Y,28,23.0,0,0,1000
M,NY,M,Y,27,22.0,0,0,1000
F,CT,S,N,24,26.0,12750,0,0
F,DE,S,Y,21,25.0,110,0,110
F,NH,M,N,20,0.0,0,0,0
M,ND,M,N,27,12.0,0,6600,0
F,CT,S,N,11,26.0,12750,0,0
F,TX,S,Y,9,0.0,0,0,0
M,NY,S,N,1,21.0,0,0,0
M,VA,M,N,25,30.0,0,1800,0
M,SD,M,N,3,0.0,0,0,0
M,ME,M,Y,25,45.0,0,5700,2850
F,GA,M,Y,42,32.0,0,5400,3000
F,NH,M,Y,13,0.0,0,0,0
M,OR,S,Y,46,48.0,159,0,159
M,LA,M,Y,8,19.0,0,9000,1000
M,AZ,M,Y,31,19.0,0,4200,2300
F,UT,M,N,1,35.0,0,4950,0
F,GA,S,N,24,32.0,2700,0,0
F,TN,S,N,33,0.0,0,0,0
F,NM,M,Y,19,28.0,0,6600,3300
F,NV,M,Y,35,0.0,0,0,0
M,DE,S,Y,1,11.0,110,0,110
M,WI,S,N,10,25.0,700,0,0
F,NJ,S,Y,34,11.0,1000,0,1500
F,NH,S,N,36,0.0,0,0,0
M,NV,M,N,47,0.0,0,0,0
M,HI,S,N,13,31.0,1040,0,0
F,LA,S,N,18,32.0,4500,0,0
F,MO,M,N,19,32.0,0,4200,0
F,KS,M,N,43,34.0,0,4500,0
M,HI,M,Y,35,44.0,0,2080,1040
M,OK,S,Y,7,33.0,1000,0,1000
F,VT,M,Y,49,26.0,0,6600,3300
F,NM,M,Y,46,28.0,0,6600,3300
M,NY,S,Y,2,21.0,0,0,1000
M,ME,S,Y,45,45.0,2850,0,2850
F,NE,S,Y,33,36.0,103,0,103
F,TX,S,Y,0,0.0,0,0,0
M,CA,M,Y,2,5.0,0,174,272
M,NH,M,Y,30,0.0,0,0,0
M,PA,S,Y,7,16.0,0,0,0
M,DC,M,Y,14,46.0,0,2740,1370
M,DC,S,N,49,48.0,1370,0,0
M,HI,S,N,40,44.0,1040,0,0
F,CO,S,Y,42,24.0,0,0,0
F,NY,M,N,8,21.0,0,0,0
M,NM,S,Y,13,28.0,3300,0,3300
M,KY,M,N,29,27.0,0,40,0
F,OH,M,N,27,12.0,0,2600,0
M,AK,M,Y,18,0.0,0,0,0
M,OK,M,Y,34,33.0,0,2000,1000
F,MD,S,N,5,25.0,2400,0,0
M,MN,M,Y,29,40.0,0,6600,3300
F,OK,M,Y,25,33.0,0,2000,1000
F,UT,S,Y,26,37.0,2475,0,2475
M,CO,M,N,31,24.0,0,0,0
M,PA,S,N,5,16.0,0,0,0
M,AL,S,Y,29,26.0,1500,0,300
F,AR,S,N,20,37.0,20,0,0
M,MN,M,Y,25,37.0,0,6600,3300
M,ND,M,Y,30,13.0,0,6600,3300
M,RI,S,Y,30,0.0,0,0,0
F,WA,S,Y,49,0.0,0,0,0
F,ME,M,N,32,45.0,0,5700,0
M,WV,M,N,46,34.0,0,4000,0
M,DE,M,N,39,31.0,0,220,0
M,ID,S,N,19,41.0,3300,0,0
F,RI,M,N,44,0.0,0,0,0
F,KS,S,Y,3,18.0,2250,0,2250
M,MI,S,Y,39,20.0,3100,0,3100
F,SD,M,N,16,0.0,0,0,0
M,MD,M,Y,41,25.0,0,4800,2400
F,WV,S,Y,33,34.0,2000,0,2000
M,ND,S,Y,17,11.0,3300,0,3300
F,ID,S,Y,17,41.0,3300,0,3300
F,NE,S,N,20,36.0,103,0,0
M,VA,S,N,4,18.0,900,0,0
M,TN,S,N,44,0.0,0,0,0
M,OH,S,Y,31,14.0,1300,0,1300
F,WY,S,Y,43,0.0,0,0,0
F,UT,S,N,9,37.0,2475,0,0
F,AR,S,N,36,37.0,20,0,0
M,FL,M,Y,49,0.0,0,0,0
M,DE,S,Y,39,31.0,110,0,110
F,HI,S,Y,3,12.0,1040,0,1040
M,MI,M,Y,44,20.0,0,6200,3100
M,VA,M,Y,38,30.0,0,1800,900
F,NV,M,N,22,0.0,0,0,0
M,MT,S,Y,9,37.0,1900,0,1900
M,WV,M,N,47,34.0,0,4000,0
F,FL,S,N,21,0.0,0,0,0
F,ID,M,Y,12,41.0,0,6600,3300
F,NM,M,Y,17,28.0,0,6600,3300
F,KS,M,Y,13,30.0,0,4500,2250
F,MD,M,Y,42,25.0,0,4800,2400
F,WY,M,Y,42,0.0,0,0,0
F,MS,M,N,37,26.0,0,12000,0
F,OH,M,Y,35,15.0,0,2600,1300
M,WA,S,Y,20,0.0,0,0,0
M,AZ,S,Y,24,18.0,2100,0,2300
F,NV,S,N,27,0.0,0,0,0
M,LA,S,Y,4,10.0,4500,0,1000
M,HI,M,N,36,44.0,0,2080,0
M,CO,M,N,15,24.0,0,0,0
F,SD,M,N,26,0.0,0,0,0
F,MT,M,Y,4,23.0,0,3800,1900
M,CO,S,Y,43,24.0,0,0,0
F,CO,M,N,39,24.0,0,0,0
F,ME,M,N,14,45.0,0,5700,0
M,SD,M,Y,31,0.0,0,0,0
M,NC,M,N,40,40.0,0,6600,0
M,LA,M,Y,0,10.0,0,9000,1000
M,TN,S,N,12,0.0,0,0,0
F,WA,S,N,11,0.0,0,0,0
M,WI,S,Y,2,24.0,700,0,400
M,WV,M,Y,30,34.0,0,4000,2000
M,PR,M,N,40,0.0,0,0,0
M,PR,S,N,46,0.0,0,0,0
M,MI,S,N,39,20.0,3100,0,0
M,NH,S,Y,21,0.0,0,0,0
F,HI,S,N,8,22.0,1040,0,0
M,ND,M,Y,9,11.0,0,6600,3300
M,AK,M,N,5,0.0,0,0,0
F,WI,M,Y,15,26.0,0,1400,400
F,SC,M,N,30,37.0,0,6600,0
M,IL,S,N,40,16.0,2000,0,0
F,WA,M,Y,0,0.0,0,0,0
F,SC,S,Y,17,37.0,3300,0,3300
M,WV,M,Y,44,34.0,0,4000,2000
M,KS,M,N,8,20.0,0,4500,0
M,MS,M,Y,28,26.0,0,12000,1500
M,NJ,M,Y,21,9.0,0,2000,1500
M,ID,S,N,37,41.0,3300,0,0
F,DE,S,Y,47,31.0,110,0,110
M,KY,S,N,8,14.0,20,0,0
F,TX,M,N,41,0.0,0,0,0
F,WV,S,N,4,16.0,2000,0,0
F,VT,S,N,6,19.0,3300,0,0
M,NJ,M,N,38,12.0,0,2000,0
M,KY,S,Y,14,18.0,20,0,20
F,NJ,S,Y,4,7.0,1000,0,1500
F,OK,M,Y,26,33.0,0,2000,1000
M,WY,S,N,8,0.0,0,0,0
M,PA,M,Y,9,16.0,0,0,0
F,NV,S,Y,44,0.0,0,0,0
M,ND,S,Y,46,15.0,3300,0,3300
F,CT,S,N,35,26.0,12750,0,0
F,NY,M,N,41,23.0,0,0,0
M,IL,S,N,10,16.0,2000,0,0
F,AR,M,N,21,37.0,0,40,0
F,KY,S,Y,29,27.0,20,0,20
F,WY,M,N,8,0.0,0,0,0
M,WV,M,N,43,34.0,0,4000,0
F,AL,M,Y,29,26.0,0,3000,300
M,IL,S,Y,35,16.0,2000,0,2000
M,PR,S,Y,45,0.0,0,0,0
F,MD,S,N,40,25.0,2400,0,0
F,AK,S,Y,30,0.0,0,0,0
F,DE,M,Y,28,30.0,0,220,110
M,WY,M,N,11,0.0,0,0,0
F,IL,S,Y,40,16.0,2000,0,2000
M,LA,M,N,29,32.0,0,9000,0
M,NH,S,N,11,0.0,0,0,0
F,AZ,M,Y,25,18.0,0,4200,2300
F,NH,M,Y,48,0.0,0,0,0
M,ME,M,Y,25,45.0,0,5700,2850
F,OH,S,Y,24,11.0,1300,0,1300
F,WY,S,N,12,0.0,0,0,0
M,NE,M,Y,36,36.0,0,206,103
M,NY,M,N,0,21.0,0,0,0
M,AK,S,N,35,0.0,0,0,0
M,MA,M,Y,47,28.0,0,7150,1000
M,MT,M,Y,18,37.0,0,3800,1900
F,MN,M,N,48,42.0,0,6600,0
M,PA,M,Y,21,16.0,0,0,0
M,AK,S,Y,9,0.0,0,0,0
M,IL,M,Y,23,16.0,0,4000,2000
F,KS,S,Y,35,34.0,2250,0,2250
F,NM,M,N,47,28.0,0,6600,0
F,ME,M,N,31,45.0,0,5700,0
F,IL,M,N,7,16.0,0,4000,0
M,MT,M,Y,10,37.0,0,3800,1900
F,NY,M,Y,7,21.0,0,0,1000
M,ME,M,Y,31,45.0,0,5700,2850
F,SC,M,N,1,14.0,0,6600,0
F,MN,M,N,39,42.0,0,6600,0
F,MA,S,Y,47,28.0,3575,0,1000
M,CA,M,Y,31,49.0,0,174,272
F,AK,S,Y,49,0.0,0,0,0
F,NH,S,Y,35,0.0,0,0,0
M,LA,S,N,12,32.0,4500,0,0
M,MN,M,Y,37,42.0,0,6600,3300
F,MO,M,N,45,32.0,0,4200,0
F,IA,S,N,27,46.0,40,0,0
F,AZ,S,Y,3,15.0,2100,0,2300
F,DE,M,Y,37,31.0,0,220,110
M,AK,S,Y,26,0.0,0,0,0
M,SC,M,Y,40,37.0,0,6600,3300
M,IL,S,N,9,16.0,2000,0,0
M,SD,S,Y,15,0.0,0,0,0
F,WY,S,Y,41,0.0,0,0,0
M,VT,M,N,37,24.0,0,6600,0
F,WI,S,N,25,28.0,700,0,0
F,WA,M,Y,30,0.0,0,0,0
M,SD,M,N,47,0.0,0,0,0
F,AR,S,N,46,37.0,20,0,0
F,WA,S,N,37,0.0,0,0,0
F,ME,M,N,43,45.0,0,5700,0
M,NM,M,N,32,28.0,0,6600,0
F,DE,M,N,46,31.0,0,220,0
M,AR,S,Y,2,7.0,20,0,20
M,IN,M,Y,12,18.0,0,2000,1000
M,RI,M,N,17,0.0,0,0,0
F,WA,S,Y,46,0.0,0,0,0
F,MA,M,N,39,28.0,0,7150,0
M,AK,S,Y,35,0.0,0,0,0
M,WV,M,Y,6,17.0,0,4000,2000
F,OH,S,N,26,12.0,1300,0,0
M,VA,S,Y,32,30.0,900,0,900
F,AR,S,Y,44,37.0,20,0,20
M,CT,S,N,1,16.0,12750,0,0
M,ME,S,Y,3,15.0,2850,0,2850
F,AZ,M,Y,0,15.0,0,4200,2300
M,CA,M,Y,42,49.0,0,174,272
F,IN,S,Y,33,18.0,1000,0,1000
M,MO,M,Y,25,32.0,0,4200,1200
F,OR,M,Y,45,48.0,0,318,159
F,IN,M,Y,8,18.0,0,2000,1000
M,IN,S,N,2,18.0,1000,0,0
F,DC,M,Y,49,48.0,0,2740,1370
M,SD,S,Y,47,0.0,0,0,0
F,PA,S,Y,40,16.0,0,0,0
M,UT,S,Y,36,37.0,2475,0,2475
F,FL,S,Y,35,0.0,0,0,0
M,SC,S,Y,26,37.0,3300,0,3300
F,GA,S,N,34,32.0,2700,0,0
F,DE,S,N,45,31.0,110,0,0
F,NE,S,N,2,15.0,103,0,0
M,SC,S,Y,43,37.0,3300,0,3300
M,OK,M,Y,10,33.0,0,2000,1000
M,KY,S,N,36,31.0,20,0,0
F,CA,M,Y,15,36.0,0,174,272
M,KS,M,Y,26,34.0,0,4500,2250
F,NC,S,Y,25,36.0,3300,0,3300
F,KY,M,N,41,32.0,0,40,0
F,HI,M,Y,19,42.0,0,2080,1040
M,MI,M,N,35,20.0,0,6200,0
M,DE,M,N,29,31.0,0,220,0
M,AZ,M,N,31,19.0,0,4200,0
F,IL,S,Y,33,16.0,2000,0,2000
M,SC,M,Y,20,37.0,0,6600,3300
M,IL,S,N,0,16.0,2000,0,0
F,SC,M,N,34,37.0,0,6600,0
M,IL,S,Y,12,16.0,2000,0,2000
M,DC,M,N,28,48.0,0,2740,0
M,OK,S,Y,4,31.0,1000,0,1000
F,UT,M,Y,24,37.0,0,4950,2475
M,AR,S,N,29,37.0,20,0,0
M,VT,M,Y,39,24.0,0,6600,3300
F,ID,M,Y,8,34.0,0,6600,3300
M,KS,S,Y,37,34.0,2250,0,2250
F,UT,S,Y,5,37.0,2475,0,2475
F,MI,M,N,26,20.0,0,6200,0
F,NC,M,N,31,37.0,0,6600,0
M,NH,S,N,41,0.0,0,0,0
F,DE,S,N,47,31.0,110,0,0
M,DE,M,N,41,31.0,0,220,0
F,WI,M,Y,34,30.0,0,1400,400
F,AZ,M,N,19,17.0,0,4200,0
F,SC,S,N,29,37.0,3300,0,0
F,PR,S,N,2,0.0,0,0,0
M,MA,S,N,6,28.0,3575,0,0
M,FL,S,N,16,0.0,0,0,0
F,KS,S,N,27,34.0,2250,0,0
M,UT,S,N,20,37.0,2475,0,0
M,NJ,S,Y,5,7.0,1000,0,1500
M,AR,S,N,45,37.0,20,0,0
M,AR,S,N,5,15.0,20,0,0
F,KS,M,N,0,18.0,0,4500,0
M,SD,M,N,32,0.0,0,0,0
F,AR,M,Y,26,37.0,0,40,20
F,CA,S,Y,22,49.0,87,0,272
M,TN,M,N,8,0.0,0,0,0
F,ID,S,N,36,41.0,3300,0,0
F,AZ,S,N,12,16.0,2100,0,0
F,ND,S,Y,40,14.0,3300,0,3300
F,MA,S,Y,36,28.0,3575,0,1000
F,AR,M,Y,15,37.0,0,40,20
F,MI,M,N,36,20.0,0,6200,0
M,IN,S,N,9,18.0,1000,0,0
F,VA,S,Y,20,30.0,900,0,900
M,IA,S,Y,44,48.0,40,0,40
F,WI,S,Y,22,28.0,700,0,400
F,WA,S,Y,6,0.0,0,0,0
F,CA,M,N,23,49.0,0,174,0
M,UT,S,Y,45,37.0,2475,0,2475
F,NV,M,Y,20,0.0,0,0,0
M,OK,S,Y,11,33.0,1000,0,1000
M,ME,S,N,23,45.0,2850,0,0
M,MD,M,Y,21,25.0,0,4800,2400
M,OR,M,Y,3,48.0,0,318,159
M,IN,S,Y,26,18.0,1000,0,1000
M,MI,S,Y,4,20.0,3100,0,3100
M,AZ,M,Y,8,15.0,0,4200,2300
F,KS,S,Y,6,18.0,2250,0,2250
F,MO,S,N,4,30.0,2100,0,0
M,IL,M,Y,44,16.0,0,4000,2000
F,AK,S,N,43,0.0,0,0,0
F,HI,S,Y,26,44.0,1040,0,1040
F,AR,M,Y,1,6.0,0,40,20
M,PA,M,N,29,16.0,0,0,0
F,VT,S,N,3,19.0,3300,0,0
F,MT,S,N,11,37.0,1900,0,0
M,SC,S,N,46,37.0,3300,0,0
M,PA,M,N,31,16.0,0,0,0
M,MD,M,N,0,14.0,0,4800,0
F,WY,M,N,16,0.0,0,0,0
F,MD,M,N,32,25.0,0,4800,0
M,NH,M,Y,3,0.0,0,0,0
F,AZ,S,Y,12,16.0,2100,0,2300
M,OR,S,N,10,48.0,159,0,0
M,CA,S,N,39,49.0,87,0,0
M,MD,S,N,48,25.0,2400,0,0
F,LA,M,Y,18,32.0,0,9000,1000
F,AL,M,Y,44,26.0,0,3000,300
F,DC,M,Y,47,48.0,0,2740,1370
F,IL,S,Y,23,16.0,2000,0,2000
M,CA,S,Y,3,7.0,87,0,272
F,AK,S,Y,1,0.0,0,0,0
F,IN,M,Y,31,18.0,0,2000,1000
M,MD,M,N,0,14.0,0,4800,0
F,VT,S,N,43,25.0,3300,0,0
F,NV,M,N,1,0.0,0,0,0
M,GA,S,N,47,32.0,2700,0,0
M,WI,S,N,7,25.0,700,0,0
F,KS,M,N,6,18.0,0,4500,0
F,AK,S,N,32,0.0,0,0,0
M,ME,M,N,4,22.0,0,5700,0
M,DC,S,Y,11,39.0,1370,0,1370
M,MO,M,Y,29,32.0,0,4200,1200
F,AR,M,N,36,37.0,0,40,0
M,KS,S,N,3,18.0,2250,0,0
F,AR,S,Y,19,37.0,20,0,20
F,AK,M,Y,14,0.0,0,0,0
F,PA,S,N,25,16.0,0,0,0
F,MN,S,Y,19,34.0,3300,0,3300
M,CA,M,N,5,11.0,0,174,0
F,MT,M,N,3,16.0,0,3800,0
F,TN,S,Y,27,0.0,0,0,0
M,MO,S,Y,11,32.0,2100,0,1200
M,HI,S,Y,36,44.0,1040,0,1040
F,MN,S,Y,25,37.0,3300,0,3300
F,IA,M,Y,44,48.0,0,80,40
M,HI,M,N,17,39.0,0,2080,0
F,OH,S,Y,37,16.0,1300,0,1300
F,MI,S,N,29,20.0,3100,0,0
F,WV,M,N,7,18.0,0,4000,0
M,ND,S,Y,17,11.0,3300,0,3300
F,NY,M,Y,20,22.0,0,0,1000
F,MN,M,N,11,29.0,0,6600,0
F,PR,M,N,33,0.0,0,0,0
F,ID,M,Y,41,41.0,0,6600,3300
M,MO,S,Y,32,32.0,2100,0,1200
F,MO,S,N,7,32.0,2100,0,0
M,MA,S,Y,2,28.0,3575,0,1000
F,ME,M,N,8,41.0,0,5700,0
M,MT,M,Y,6,33.0,0,3800,1900
M,FL,M,Y,7,0.0,0,0,0
F,MA,M,Y,16,28.0,0,7150,1000
M,OH,M,Y,22,11.0,0,2600,1300
F,MA,S,N,46,28.0,3575,0,0
M,WI,S,N,5,24.0,700,0,0
F,NM,S,Y,25,28.0,3300,0,3300
M,KY,M,N,15,19.0,0,40,0
M,NV,S,N,20,0.0,0,0,0
F,AK,M,N,33,0.0,0,0,0
M,MT,S,Y,25,37.0,1900,0,1900
F,ME,M,N,41,45.0,0,5700,0
F,LA,M,Y,47,32.0,0,9000,1000
M,OK,S,Y,7,33.0,1000,0,1000
M,OK,M,N,19,33.0,0,2000,0
M,AZ,M,Y,4,15.0,0,4200,2300
F,DC,S,Y,32,48.0,1370,0,1370
F,AZ,M,N,48,22.0,0,4200,0
F,ND,M,Y,12,11.0,0,6600,3300
F,KY,S,N,27,26.0,20,0,0
M,FL,M,N,33,0.0,0,0,0
F,OK,M,Y,7,33.0,0,2000,1000
F,NY,M,N,39,23.0,0,0,0
F,OH,S,N,32,14.0,1300,0,0
M,NJ,M,N,24,10.0,0,2000,0
F,LA,S,Y,39,32.0,4500,0,1000
F,CA,S,N,32,49.0,87,0,0
M,NV,S,N,22,0.0,0,0,0
M,NY,M,N,33,23.0,0,0,0
F,MN,M,N,44,42.0,0,6600,0
M,NY,M,Y,46,24.0,0,0,1000
F,MD,S,Y,38,25.0,2400,0,2400
F,ME,M,Y,14,45.0,0,5700,2850
F,LA,S,N,11,27.0,4500,0,0
F,SD,S,Y,2,0.0,0,0,0
M,MI,M,Y,15,20.0,0,6200,3100
F,IL,M,Y,10,16.0,0,4000,2000
F,MN,S,N,16,32.0,3300,0,0
M,WA,S,Y,45,0.0,0,0,0
F,SC,M,Y,9,37.0,0,6600,3300
M,SC,M,N,37,37.0,0,6600,0
M,NV,M,N,3,0.0,0,0,0
F,PA,M,N,41,16.0,0,0,0
M,NY,S,Y,11,21.0,0,0,1000
F,IL,M,Y,29,16.0,0,4000,2000
F,TN,M,N,17,0.0,0,0,0
F,AK,S,N,47,0.0,0,0,0
M,CO,S,N,30,24.0,0,0,0
M,MO,S,Y,37,32.0,2100,0,1200
F,NC,S,Y,31,37.0,3300,0,3300
M,MA,S,N,9,28.0,3575,0,0
M,KY,M,N,29,27.0,0,40,0
F,SD,S,N,30,0.0,0,0,0
F,KY,S,N,17,20.0,20,0,0
F,IN,S,N,10,18.0,1000,0,0
M,VA,S,Y,14,30.0,900,0,900
F,GA,S,N,24,32.0,2700,0,0
F,WV,M,Y,33,34.0,0,4000,2000
M,WV,S,Y,20,28.0,2000,0,2000
M,NJ,S,Y,44,13.0,1000,0,1500
F,AK,M,N,35,0.0,0,0,0
F,MD,S,N,10,25.0,2400,0,0
F,GA,S,Y,4,32.0,2700,0,3000
M,UT,S,N,49,37.0,2475,0,0
F,PR,M,N,7,0.0,0,0,0
F,OK,M,Y,47,33.0,0,2000,1000
F,WA,M,N,1,0.0,0,0,0
F,AK,M,Y,49,0.0,0,0,0
M,SD,S,Y,35,0.0,0,0,0
M,NV,M,Y,15,0.0,0,0,0
F,VA,M,Y,32,30.0,0,1800,900
M,SD,M,Y,48,0.0,0,0,0
M,VA,S,Y,31,30.0,900,0,900
M,RI,M,Y,17,0.0,0,0,0
F,IN,M,Y,49,18.0,0,2000,1000
F,VA,S,Y,1,11.0,900,0,900
F,MA,S,N,29,28.0,3575,0,0
M,FL,M,N,41,0.0,0,0,0
F,CA,M,Y,49,49.0,0,174,272
M,SD,M,Y,37,0.0,0,0,0
M,SD,S,N,47,0.0,0,0,0
F,RI,S,Y,44,0.0,0,0,0
M,AL,M,N,30,26.0,0,3000,0
M,NJ,M,Y,16,8.0,0,2000,1500
M,MD,M,Y,21,25.0,0,4800,2400
F,NC,M,N,34,38.0,0,6600,0
F,WV,S,N,32,34.0,2000,0,0
M,KS,S,N,42,34.0,2250,0,0
F,CT,S,N,15,26.0,12750,0,0
F,MO,M,N,26,32.0,0,4200,0
F,NH,S,Y,23,0.0,0,0,0
F,IN,S,N,9,18.0,1000,0,0
M,ND,S,N,12,11.0,3300,0,0
M,NM,S,Y,12,28.0,3300,0,3300
F,AZ,S,Y,28,19.0,2100,0,2300
M,NV,S,N,33,0.0,0,0,0
F,CA,S,N,18,44.0,87,0,0
M,WI,S,Y,41,31.0,700,0,400
M,NH,S,Y,40,0.0,0,0,0
F,DE,M,Y,14,20.0,0,220,110
M,OR,S,N,40,48.0,159,0,0
M,NV,S,N,40,0.0,0,0,0
M,CA,M,Y,48,49.0,0,174,272
M,NV,M,Y,16,0.0,0,0,0
F,WI,M,N,36,30.0,0,1400,0
M,IA,M,N,45,48.0,0,80,0
F,UT,S,Y,20,37.0,2475,0,2475
M,AR,M,N,15,37.0,0,40,0
M,AL,S,N,27,26.0,1500,0,0
M,NE,M,N,11,34.0,0,206,0
M,UT,M,N,40,37.0,0,4950,0
M,NY,S,N,18,22.0,0,0,0
M,VA,M,N,21,30.0,0,1800,0
F,NY,M,N,28,23.0,0,0,0
M,MT,M,Y,39,37.0,0,3800,1900
F,IN,S,Y,32,18.0,1000,0,1000
M,ND,M,Y,32,13.0,0,6600,3300
F,NJ,M,Y,1,7.0,0,2000,1500
F,ME,S,Y,29,45.0,2850,0,2850
M,RI,M,N,49,0.0,0,0,0
F,MS,S,N,42,26.0,6000,0,0
M,GA,M,Y,8,32.0,0,5400,3000
M,MO,S,Y,14,32.0,2100,0,1200
M,KY,M,Y,17,20.0,0,40,20
F,PA,M,Y,39,16.0,0,0,0
M,IA,M,Y,18,31.0,0,80,40
M,TX,S,Y,15,0.0,0,0,0
M,NE,S,Y,8,27.0,103,0,103
F,NY,M,N,18,22.0,0,0,0
F,NM,S,N,8,28.0,3300,0,0
F,AK,S,Y,10,0.0,0,0,0
F,SD,M,N,46,0.0,0,0,0
F,MN,M,Y,22,35.0,0,6600,3300
M,VA,S,N,35,30.0,900,0,0
F,VA,S,Y,44,30.0,900,0,900
M,UT,S,Y,9,37.0,2475,0,2475
F,OH,S,N,30,13.0,1300,0,0
M,ND,S,N,31,13.0,3300,0,0
F,FL,S,Y,31,0.0,0,0,0
F,FL,M,N,45,0.0,0,0,0
M,NM,M,N,44,28.0,0,6600,0
F,OH,M,Y,16,8.0,0,2600,1300
F,AZ,S,Y,34,20.0,2100,0,2300
F,AL,S,N,48,26.0,1500,0,0
M,IN,M,Y,45,18.0,0,2000,1000
F,CA,S,N,12,28.0,87,0,0
M,OK,S,N,14,33.0,1000,0,0
F,SC,M,N,18,37.0,0,6600,0
M,AL,S,N,31,26.0,1500,0,0
F,SD,S,N,5,0.0,0,0,0
F,CA,S,Y,4,10.0,87,0,272
M,NV,M,Y,8,0.0,0,0,0
M,IL,S,N,6,16.0,2000,0,0
F,MS,S,Y,31,26.0,6000,0,1500
F,ME,M,Y,9,45.0,0,5700,2850
F,WI,S,Y,4,24.0,700,0,400
M,UT,M,N,36,37.0,0,4950,0
F,AK,S,Y,26,0.0,0,0,0
F,AR,M,N,11,31.0,0,40,0
M,FL,S,Y,9,0.0,0,0,0
M,NC,S,N,35,38.0,3300,0,0
F,KS,M,N,20,34.0,0,4500,0
M,AZ,S,Y,1,15.0,2100,0,2300
M,MD,M,Y,41,25.0,0,4800,2400
M,NM,M,Y,40,28.0,0,6600,3300
M,VT,M,N,34,23.0,0,6600,0
M,AL,S,N,7,26.0,1500,0,0
M,OR,S,N,19,48.0,159,0,0
F,ND,S,Y,31,13.0,3300,0,3300
M,NV,M,Y,4,0.0,0,0,0
F,WY,S,N,10,0.0,0,0,0
M,NC,M,Y,21,35.0,0,6600,3300
M,UT,M,Y,30,37.0,0,4950,2475
F,TN,M,Y,9,0.0,0,0,0
M,OK,S,Y,47,33.0,1000,0,1000
M,RI,S,N,33,0.0,0,0,0
F,CA,M,N,39,49.0,0,174,0
M,TX,M,N,13,0.0,0,0,0
F,AL,M,N,34,26.0,0,3000,0
F,IA,M,N,35,48.0,0,80,0
M,RI,S,N,49,0.0,0,0,0
M,WV,M,Y,11,21.0,0,4000,2000
M,WY,S,Y,19,0.0,0,0,0
F,ID,M,N,17,41.0,0,6600,0
F,NY,M,Y,48,24.0,0,0,1000
M,HI,M,Y,19,43.0,0,2080,1040
F,ID,S,Y,15,41.0,3300,0,3300
M,UT,S,N,26,37.0,2475,0,0
M,MN,M,Y,5,28.0,0,6600,3300
F,CO,M,Y,18,24.0,0,0,0
M,TX,M,Y,2,0.0,0,0,0
F,WI,S,Y,34,30.0,700,0,400
M,HI,S,Y,20,44.0,1040,0,1040
F,AZ,M,Y,40,21.0,0,4200,2300
F,NV,M,N,28,0.0,0,0,0
F,AR,M,N,1,6.0,0,40,0
F,NH,S,Y,41,0.0,0,0,0
F,AL,S,N,19,26.0,1500,0,0
M,KY,S,Y,46,32.0,20,0,20
F,FL,S,Y,14,0.0,0,0,0
M,ME,M,Y,34,45.0,0,5700,2850
F,DC,M,Y,38,48.0,0,2740,1370
M,FL,S,N,32,0.0,0,0,0
F,IA,M,N,21,36.0,0,80,0
F,ND,M,N,45,15.0,0,6600,0
F,ID,M,N,42,41.0,0,6600,0
F,CA,M,Y,22,49.0,0,174,272
M,NV,M,N,36,0.0,0,0,0
M,SD,S,N,49,0.0,0,0,0
M,IL,M,N,6,16.0,0,4000,0
M,RI,S,N,28,0.0,0,0,0
M,WI,M,Y,20,27.0,0,1400,400
M,NC,S,Y,0,32.0,3300,0,3300
F,MS,M,N,26,26.0,0,12000,0
M,WA,S,N,43,0.0,0,0,0
M,NH,S,N,14,0.0,0,0,0
F,ME,S,Y,7,37.0,2850,0,2850
M,CO,M,N,25,24.0,0,0,0
F,AK,S,N,3,0.0,0,0,0
F,MO,M,Y,30,32.0,0,4200,1200
M,MS,M,Y,31,26.0,0,12000,1500
F,TN,M,N,46,0.0,0,0,0
M,ME,S,N,22,45.0,2850,0,0
M,MO,S,Y,19,32.0,2100,0,1200
M,VA,M,Y,45,30.0,0,1800,900
F,AR,S,Y,33,37.0,20,0,20
M,SD,S,Y,0,0.0,0,0,0
M,OK,M,Y,15,33.0,0,2000,1000
M,CO,S,N,9,24.0,0,0,0
F,AL,M,N,10,26.0,0,3000,0
M,DE,S,N,18,23.0,110,0,0
F,WY,S,Y,26,0.0,0,0,0
M,KY,S,N,28,27.0,20,0,0
F,IA,S,Y,32,48.0,40,0,40
M,KS,M,Y,35,34.0,0,4500,2250
M,LA,S,N,16,32.0,4500,0,0
M,KS,M,Y,14,34.0,0,4500,2250
M,WI,S,N,41,31.0,700,0,0
F,NC,M,N,42,40.0,0,6600,0
M,ND,M,N,18,11.0,0,6600,0
M,MS,S,N,44,26.0,6000,0,0
F,NM,S,N,31,28.0,3300,0,0
F,WA,M,Y,36,0.0,0,0,0
M,IL,M,N,26,16.0,0,4000,0
M,MN,M,N,48,42.0,0,6600,0
M,MO,M,N,4,32.0,0,4200,0
M,RI,S,N,40,0.0,0,0,0
F,PA,S,Y,47,16.0,0,0,0
F,CO,M,N,1,24.0,0,0,0
M,NC,S,Y,5,32.0,3300,0,3300
M,MO,M,Y,27,32.0,0,4200,1200
F,CA,S,Y,29,49.0,87,0,272
F,CO,M,N,2,24.0,0,0,0
F,KY,M,Y,30,27.0,0,40,20
M,FL,S,N,42,0.0,0,0,0
F,TX,M,N,9,0.0,0,0,0
F,AK,S,N,14,0.0,0,0,0
M,NM,M,Y,3,11.0,0,6600,3300
M,NJ,M,N,34,11.0,0,2000,0
F,PA,S,Y,31,16.0,0,0,0
M,MA,M,N,38,28.0,0,7150,0
F,MS,M,N,33,26.0,0,12000,0
M,VT,S,N,6,19.0,3300,0,0
M,TX,S,N,15,0.0,0,0,0
F,FL,S,N,32,0.0,0,0,0
M,IN,S,N,18,18.0,1000,0,0
M,MO,M,N,19,32.0,0,4200,0
F,VA,S,Y,18,30.0,900,0,900
F,MA,S,N,45,28.0,3575,0,0
F,OR,M,N,36,48.0,0,318,0
F,AK,M,N,0,0.0,0,0,0
F,IL,M,N,33,16.0,0,4000,0
M,MD,M,Y,45,25.0,0,4800,2400
M,PA,S,N,38,16.0,0,0,0
M,DC,S,Y,18,48.0,1370,0,1370
F,WI,S,N,32,30.0,700,0,0
M,IL,S,N,32,16.0,2000,0,0
M,AL,S,Y,30,26.0,1500,0,300
M,AK,S,N,39,0.0,0,0,0
F,MO,S,N,47,32.0,2100,0,0
M,DC,M,Y,19,48.0,0,2740,1370
F,CA,M,Y,16,39.0,0,174,272
F,PA,S,Y,25,16.0,0,0,0
F,NV,M,N,42,0.0,0,0,0
M,AL,S,Y,2,26.0,1500,0,300
M,NH,S,Y,26,0.0,0,0,0
M,LA,S,N,12,32.0,4500,0,0
F,WV,M,N,35,34.0,0,4000,0
F,IA,M,Y,36,48.0,0,80,40
M,LA,S,N,36,32.0,4500,0,0
F,RI,M,Y,23,0.0,0,0,0
M,TN,M,N,28,0.0,0,0,0
F,TX,S,N,46,0.0,0,0,0
F,WI,M,N,1,24.0,0,1400,0
F,TX,M,Y,32,0.0,0,0,0
M,IL,S,Y,21,16.0,2000,0,2000
M,SC,M,Y,12,37.0,0,6600,3300
F,ME,M,Y,45,45.0,0,5700,2850
M,NM,S,Y,1,9.0,3300,0,3300
M,ID,M,Y,33,41.0,0,6600,3300
M,NJ,M,N,13,8.0,0,2000,0
F,ND,S,N,33,13.0,3300,0,0
F,LA,M,N,12,32.0,0,9000,0
M,CA,M,Y,25,49.0,0,174,272
F,IA,S,Y,22,38.0,40,0,40
F,ME,M,Y,49,45.0,0,5700,2850
M,WV,M,N,17,25.0,0,4000,0
M,PA,S,N,17,16.0,0,0,0
F,VT,M,N,20,20.0,0,6600,0
M,AR,M,N,30,37.0,0,40,0
F,IA,S,Y,36,48.0,40,0,40
M,GA,S,N,7,32.0,2700,0,0
M,OR,M,Y,41,48.0,0,318,159
M,VT,M,N,3,19.0,0,6600,0
M,MA,M,N,34,28.0,0,7150,0
F,IA,S,Y,8,15.0,40,0,40
M,TX,S,N,13,0.0,0,0,0
M,MT,S,Y,42,37.0,1900,0,1900
F,NE,M,Y,12,36.0,0,206,103
M,NY,M,Y,22,22.0,0,0,1000
M,NY,M,N,22,22.0,0,0,0
F,MA,M,N,33,28.0,0,7150,0
F,CA,S,N,9,20.0,87,0,0
F,MT,S,N,27,37.0,1900,0,0
M,ND,S,N,36,13.0,3300,0,0
M,HI,S,Y,18,41.0,1040,0,1040
M,NM,S,Y,4,16.0,3300,0,3300
F,AK,M,N,3,0.0,0,0,0
M,IN,S,N,23,18.0,1000,0,0
F,WV,S,Y,27,32.0,2000,0,2000
M,DC,M,N,33,48.0,0,2740,0
F,UT,S,N,6,37.0,2475,0,0
M,AZ,M,Y,23,18.0,0,4200,2300
M,PA,M,N,39,16.0,0,0,0
F,WY,S,N,2,0.0,0,0,0
F,OH,M,Y,38,16.0,0,2600,1300
F,OR,S,N,42,48.0,159,0,0
M,OH,S,N,12,7.0,1300,0,0
F,IN,S,N,7,18.0,1000,0,0
F,OH,S,Y,11,7.0,1300,0,1300
F,OK,M,Y,23,33.0,0,2000,1000
M,NE,S,N,7,26.0,103,0,0
M,PA,M,Y,43,16.0,0,0,0
M,WY,S,Y,15,0.0,0,0,0
M,DE,S,N,24,28.0,110,0,0
F,UT,S,Y,30,37.0,2475,0,2475
F,AR,S,N,22,37.0,20,0,0
F,IL,S,N,27,16.0,2000,0,0
F,KY,M,N,5,13.0,0,40,0
M,WI,M,Y,2,24.0,0,1400,400
M,VT,M,N,49,26.0,0,6600,0
F,KY,M,Y,48,32.0,0,40,20
F,RI,M,N,20,0.0,0,0,0
F,DE,S,Y,43,31.0,110,0,110
F,ID,M,N,48,41.0,0,6600,0
M,AR,M,N,46,37.0,0,40,0
F,AL,S,N,32,26.0,1500,0,0
F,KS,S,Y,27,34.0,2250,0,2250
M,TN,M,N,5,0.0,0,0,0
F,CO,S,Y,47,24.0,0,0,0
F,ID,S,Y,40,41.0,3300,0,3300
F,NH,M,N,39,0.0,0,0,0
M,OH,S,Y,36,16.0,1300,0,1300
F,NM,M,Y,44,28.0,0,6600,3300
F,ND,S,Y,33,13.0,3300,0,3300
M,ME,S,N,46,45.0,2850,0,0
F,MS,M,Y,29,26.0,0,12000,1500
F,ND,S,N,7,11.0,3300,0,0
M,IA,S,N,12,22.0,40,0,0
M,KY,S,Y,22,23.0,20,0,20
M,MN,S,Y,42,42.0,3300,0,3300
F,FL,M,Y,38,0.0,0,0,0
M,RI,M,Y,13,0.0,0,0,0
F,MS,S,Y,26,26.0,6000,0,1500
M,IL,M,N,17,16.0,0,4000,0
F,IN,S,Y,27,18.0,1000,0,1000
M,DC,S,N,48,48.0,1370,0,0
M,CA,S,Y,41,49.0,87,0,272
F,MS,S,N,28,26.0,6000,0,0
M,OK,S,Y,13,33.0,1000,0,1000
F,WV,M,Y,19,26.0,0,4000,2000
M,SD,M,N,47,0.0,0,0,0
F,AZ,S,N,20,17.0,2100,0,0
F,MO,S,Y,23,32.0,2100,0,1200
F,WY,M,Y,20,0.0,0,0,0
M,DC,M,Y,41,48.0,0,2740,1370
F,NH,M,N,19,0.0,0,0,0
M,WA,M,Y,48,0.0,0,0,0
M,AZ,S,N,16,17.0,2100,0,0
M,PA,S,Y,49,16.0,0,0,0
F,KY,M,Y,17,20.0,0,40,20
M,TN,S,N,28,0.0,0,0,0
M,MO,M,N,31,32.0,0,4200,0
M,ME,S,N,4,20.0,2850,0,0
F,SC,M,Y,36,37.0,0,6600,3300
F,CO,M,Y,26,24.0,0,0,0
M,WY,M,Y,43,0.0,0,0,0
M,ID,S,N,2,13.0,3300,0,0
F,CT,S,N,13,26.0,12750,0,0
F,MN,S,Y,36,42.0,3300,0,3300
F,TN,M,Y,39,0.0,0,0,0
F,VA,M,N,35,30.0,0,1800,0
F,CT,M,N,3,16.0,0,24500,0
M,NV,M,Y,49,0.0,0,0,0
M,NE,M,N,9,29.0,0,206,0
F,GA,M,N,32,32.0,0,5400,0
M,MI,M,N,2,20.0,0,6200,0
F,KS,S,N,18,34.0,2250,0,0
F,TX,S,Y,22,0.0,0,0,0
M,OK,M,Y,34,33.0,0,2000,1000
M,WV,M,N,34,34.0,0,4000,0
M,OH,M,Y,42,18.0,0,2600,1300
M,NM,M,N,49,28.0,0,6600,0
M,ND,M,Y,1,11.0,0,6600,3300
M,MO,S,N,18,32.0,2100,0,0
F,NM,M,N,28,28.0,0,6600,0
F,PA,M,Y,15,16.0,0,0,0
M,AL,S,N,27,26.0,1500,0,0
F,VA,S,Y,27,30.0,900,0,900
F,PR,S,N,3,0.0,0,0,0
M,OH,M,N,23,11.0,0,2600,0
F,LA,M,N,1,10.0,0,9000,0
M,NM,M,Y,48,28.0,0,6600,3300
F,TN,S,Y,48,0.0,0,0,0
F,IN,M,Y,47,18.0,0,2000,1000
F,OK,S,Y,45,33.0,1000,0,1000
F,CA,M,Y,6,14.0,0,174,272
F,WI,M,Y,46,32.0,0,1400,400
M,NM,M,Y,5,20.0,0,6600,3300
M,KY,S,N,6,14.0,20,0,0
M,ND,S,N,13,11.0,3300,0,0
F,MD,M,N,4,25.0,0,4800,0
M,WA,S,Y,8,0.0,0,0,0
F,WV,M,N,24,30.0,0,4000,0
F,NM,M,Y,14,28.0,0,6600,3300
M,MS,M,Y,3,20.0,0,12000,1500
M,SC,S,N,6,37.0,3300,0,0
M,MI,M,Y,26,20.0,0,6200,3100
M,WA,S,Y,37,0.0,0,0,0
F,MT,S,N,25,37.0,1900,0,0
M,ND,M,N,38,14.0,0,6600,0
F,CT,M,Y,10,26.0,0,24500,0
F,WY,S,N,22,0.0,0,0,0
F,MD,M,Y,38,25.0,0,4800,2400
M,AZ,M,N,31,19.0,0,4200,0
M,CA,S,N,7,17.0,87,0,0
M,MD,S,Y,22,25.0,2400,0,2400
F,ND,M,N,34,13.0,0,6600,0
F,PA,S,N,42,16.0,0,0,0
M,RI,S,N,2,0.0,0,0,0
M,RI,M,Y,45,0.0,0,0,0
F,SD,S,N,47,0.0,0,0,0
F,NV,M,Y,39,0.0,0,0,0
F,NV,M,Y,38,0.0,0,0,0
F,NV,S,Y,47,0.0,0,0,0
F,GA,S,Y,40,32.0,2700,0,3000
M,NE,M,N,18,36.0,0,206,0
F,NM,M,Y,16,28.0,0,6600,3300
M,IN,M,Y,8,18.0,0,2000,1000
M,GA,S,N,35,32.0,2700,0,0
F,PA,S,N,33,16.0,0,0,0
F,MT,M,N,18,37.0,0,3800,0
F,VA,S,N,33,30.0,900,0,0
F,VT,M,Y,18,20.0,0,6600,3300
M,IA,M,N,43,48.0,0,80,0
M,LA,M,Y,23,32.0,0,9000,1000
F,SD,S,Y,29,0.0,0,0,0
M,MT,M,N,32,37.0,0,3800,0
M,ID,M,Y,19,41.0,0,6600,3300
F,ID,M,Y,34,41.0,0,6600,3300
M,NC,S,N,45,41.0,3300,0,0
F,NE,S,Y,28,36.0,103,0,103
M,PR,M,N,8,0.0,0,0,0
F,OR,S,N,39,48.0,159,0,0
F,AK,S,N,29,0.0,0,0,0
M,FL,S,Y,8,0.0,0,0,0
M,WV,M,N,41,34.0,0,4000,0
M,CA,S,Y,27,49.0,87,0,272
F,MN,M,N,21,35.0,0,6600,0
F,MS,M,Y,35,26.0,0,12000,1500
F,HI,M,Y,34,44.0,0,2080,1040
M,ND,S,N,31,13.0,3300,0,0
M,AL,S,Y,26,26.0,1500,0,300
F,KS,M,Y,7,19.0,0,4500,2250
F,OK,M,Y,37,33.0,0,2000,1000
M,IA,M,N,33,48.0,0,80,0
F,UT,M,Y,49,37.0,0,4950,2475
F,NE,M,N,26,36.0,0,206,0
F,CT,M,N,41,26.0,0,24500,0
M,CA,S,N,15,37.0,87,0,0
F,IA,M,N,29,48.0,0,80,0
F,DC,S,N,41,48.0,1370,0,0
M,GA,M,Y,13,32.0,0,5400,3000
M,NH,M,N,15,0.0,0,0,0
M,PR,S,N,14,0.0,0,0,0
F,SD,S,N,8,0.0,0,0,0
M,UT,S,Y,17,37.0,2475,0,2475
F,NC,M,N,43,40.0,0,6600,0
M,FL,M,N,31,0.0,0,0,0
F,WV,S,Y,1,16.0,2000,0,2000
M,MO,M,N,39,32.0,0,4200,0
F,IL,S,N,27,16.0,2000,0,0
M,VT,M,N,5,19.0,0,6600,0
M,NV,M,Y,35,0.0,0,0,0
F,AL,M,Y,37,26.0,0,3000,300
F,WV,M,N,48,34.0,0,4000,0
F,NE,S,N,21,36.0,103,0,0
M,AL,M,Y,42,26.0,0,3000,300
M,NH,M,N,4,0.0,0,0,0
F,SD,S,N,11,0.0,0,0,0
F,MN,M,Y,11,29.0,0,6600,3300
M,HI,S,Y,17,39.0,1040,0,1040
M,NC,M,N,43,40.0,0,6600,0
F,HI,M,N,2,10.0,0,2080,0
F,MA,M,N,6,28.0,0,7150,0
M,IA,M,Y,26,45.0,0,80,40
M,FL,S,Y,27,0.0,0,0,0
F,OR,S,N,41,48.0,159,0,0
M,LA,S,N,48,32.0,4500,0,0
M,IN,S,Y,43,18.0,1000,0,1000
F,KY,M,Y,21,22.0,0,40,20
F,FL,S,Y,7,0.0,0,0,0
M,CT,S,Y,19,26.0,12750,0,0
F,CA,M,Y,39,49.0,0,174,272
F,WA,S,Y,35,0.0,0,0,0
F,MN,M,Y,36,42.0,0,6600,3300
M,TX,S,Y,12,0.0,0,0,0
M,MA,S,N,38,28.0,3575,0,0
F,MN,M,Y,45,42.0,0,6600,3300
M,CO,S,Y,3,24.0,0,0,0
M,NM,M,N,26,28.0,0,6600,0
M,AL,S,Y,34,26.0,1500,0,300
F,ID,M,N,10,38.0,0,6600,0
M,MS,S,N,16,26.0,6000,0,0
M,PA,M,Y,5,16.0,0,0,0
M,OR,M,N,9,48.0,0,318,0
M,NJ,M,Y,36,12.0,0,2000,1500
M,NH,M,Y,4,0.0,0,0,0
M,IL,S,N,35,16.0,2000,0,0
F,ME,M,N,7,37.0,0,5700,0
M,WI,S,N,45,32.0,700,0,0
F,MD,M,N,8,25.0,0,4800,0
M,MT,S,Y,19,37.0,1900,0,1900
M,NJ,S,N,18,8.0,1000,0,0
F,CT,M,Y,5,26.0,0,24500,0
M,NJ,M,Y,34,11.0,0,2000,1500
F,ND,S,N,28,13.0,3300,0,0
M,CT,S,Y,6,26.0,12750,0,0
M,DE,S,N,9,16.0,110,0,0
M,LA,M,N,8,18.0,0,9000,0
F,NJ,M,Y,37,12.0,0,2000,1500
F,PA,M,N,7,16.0,0,0,0
F,NV,M,N,35,0.0,0,0,0
M,CO,M,N,13,24.0,0,0,0
F,WA,S,Y,40,0.0,0,0,0
F,DE,S,Y,4,13.0,110,0,110
M,ND,M,Y,25,12.0,0,6600,3300
F,ID,S,Y,42,41.0,3300,0,3300
M,IL,M,Y,46,16.0,0,4000,2000
F,MT,S,N,17,37.0,1900,0,0
M,DE,M,Y,39,31.0,0,220,110
M,KY,S,Y,41,32.0,20,0,20
F,VT,M,N,41,25.0,0,6600,0
F,IA,M,Y,16,29.0,0,80,40
F,ME,S,N,16,45.0,2850,0,0
F,NJ,S,Y,25,10.0,1000,0,1500
M,CO,S,Y,43,24.0,0,0,0
M,DE,S,Y,26,29.0,110,0,110
F,HI,M,N,31,44.0,0,2080,0
F,WI,S,N,0,24.0,700,0,0
F,WY,S,N,0,0.0,0,0,0
F,KS,S,N,41,34.0,2250,0,0
F,WI,M,Y,46,32.0,0,1400,400
F,CT,M,Y,1,16.0,0,24500,0
M,MA,M,N,31,28.0,0,7150,0
F,UT,S,Y,49,37.0,2475,0,2475
M,NV,S,N,21,0.0,0,0,0
F,VA,S,N,12,30.0,900,0,0
F,CT,M,N,41,26.0,0,24500,0
F,RI,M,Y,39,0.0,0,0,0
F,DC,S,N,39,48.0,1370,0,0
F,NC,M,N,7,32.0,0,6600,0
F,VT,S,N,21,20.0,3300,0,0
M,TX,M,N,21,0.0,0,0,0
F,AK,M,Y,29,0.0,0,0,0
F,MA,S,N,36,28.0,3575,0,0
M,KS,S,Y,42,34.0,2250,0,2250
F,IL,M,Y,2,16.0,0,4000,2000
F,AR,S,Y,7,21.0,20,0,20
M,AK,S,Y,7,0.0,0,0,0
M,NM,M,N,43,28.0,0,6600,0
M,RI,M,Y,9,0.0,0,0,0
F,KS,S,Y,24,34.0,2250,0,2250
F,AZ,S,Y,13,16.0,2100,0,2300
M,IN,M,Y,24,18.0,0,2000,1000
F,CO,S,Y,29,24.0,0,0,0
M,ID,S,N,36,41.0,3300,0,0
F,GA,S,Y,8,32.0,2700,0,3000
M,OK,M,Y,15,33.0,0,2000,1000
F,OR,M,N,43,48.0,0,318,0
M,AK,M,Y,11,0.0,0,0,0
F,MI,S,N,38,20.0,3100,0,0
M,MT,S,N,12,37.0,1900,0,0
F,RI,M,Y,49,0.0,0,0,0
M,SD,M,N,46,0.0,0,0,0
M,MO,S,Y,29,32.0,2100,0,1200
F,CT,S,Y,23,26.0,12750,0,0
M,WI,M,N,4,24.0,0,1400,0
F,VT,S,N,22,20.0,3300,0,0
F,OK,S,N,30,33.0,1000,0,0
F,HI,S,Y,30,44.0,1040,0,1040
F,SC,S,Y,34,37.0,3300,0,3300
M,NE,S,Y,38,36.0,103,0,103
M,AL,M,N,30,26.0,0,3000,0
M,RI,S,N,37,0.0,0,0,0
F,IL,S,N,24,16.0,2000,0,0
F,VT,S,N,13,19.0,3300,0,0
F,VA,S,Y,43,30.0,900,0,900
F,CA,M,N,12,28.0,0,174,0
F,NY,M,N,14,22.0,0,0,0
M,VA,M,N,36,30.0,0,1800,0
M,HI,S,Y,33,44.0,1040,0,1040
M,UT,S,N,34,37.0,2475,0,0
F,WV,S,N,17,25.0,2000,0,0
F,UT,S,Y,35,37.0,2475,0,2475
F,KY,S,N,47,32.0,20,0,0
M,OR,M,N,18,48.0,0,318,0
F,AL,S,Y,11,26.0,1500,0,300
F,WV,S,Y,22,29.0,2000,0,2000
M,LA,M,N,38,32.0,0,9000,0
F,IL,S,Y,3,16.0,2000,0,2000
M,MD,S,N,13,25.0,2400,0,0
F,NJ,S,N,18,9.0,1000,0,0
F,KS,M,Y,16,34.0,0,4500,2250
M,OR,M,N,26,48.0,0,318,0
M,MT,S,N,43,37.0,1900,0,0
F,ND,S,Y,15,11.0,3300,0,3300
M,MD,S,Y,20,25.0,2400,0,2400
M,TX,M,Y,8,0.0,0,0,0
M,TX,S,N,39,0.0,0,0,0
M,VA,S,Y,43,30.0,900,0,900
F,NV,S,N,14,0.0,0,0,0
M,MN,M,Y,32,41.0,0,6600,3300
M,NJ,M,N,13,8.0,0,2000,0
F,CA,S,N,9,22.0,87,0,0
F,AR,S,N,28,37.0,20,0,0
M,HI,M,Y,31,44.0,0,2080,1040
M,IN,M,Y,23,18.0,0,2000,1000
F,WA,S,N,0,0.0,0,0,0
F,CA,M,N,17,43.0,0,174,0
F,WI,M,N,32,30.0,0,1400,0
F,FL,M,N,45,0.0,0,0,0
M,SC,M,N,37,37.0,0,6600,0
M,WA,M,Y,36,0.0,0,0,0
F,CA,M,Y,32,49.0,0,174,272
F,MA,S,N,22,28.0,3575,0,0
F,CA,S,N,10,24.0,87,0,0
M,ME,M,N,7,39.0,0,5700,0
M,MS,S,N,3,19.0,6000,0,0
M,OR,M,N,39,48.0,0,318,0
M,IN,M,N,20,18.0,0,2000,0
F,OR,S,Y,12,48.0,159,0,159
M,MT,S,N,23,37.0,1900,0,0
M,HI,S,Y,14,34.0,1040,0,1040
F,MA,S,N,43,28.0,3575,0,0
F,MA,M,Y,9,28.0,0,7150,1000
M,FL,S,Y,38,0.0,0,0,0
F,ID,M,Y,22,41.0,0,6600,3300
F,FL,S,Y,6,0.0,0,0,0
M,NY,M,Y,26,22.0,0,0,1000
M,OR,M,Y,15,48.0,0,318,159
F,IN,S,Y,47,18.0,1000,0,1000
M,RI,M,Y,15,0.0,0,0,0
F,PR,S,Y,15,0.0,0,0,0
M,NV,S,Y,40,0.0,0,0,0
F,SD,M,N,44,0.0,0,0,0
M,AL,M,Y,28,26.0,0,3000,300
F,MA,M,N,17,28.0,0,7150,0
F,NH,S,Y,16,0.0,0,0,0
F,ND,S,N,49,15.0,3300,0,0
F,SC,S,Y,0,13.0,3300,0,3300
F,VA,S,N,46,30.0,900,0,0
F,CA,M,Y,15,37.0,0,174,272
F,MD,S,N,33,25.0,2400,0,0
M,AZ,S,Y,6,15.0,2100,0,2300
M,NJ,S,N,32,11.0,1000,0,0
F,DE,M,Y,33,31.0,0,220,110
F,MN,S,Y,14,31.0,3300,0,3300
F,HI,M,Y,11,27.0,0,2080,1040
M,NE,S,N,31,36.0,103,0,0
F,NC,S,N,28,37.0,3300,0,0
M,DC,S,N,25,48.0,1370,0,0
M,AK,M,Y,22,0.0,0,0,0
M,AZ,S,N,49,22.0,2100,0,0
M,MI,S,Y,16,20.0,3100,0,3100
F,WI,M,N,30,29.0,0,1400,0
F,GA,M,N,10,32.0,0,5400,0
M,WY,M,Y,10,0.0,0,0,0
F,CA,S,Y,10,24.0,87,0,272
F,WI,M,Y,39,31.0,0,1400,400
F,MT,S,Y,31,37.0,1900,0,1900
M,MI,M,Y,28,20.0,0,6200,3100
M,MN,S,Y,14,31.0,3300,0,3300
M,RI,S,N,31,0.0,0,0,0
M,AR,S,Y,24,37.0,20,0,20
F,NV,M,N,20,0.0,0,0,0
F,NM,M,Y,14,28.0,0,6600,3300
M,RI,S,Y,44,0.0,0,0,0
M,MO,S,N,32,32.0,2100,0,0
F,DC,S,N,11,39.0,1370,0,0
F,IL,S,N,34,16.0,2000,0,0
F,KS,S,N,37,34.0,2250,0,0
M,MI,S,N,46,20.0,3100,0,0
M,OR,S,Y,9,48.0,159,0,159
M,ME,M,N,41,45.0,0,5700,0
M,NH,S,Y,7,0.0,0,0,0
M,KS,M,Y,38,34.0,0,4500,2250
F,MA,M,Y,42,28.0,0,7150,1000
F,AZ,S,Y,48,22.0,2100,0,2300
F,CT,S,Y,40,26.0,12750,0,0
F,WA,M,Y,36,0.0,0,0,0
M,NM,M,N,48,28.0,0,6600,0
M,WI,M,N,7,25.0,0,1400,0
F,ND,M,Y,33,13.0,0,6600,3300
M,ID,M,Y,18,41.0,0,6600,3300
M,WI,S,Y,23,28.0,700,0,400
F,CO,M,Y,22,24.0,0,0,0
F,NY,S,N,15,22.0,0,0,0
F,KY,S,N,49,32.0,20,0,0
M,WI,M,N,15,26.0,0,1400,0
F,MD,S,N,46,25.0,2400,0,0
M,MD,M,N,43,25.0,0,4800,0
F,NV,S,N,2,0.0,0,0,0
F,NE,M,N,40,36.0,0,206,0
F,SD,M,Y,40,0.0,0,0,0
M,TN,M,N,46,0.0,0,0,0
M,MO,M,N,25,32.0,0,4200,0
M,MO,M,Y,36,32.0,0,4200,1200
M,NE,S,N,44,36.0,103,0,0
M,LA,M,N,27,32.0,0,9000,0
F,LA,S,N,35,32.0,4500,0,0
M,GA,S,N,31,32.0,2700,0,0
F,HI,S,N,0,7.0,1040,0,0
F,PR,M,Y,23,0.0,0,0,0
F,MO,S,N,25,32.0,2100,0,0
M,ME,M,Y,2,14.0,0,5700,2850
F,PA,M,Y,3,16.0,0,0,0
F,NE,M,Y,27,36.0,0,206,103
M,AR,M,N,10,28.0,0,40,0
M,OR,S,Y,47,48.0,159,0,159
M,CA,M,N,9,22.0,0,174,0
M,WY,M,Y,26,0.0,0,0,0
M,NY,M,Y,28,23.0,0,0,1000
M,NH,M,N,9,0.0,0,0,0
M,OK,S,Y,8,33.0,1000,0,1000
F,MI,M,Y,27,20.0,0,6200,3100
M,MO,M,Y,15,32.0,0,4200,1200
M,FL,S,Y,37,0.0,0,0,0
F,SD,M,N,13,0.0,0,0,0
F,VT,M,N,34,23.0,0,6600,0
F,NM,S,Y,15,28.0,3300,0,3300
F,VA,S,Y,10,30.0,900,0,900
F,AR,S,Y,43,37.0,20,0,20
M,SC,M,N,23,37.0,0,6600,0
M,CT,S,N,31,26.0,12750,0,0
F,KY,M,N,29,27.0,0,40,0
F,OH,S,Y,16,8.0,1300,0,1300
M,ID,S,Y,17,41.0,3300,0,3300
F,OR,S,Y,2,37.0,159,0,159
F,AK,S,Y,33,0.0,0,0,0
M,MD,M,Y,11,25.0,0,4800,2400
F,ID,S,N,38,41.0,3300,0,0
M,OH,M,N,29,13.0,0,2600,0
F,AR,S,N,23,37.0,20,0,0
F,TN,M,N,22,0.0,0,0,0
F,DC,S,N,21,48.0,1370,0,0
M,NJ,S,N,43,13.0,1000,0,0
M,DE,S,N,39,31.0,110,0,0
F,IL,S,N,48,16.0,2000,0,0
F,ID,S,Y,40,41.0,3300,0,3300
F,FL,M,Y,14,0.0,0,0,0
M,WY,M,N,42,0.0,0,0,0
F,WY,M,N,11,0.0,0,0,0
M,PR,S,Y,12,0.0,0,0,0
M,CO,M,Y,47,24.0,0,0,0
F,OH,M,Y,43,18.0,0,2600,1300
M,ND,M,N,2,11.0,0,6600,0
F,ME,S,N,34,45.0,2850,0,0
M,AR,S,Y,44,37.0,20,0,20
M,LA,S,N,30,32.0,4500,0,0
F,FL,S,N,40,0.0,0,0,0
F,DE,S,Y,1,11.0,110,0,110
F,CO,M,Y,13,24.0,0,0,0
M,WI,S,N,39,31.0,700,0,0
F,TN,M,Y,31,0.0,0,0,0
M,IA,M,Y,25,43.0,0,80,40
F,CA,S,N,45,49.0,87,0,0
F,TX,M,Y,39,0.0,0,0,0
F,HI,S,Y,35,44.0,1040,0,1040
F,NV,M,Y,13,0.0,0,0,0
M,MT,M,Y,30,37.0,0,3800,1900
F,SC,S,N,21,37.0,3300,0,0
M,MS,S,Y,27,26.0,6000,0,1500
M,NC,M,Y,13,33.0,0,6600,3300
F,MO,M,N,0,9.0,0,4200,0
F,MI,S,Y,36,20.0,3100,0,3100
F,NE,S,N,12,35.0,103,0,0
F,IL,S,N,9,16.0,2000,0,0
F,FL,M,N,22,0.0,0,0,0
M,MO,M,Y,10,32.0,0,4200,1200
M,TN,S,N,8,0.0,0,0,0
M,WI,M,N,23,28.0,0,1400,0
F,MN,M,N,6,28.0,0,6600,0
M,NH,S,N,38,0.0,0,0,0
F,NY,M,N,31,23.0,0,0,0
M,AK,M,N,17,0.0,0,0,0
F,NM,M,Y,19,28.0,0,6600,3300
F,SD,S,Y,6,0.0,0,0,0
F,TN,S,Y,23,0.0,0,0,0
F,AR,M,N,35,37.0,0,40,0
M,ME,M,N,22,45.0,0,5700,0
M,NH,S,Y,34,0.0,0,0,0
M,CA,S,Y,45,49.0,87,0,272
M,OR,M,Y,17,48.0,0,318,159
M,FL,S,Y,46,0.0,0,0,0
M,SD,S,Y,45,0.0,0,0,0
M,NY,M,Y,37,23.0,0,0,1000
F,NC,S,Y,7,32.0,3300,0,3300
M,NV,M,N,42,0.0,0,0,0
M,AR,S,N,38,37.0,20,0,0
M,CA,M,Y,10,25.0,0,174,272
M,WA,M,N,0,0.0,0,0,0
F,DE,M,N,28,31.0,0,220,0
M,WI,M,Y,24,28.0,0,1400,400
F,MO,S,N,19,32.0,2100,0,0
F,CO,M,Y,10,24.0,0,0,0
F,WY,S,Y,40,0.0,0,0,0
M,SD,S,Y,29,0.0,0,0,0
M,SD,M,N,29,0.0,0,0,0
F,RI,M,Y,40,0.0,0,0,0
M,KY,M,Y,16,19.0,0,40,20
F,UT,S,Y,41,37.0,2475,0,2475
M,VA,S,N,6,25.0,900,0,0
M,MS,S,N,44,26.0,6000,0,0
M,ID,S,Y,10,39.0,3300,0,3300
F,NM,S,N,40,28.0,3300,0,0
M,WY,S,Y,38,0.0,0,0,0
M,KY,S,Y,33,30.0,20,0,20
F,KS,S,N,22,34.0,2250,0,0
M,SD,M,Y,21,0.0,0,0,0
M,NY,M,Y,13,22.0,0,0,1000
M,NJ,M,Y,45,13.0,0,2000,1500
M,DC,M,N,33,48.0,0,2740,0
M,ND,M,N,16,11.0,0,6600,0
F,LA,S,Y,8,17.0,4500,0,1000
M,PA,S,N,44,16.0,0,0,0
F,KS,M,N,12,30.0,0,4500,0
F,ND,S,N,1,11.0,3300,0,0
M,VA,M,N,2,15.0,0,1800,0
M,CT,M,Y,27,26.0,0,24500,0
F,NE,M,N,31,36.0,0,206,0
F,HI,M,Y,43,44.0,0,2080,1040
F,MN,S,N,22,35.0,3300,0,0
F,HI,S,N,25,44.0,1040,0,0
F,DE,M,N,39,31.0,0,220,0
M,WI,S,Y,22,28.0,700,0,400
M,KY,S,N,16,19.0,20,0,0
M,NY,M,Y,33,23.0,0,0,1000
F,PA,M,Y,43,16.0,0,0,0
M,IA,M,Y,11,19.0,0,80,40
M,WV,S,N,30,34.0,2000,0,0
F,MS,S,N,13,26.0,6000,0,0
M,RI,M,N,9,0.0,0,0,0
F,VA,M,N,36,30.0,0,1800,0
F,NE,M,Y,43,36.0,0,206,103
F,CO,M,N,16,24.0,0,0,0
M,NC,S,N,23,36.0,3300,0,0
F,RI,S,Y,32,0.0,0,0,0
F,WY,S,N,18,0.0,0,0,0
M,KY,S,Y,4,12.0,20,0,20
M,MN,M,N,31,41.0,0,6600,0
M,NH,M,N,44,0.0,0,0,0
F,KY,M,N,45,32.0,0,40,0
F,SD,S,N,35,0.0,0,0,0
F,SC,M,N,16,37.0,0,6600,0
M,NY,M,N,27,22.0,0,0,0
F,CO,S,N,48,24.0,0,0,0
M,ND,S,N,14,11.0,3300,0,0
F,IN,M,Y,23,18.0,0,2000,1000
M,AR,M,N,3,10.0,0,40,0
F,NY,M,N,39,23.0,0,0,0
F,ID,M,Y,24,41.0,0,6600,3300
F,GA,M,N,38,32.0,0,5400,0
M,VA,S,Y,46,30.0,900,0,900
F,NE,S,Y,36,36.0,103,0,103
M,MN,S,Y,23,36.0,3300,0,3300
M,MO,S,Y,47,32.0,2100,0,1200
F,AK,M,Y,6,0.0,0,0,0
F,WY,M,Y,22,0.0,0,0,0
M,VA,S,Y,14,30.0,900,0,900
F,IA,S,Y,8,14.0,40,0,40
M,IL,S,Y,14,16.0,2000,0,2000
F,ID,S,N,0,9.0,3300,0,0
M,MO,M,N,29,32.0,0,4200,0
F,AL,S,Y,7,26.0,1500,0,300
M,LA,S,N,3,10.0,4500,0,0
F,GA,S,N,11,32.0,2700,0,0
F,MO,S,Y,17,32.0,2100,0,1200
M,AR,M,Y,17,37.0,0,40,20
M,WV,M,Y,32,34.0,0,4000,2000
M,NJ,S,Y,10,7.0,1000,0,1500
M,MO,S,N,25,32.0,2100,0,0
F,UT,M,N,47,37.0,0,4950,0
M,DC,S,N,12,41.0,1370,0,0
M,SC,S,N,3,25.0,3300,0,0
M,WA,M,N,14,0.0,0,0,0
F,SD,M,Y,26,0.0,0,0,0
M,KS,S,N,23,34.0,2250,0,0
F,NM,S,Y,15,28.0,3300,0,3300
M,SD,S,Y,26,0.0,0,0,0
F,NE,S,N,10,31.0,103,0,0
F,WI,S,N,32,29.0,700,0,0
F,IA,M,Y,32,48.0,0,80,40
F,AK,S,N,21,0.0,0,0,0
M,RI,S,N,25,0.0,0,0,0
M,CT,S,Y,8,26.0,12750,0,0
M,CT,S,N,44,26.0,12750,0,0
M,KY,S,N,32,29.0,20,0,0
M,WY,S,N,31,0.0,0,0,0
F,TX,S,N,8,0.0,0,0,0
F,AK,S,N,34,0.0,0,0,0
M,AR,S,N,27,37.0,20,0,0
M,OK,M,N,39,33.0,0,2000,0
M,MN,S,Y,14,31.0,3300,0,3300
F,AZ,M,Y,20,17.0,0,4200,2300
M,AL,M,Y,44,26.0,0,3000,300
M,HI,S,N,19,44.0,1040,0,0
M,ND,S,Y,49,15.0,3300,0,3300
M,LA,S,N,45,32.0,4500,0,0
F,KS,S,N,10,25.0,2250,0,0
M,NE,S,Y,47,36.0,103,0,103
F,DC,S,Y,24,48.0,1370,0,1370
M,NJ,S,N,39,12.0,1000,0,0
M,NJ,M,Y,32,11.0,0,2000,1500
F,TN,S,N,30,0.0,0,0,0
M,NH,S,Y,10,0.0,0,0,0
F,SD,S,N,34,0.0,0,0,0
M,MD,S,N,19,25.0,2400,0,0
M,VA,S,N,39,30.0,900,0,0
M,ND,M,N,29,13.0,0,6600,0
M,NV,S,Y,22,0.0,0,0,0
F,GA,S,N,6,32.0,2700,0,0
F,FL,M,N,14,0.0,0,0,0
F,VT,M,N,14,19.0,0,6600,0
M,MA,S,N,43,28.0,3575,0,0
F,AK,M,Y,33,0.0,0,0,0
M,DE,M,N,27,30.0,0,220,0
M,NY,M,Y,48,24.0,0,0,1000
F,WY,S,N,24,0.0,0,0,0
F,PA,S,N,38,16.0,0,0,0
F,RI,M,N,22,0.0,0,0,0
F,LA,M,Y,42,32.0,0,9000,1000
M,WY,S,Y,16,0.0,0,0,0
M,KY,M,N,26,25.0,0,40,0
M,SC,S,Y,28,37.0,3300,0,3300
M,NV,M,Y,39,0.0,0,0,0
M,TN,M,Y,14,0.0,0,0,0
F,FL,S,Y,26,0.0,0,0,0
M,TX,S,N,41,0.0,0,0,0
M,DC,M,N,44,48.0,0,2740,0
F,OK,M,N,27,33.0,0,2000,0
M,VT,S,N,41,24.0,3300,0,0
M,OK,S,N,6,33.0,1000,0,0
F,NH,S,Y,25,0.0,0,0,0
F,RI,S,Y,34,0.0,0,0,0
F,NE,S,Y,42,36.0,103,0,103
F,CT,S,Y,49,26.0,12750,0,0
M,FL,S,Y,44,0.0,0,0,0
F,TX,S,Y,30,0.0,0,0,0
M,DE,M,Y,16,22.0,0,220,110
F,OH,S,N,16,9.0,1300,0,0
M,FL,M,Y,3,0.0,0,0,0
M,NM,S,Y,46,28.0,3300,0,3300
M,KY,M,N,37,32.0,0,40,0
M,NV,S,Y,25,0.0,0,0,0
M,KS,S,N,26,34.0,2250,0,0
M,MO,M,N,48,32.0,0,4200,0
M,HI,M,Y,45,44.0,0,2080,1040
F,AR,M,Y,0,5.0,0,40,20
F,AR,M,N,2,7.0,0,40,0
M,ND,S,N,3,11.0,3300,0,0
M,OK,S,Y,33,33.0,1000,0,1000
F,NJ,S,Y,48,14.0,1000,0,1500
F,IA,S,N,19,33.0,40,0,0
F,MA,M,N,18,28.0,0,7150,0
F,PR,M,N,45,0.0,0,0,0
M,MN,M,N,15,31.0,0,6600,0
M,OH,M,Y,2,3.0,0,2600,1300
M,CO,M,Y,2,24.0,0,0,0
F,OH,M,N,10,6.0,0,2600,0
F,WA,S,Y,24,0.0,0,0,0
M,UT,M,N,48,37.0,0,4950,0
F,PA,M,N,22,16.0,0,0,0
M,MA,S,Y,43,28.0,3575,0,1000
M,NH,S,N,40,0.0,0,0,0
M,PA,M,N,20,16.0,0,0,0
F,WA,S,Y,26,0.0,0,0,0
F,RI,M,Y,31,0.0,0,0,0
F,DE,M,Y,13,20.0,0,220,110
M,TN,S,Y,28,0.0,0,0,0
M,NC,M,Y,43,40.0,0,6600,3300
M,IN,S,N,31,18.0,1000,0,0
M,WI,S,N,5,24.0,700,0,0
F,WA,S,Y,24,0.0,0,0,0
F,TN,S,N,49,0.0,0,0,0
M,DC,M,Y,47,48.0,0,2740,1370
M,KY,M,N,14,18.0,0,40,0
M,WY,M,N,49,0.0,0,0,0
F,SD,M,N,49,0.0,0,0,0
M,ME,M,N,21,45.0,0,5700,0
M,WY,M,Y,3,0.0,0,0,0
M,CO,S,N,20,24.0,0,0,0
F,KS,S,N,21,34.0,2250,0,0
M,CA,M,Y,27,49.0,0,174,272
F,MN,M,N,41,42.0,0,6600,0
M,AL,M,N,6,26.0,0,3000,0
F,MN,M,N,6,28.0,0,6600,0
F,MO,M,Y,15,32.0,0,4200,1200
F,MT,M,Y,40,37.0,0,3800,1900
M,VT,S,N,21,20.0,3300,0,0
F,NJ,S,N,5,7.0,1000,0,0
M,TX,M,Y,45,0.0,0,0,0
M,SC,S,Y,32,37.0,3300,0,3300
M,IN,M,Y,44,18.0,0,2000,1000
M,MA,M,N,20,28.0,0,7150,0
F,PA,S,N,48,16.0,0,0,0
F,GA,M,N,34,32.0,0,5400,0
M,MO,M,Y,31,32.0,0,4200,1200
M,SD,S,Y,12,0.0,0,0,0
M,ID,S,N,17,41.0,3300,0,0
F,SD,S,Y,13,0.0,0,0,0
M,TN,S,Y,47,0.0,0,0,0
M,WI,S,N,8,25.0,700,0,0
M,KY,M,Y,46,32.0,0,40,20
F,AK,S,N,31,0.0,0,0,0
M,MT,M,Y,21,37.0,0,3800,1900
F,NM,M,Y,30,28.0,0,6600,3300
M,AZ,S,N,23,18.0,2100,0,0
M,IA,M,N,28,48.0,0,80,0
F,NE,M,Y,28,36.0,0,206,103
F,AL,M,Y,45,26.0,0,3000,300
F,DE,M,Y,41,31.0,0,220,110
M,ME,M,N,2,11.0,0,5700,0
M,OR,S,N,16,48.0,159,0,0
M,MS,S,Y,9,26.0,6000,0,1500
F,GA,S,N,12,32.0,2700,0,0
M,MO,M,Y,17,32.0,0,4200,1200
M,AL,S,N,9,26.0,1500,0,0
M,IL,S,N,22,16.0,2000,0,0
M,MA,M,Y,26,28.0,0,7150,1000
M,ME,S,N,45,45.0,2850,0,0
F,MO,S,Y,34,32.0,2100,0,1200
M,NE,M,N,3,17.0,0,206,0
M,DC,M,Y,43,48.0,0,2740,1370
F,WV,M,N,27,33.0,0,4000,0
F,MN,M,Y,13,30.0,0,6600,3300
M,WV,M,N,17,25.0,0,4000,0
M,SC,S,N,0,13.0,3300,0,0
M,TN,S,N,2,0.0,0,0,0
M,MO,M,Y,37,32.0,0,4200,1200
M,PR,S,Y,37,0.0,0,0,0
F,SC,S,Y,47,37.0,3300,0,3300
F,UT,M,N,25,37.0,0,4950,0
M,SC,M,Y,17,37.0,0,6600,3300
F,ME,S,Y,43,45.0,2850,0,2850
F,DE,S,Y,36,31.0,110,0,110
F,NC,S,Y,45,41.0,3300,0,3300
M,NM,M,N,40,28.0,0,6600,0
F,KS,M,Y,42,34.0,0,4500,2250
M,NM,M,Y,32,28.0,0,6600,3300
F,FL,S,N,35,0.0,0,0,0
F,IA,M,Y,44,48.0,0,80,40
F,WY,S,N,1,0.0,0,0,0
M,MS,M,N,20,26.0,0,12000,0
M,KY,M,Y,31,28.0,0,40,20
M,WI,M,N,28,29.0,0,1400,0
M,NY,M,N,23,22.0,0,0,0
M,CA,M,N,39,49.0,0,174,0
F,RI,M,Y,27,0.0,0,0,0
M,KS,S,N,25,34.0,2250,0,0
M,WY,S,Y,47,0.0,0,0,0
M,ID,M,Y,36,41.0,0,6600,3300
M,WI,S,N,6,25.0,700,0,0
F,ME,M,Y,28,45.0,0,5700,2850
F,AZ,S,Y,11,16.0,2100,0,2300
M,ND,M,Y,17,11.0,0,6600,3300
F,WA,M,N,37,0.0,0,0,0
F,NH,M,N,9,0.0,0,0,0
M,MT,S,Y,43,37.0,1900,0,1900
M,MT,M,N,13,37.0,0,3800,0
M,AL,M,Y,39,26.0,0,3000,300
F,KY,S,N,48,32.0,20,0,0
M,AZ,M,Y,20,18.0,0,4200,2300
M,IN,S,N,32,18.0,1000,0,0
M,DC,S,Y,38,48.0,1370,0,1370
F,OK,M,Y,27,33.0,0,2000,1000
F,GA,M,Y,20,32.0,0,5400,3000
M,SD,M,N,23,0.0,0,0,0
M,IN,S,Y,11,18.0,1000,0,1000
F,PA,M,N,49,16.0,0,0,0
F,WY,M,Y,0,0.0,0,0,0
F,WI,M,Y,6,25.0,0,1400,400
M,AL,M,Y,27,26.0,0,3000,300
F,NJ,S,Y,12,7.0,1000,0,1500
M,MS,S,N,14,26.0,6000,0,0
M,KS,S,N,31,34.0,2250,0,0
M,NV,M,N,12,0.0,0,0,0
M,DE,S,Y,19,24.0,110,0,110
F,NC,S,Y,20,35.0,3300,0,3300
F,WY,S,Y,33,0.0,0,0,0
M,CT,M,Y,47,26.0,0,24500,0
F,KS,S,Y,47,34.0,2250,0,2250
M,AR,M,N,30,37.0,0,40,0
F,UT,S,N,27,37.0,2475,0,0
M,MD,S,N,7,25.0,2400,0,0
M,RI,M,Y,13,0.0,0,0,0
F,FL,S,N,21,0.0,0,0,0
M,WA,M,Y,4,0.0,0,0,0
M,CO,M,N,14,24.0,0,0,0
F,ME,S,N,17,45.0,2850,0,0
F,MT,S,Y,18,37.0,1900,0,1900
M,DE,S,Y,4,13.0,110,0,110
F,TX,S,Y,37,0.0,0,0,0
F,DC,M,N,33,48.0,0,2740,0
F,FL,M,N,37,0.0,0,0,0
M,ND,S,N,14,11.0,3300,0,0
M,SC,S,Y,31,37.0,3300,0,3300
M,CA,M,N,5,11.0,0,174,0
F,PR,S,Y,24,0.0,0,0,0
F,MA,M,N,27,28.0,0,7150,0
F,WY,M,N,5,0.0,0,0,0
F,VT,S,Y,18,20.0,3300,0,3300
F,OH,M,Y,8,5.0,0,2600,1300
M,NM,S,Y,43,28.0,3300,0,3300
F,AZ,S,Y,25,18.0,2100,0,2300
M,ND,M,N,7,11.0,0,6600,0
M,TX,S,N,0,0.0,0,0,0
M,MT,S,N,49,37.0,1900,0,0
M,CO,M,N,3,24.0,0,0,0
M,MA,S,Y,16,28.0,3575,0,1000
F,VT,M,Y,17,20.0,0,6600,3300
M,MT,M,Y,10,37.0,0,3800,1900
F,IN,S,N,19,18.0,1000,0,0
F,MD,S,Y,34,25.0,2400,0,2400
F,SD,S,Y,30,0.0,0,0,0
F,TX,S,Y,30,0.0,0,0,0
F,MS,S,Y,47,26.0,6000,0,1500
M,ME,M,Y,12,45.0,0,5700,2850
M,WA,S,Y,21,0.0,0,0,0
F,UT,M,N,28,37.0,0,4950,0
M,ND,M,N,30,13.0,0,6600,0
M,CA,M,Y,42,49.0,0,174,272
M,RI,S,Y,15,0.0,0,0,0
M,IL,S,Y,38,16.0,2000,0,2000
M,TX,M,N,19,0.0,0,0,0
M,IN,M,Y,3,18.0,0,2000,1000
F,OH,S,N,30,14.0,1300,0,0
M,NJ,M,N,44,13.0,0,2000,0
M,WI,M,N,28,29.0,0,1400,0
M,IA,S,N,41,48.0,40,0,0
F,SC,M,N,18,37.0,0,6600,0
M,AL,M,N,39,26.0,0,3000,0
F,IA,S,N,16,29.0,40,0,0
F,ID,S,N,18,41.0,3300,0,0
M,AL,S,N,5,26.0,1500,0,0
M,NE,S,Y,34,36.0,103,0,103
M,KS,S,N,49,34.0,2250,0,0
F,DC,S,N,40,48.0,1370,0,0
F,PA,S,N,33,16.0,0,0,0
F,DE,S,N,24,28.0,110,0,0
F,MN,S,Y,48,42.0,3300,0,3300
F,TX,M,N,40,0.0,0,0,0
M,ND,M,Y,44,14.0,0,6600,3300
F,TX,M,N,21,0.0,0,0,0
F,KS,S,Y,10,24.0,2250,0,2250
F,MO,S,Y,26,32.0,2100,0,1200
M,OR,S,Y,36,48.0,159,0,159
M,RI,S,Y,9,0.0,0,0,0
M,VA,M,Y,49,30.0,0,1800,900
M,WI,S,N,36,30.0,700,0,0
M,IA,M,Y,25,43.0,0,80,40
M,MD,S,Y,10,25.0,2400,0,2400
F,NH,S,Y,0,0.0,0,0,0
M,HI,S,Y,29,44.0,1040,0,1040
F,MS,S,N,15,26.0,6000,0,0
F,FL,S,Y,14,0.0,0,0,0
M,MA,S,Y,10,28.0,3575,0,1000
M,PR,M,Y,46,0.0,0,0,0
M,VT,M,Y,27,22.0,0,6600,3300
F,MA,M,N,13,28.0,0,7150,0
F,MN,S,N,13,30.0,3300,0,0
F,NY,S,Y,8,21.0,0,0,1000
M,OK,S,Y,44,33.0,1000,0,1000
M,ND,M,N,37,14.0,0,6600,0
M,WV,M,Y,22,29.0,0,4000,2000
F,OR,S,N,26,48.0,159,0,0
F,NY,S,Y,16,22.0,0,0,1000
F,VT,S,N,27,21.0,3300,0,0
M,IL,M,N,41,16.0,0,4000,0
M,CA,M,Y,21,49.0,0,174,272
M,AR,M,Y,39,37.0,0,40,20
F,AL,S,Y,25,26.0,1500,0,300
M,WV,S,N,1,16.0,2000,0,0
M,CT,M,Y,22,26.0,0,24500,0
F,MT,M,Y,26,37.0,0,3800,1900
M,AK,M,N,27,0.0,0,0,0
M,RI,S,Y,23,0.0,0,0,0
F,MD,S,N,0,18.0,2400,0,0
M,MI,S,N,9,20.0,3100,0,0
M,CA,M,Y,9,20.0,0,174,272
M,WV,M,N,23,29.0,0,4000,0
F,NE,S,N,44,36.0,103,0,0
M,MI,M,Y,25,20.0,0,6200,3100
M,OK,M,Y,34,33.0,0,2000,1000
F,WI,S,N,29,29.0,700,0,0
M,FL,S,N,22,0.0,0,0,0
F,NE,S,N,4,21.0,103,0,0
F,SD,M,Y,12,0.0,0,0,0
F,MN,S,Y,16,32.0,3300,0,3300
F,MD,S,Y,10,25.0,2400,0,2400
F,OH,M,Y,19,9.0,0,2600,1300
F,MO,S,Y,25,32.0,2100,0,1200
F,SC,S,Y,22,37.0,3300,0,3300
M,UT,M,N,3,37.0,0,4950,0
M,AL,M,N,29,26.0,0,3000,0
M,PA,M,Y,13,16.0,0,0,0
M,OR,M,N,31,48.0,0,318,0
F,CO,S,N,14,24.0,0,0,0
M,OK,S,Y,5,33.0,1000,0,1000
M,LA,M,Y,21,32.0,0,9000,1000
F,TN,S,Y,2,0.0,0,0,0
M,KS,M,Y,17,34.0,0,4500,2250
F,KS,S,N,19,34.0,2250,0,0
F,AL,M,N,21,26.0,0,3000,0
F,PA,S,N,12,16.0,0,0,0
M,DC,M,N,17,48.0,0,2740,0
M,NE,M,Y,20,36.0,0,206,103
F,LA,M,Y,8,20.0,0,9000,1000
F,DC,M,N,49,48.0,0,2740,0
M,PR,M,N,38,0.0,0,0,0
F,OK,S,Y,1,7.0,1000,0,1000
F,LA,S,N,43,32.0,4500,0,0
M,AK,S,N,41,0.0,0,0,0
F,CO,M,N,17,24.0,0,0,0
M,AL,S,Y,45,26.0,1500,0,300
M,KY,M,Y,25,25.0,0,40,20
F,NC,S,N,38,39.0,3300,0,0
F,TN,S,N,28,0.0,0,0,0
M,TN,M,N,1,0.0,0,0,0
M,PA,M,N,44,16.0,0,0,0
F,WI,S,N,43,31.0,700,0,0
M,NV,M,N,14,0.0,0,0,0
M,IA,M,Y,44,48.0,0,80,40
M,PR,S,Y,44,0.0,0,0,0
M,MS,S,Y,46,26.0,6000,0,1500
M,MA,S,Y,14,28.0,3575,0,1000
M,GA,M,Y,45,32.0,0,5400,3000
M,PR,S,Y,25,0.0,0,0,0
M,WV,M,N,19,27.0,0,4000,0
M,TX,S,Y,32,0.0,0,0,0
M,MN,M,Y,19,34.0,0,6600,3300
M,MO,M,Y,42,32.0,0,4200,1200
F,AR,S,Y,11,30.0,20,0,20
F,WA,M,Y,38,0.0,0,0,0
F,SC,M,Y,31,37.0,0,6600,3300
F,KY,M,N,2,11.0,0,40,0
M,WY,M,Y,28,0.0,0,0,0
F,MI,M,N,23,20.0,0,6200,0
F,RI,S,N,39,0.0,0,0,0
M,NJ,M,N,39,12.0,0,2000,0
M,DE,S,Y,37,31.0,110,0,110
F,PR,M,N,31,0.0,0,0,0
M,MI,S,Y,20,20.0,3100,0,3100
M,LA,M,Y,48,32.0,0,9000,1000
F,UT,S,N,11,37.0,2475,0,0
M,OH,M,Y,29,13.0,0,2600,1300
M,ND,S,N,2,11.0,3300,0,0
M,NV,M,Y,1,0.0,0,0,0
F,OK,S,Y,17,33.0,1000,0,1000
F,AZ,M,N,0,15.0,0,4200,0
F,GA,S,N,15,32.0,2700,0,0
M,ME,S,Y,40,45.0,2850,0,2850
F,DE,S,Y,19,24.0,110,0,110
F,CO,M,Y,8,24.0,0,0,0
M,CO,S,Y,46,24.0,0,0,0
F,SD,M,N,25,0.0,0,0,0
M,IN,S,N,12,18.0,1000,0,0
M,NE,M,Y,17,36.0,0,206,103
F,CO,S,Y,11,24.0,0,0,0
M,VT,S,Y,27,22.0,3300,0,3300
M,WY,M,Y,7,0.0,0,0,0
F,DE,M,N,45,31.0,0,220,0
M,NH,S,Y,40,0.0,0,0,0
M,MN,S,Y,41,42.0,3300,0,3300
M,MO,M,N,8,32.0,0,4200,0
M,FL,M,Y,47,0.0,0,0,0
M,NM,S,Y,1,9.0,3300,0,3300
F,KS,S,N,49,34.0,2250,0,0
F,MN,S,N,16,32.0,3300,0,0
M,HI,M,N,49,44.0,0,2080,0
F,MT,S,N,8,37.0,1900,0,0
F,NY,M,N,46,24.0,0,0,0
M,NE,M,N,31,36.0,0,206,0
M,VA,S,Y,25,30.0,900,0,900
F,IL,M,Y,25,16.0,0,4000,2000
F,AK,M,Y,44,0.0,0,0,0
M,AZ,M,Y,37,20.0,0,4200,2300
F,LA,S,N,48,32.0,4500,0,0
F,NY,M,Y,44,24.0,0,0,1000
F,AZ,S,Y,48,22.0,2100,0,2300
F,PA,M,N,10,16.0,0,0,0
F,WY,M,Y,28,0.0,0,0,0
M,MI,M,Y,44,20.0,0,6200,3100
F,IA,S,Y,36,48.0,40,0,40
M,ME,S,N,10,45.0,2850,0,0
M,RI,S,N,10,0.0,0,0,0
F,WI,S,N,11,26.0,700,0,0
M,CA,S,N,31,49.0,87,0,0
M,MI,M,Y,32,20.0,0,6200,3100
F,HI,S,Y,9,24.0,1040,0,1040
F,IN,M,N,11,18.0,0,2000,0
M,NV,S,N,48,0.0,0,0,0
M,WV,M,N,28,34.0,0,4000,0
F,PR,M,N,30,0.0,0,0,0
M,NH,M,Y,26,0.0,0,0,0
M,DE,S,Y,48,31.0,110,0,110
F,MS,M,N,26,26.0,0,12000,0
M,IL,S,Y,29,16.0,2000,0,2000
M,TN,M,N,30,0.0,0,0,0
M,MA,S,Y,43,28.0,3575,0,1000
M,HI,M,N,27,44.0,0,2080,0
F,DC,S,Y,9,35.0,1370,0,1370
F,AZ,M,Y,37,20.0,0,4200,2300
M,NV,M,N,24,0.0,0,0,0
F,AL,S,N,40,26.0,1500,0,0
F,MS,S,Y,3,19.0,6000,0,1500
M,OH,S,Y,26,12.0,1300,0,1300
M,ME,M,Y,42,45.0,0,5700,2850
M,SC,M,N,5,33.0,0,6600,0
F,OH,S,N,19,9.0,1300,0,0
F,WV,S,N,1,16.0,2000,0,0
M,MT,M,N,11,37.0,0,3800,0
F,FL,M,N,43,0.0,0,0,0
M,AZ,M,N,43,21.0,0,4200,0
F,TX,S,N,47,0.0,0,0,0
M,PR,S,Y,6,0.0,0,0,0
F,NM,M,Y,28,28.0,0,6600,3300
F,VA,M,N,0,10.0,0,1800,0
M,MT,S,Y,17,37.0,1900,0,1900
M,MS,M,Y,33,26.0,0,12000,1500
F,CT,S,N,6,26.0,12750,0,0
M,PA,S,N,43,16.0,0,0,0
M,FL,S,Y,31,0.0,0,0,0
F,VT,S,Y,49,26.0,3300,0,3300
M,MS,M,N,15,26.0,0,12000,0
F,ID,S,Y,16,41.0,3300,0,3300
M,TX,M,Y,19,0.0,0,0,0
F,IN,S,N,13,18.0,1000,0,0
M,ME,M,Y,10,45.0,0,5700,2850
F,ND,S,N,3,11.0,3300,0,0
F,WY,M,Y,26,0.0,0,0,0
F,NH,S,N,34,0.0,0,0,0
F,CA,S,N,9,21.0,87,0,0
M,PA,S,Y,34,16.0,0,0,0
M,ME,S,Y,6,34.0,2850,0,2850
M,TN,S,Y,30,0.0,0,0,0
M,NH,M,N,31,0.0,0,0,0
M,AK,S,N,13,0.0,0,0,0
M,NJ,M,Y,21,9.0,0,2000,1500
M,MI,M,Y,14,20.0,0,6200,3100
M,MA,M,Y,48,28.0,0,7150,1000
M,OK,S,N,2,18.0,1000,0,0
F,UT,M,N,16,37.0,0,4950,0
F,MT,M,N,34,37.0,0,3800,0
M,KY,M,N,47,32.0,0,40,0
M,ND,S,Y,3,11.0,3300,0,3300
F,SC,M,N,36,37.0,0,6600,0
F,NY,S,N,6,21.0,0,0,0
M,AK,M,N,16,0.0,0,0,0
F,MO,S,N,10,32.0,2100,0,0
F,OK,S,N,47,33.0,1000,0,0
F,WV,S,Y,31,34.0,2000,0,2000
M,MD,M,N,24,25.0,0,4800,0
F,CO,S,N,36,24.0,0,0,0
M,MT,M,Y,39,37.0,0,3800,1900
M,FL,M,N,3,0.0,0,0,0
M,DE,S,N,44,31.0,110,0,0
F,UT,S,N,18,37.0,2475,0,0
M,AK,M,N,32,0.0,0,0,0
M,CA,M,Y,9,22.0,0,174,272
M,MS,S,Y,30,26.0,6000,0,1500
F,SC,M,N,20,37.0,0,6600,0
M,NV,M,N,28,0.0,0,0,0
M,WA,S,N,37,0.0,0,0,0
M,KS,S,Y,46,34.0,2250,0,2250
M,TN,S,N,7,0.0,0,0,0
M,WV,S,Y,42,34.0,2000,0,2000
M,NE,S,N,31,36.0,103,0,0
M,TX,S,Y,14,0.0,0,0,0
F,GA,S,Y,27,32.0,2700,0,3000
F,FL,M,Y,4,0.0,0,0,0
F,KS,S,N,8,21.0,2250,0,0
F,WA,S,N,33,0.0,0,0,0
F,UT,M,Y,21,37.0,0,4950,2475
M,ND,S,Y,3,11.0,3300,0,3300
M,PR,M,N,43,0.0,0,0,0
F,SD,S,N,0,0.0,0,0,0
M,CT,S,N,3,16.0,12750,0,0
F,AZ,M,N,15,17.0,0,4200,0
M,CT,S,Y,3,16.0,12750,0,0
F,KS,M,Y,25,34.0,0,4500,2250
F,NM,M,Y,42,28.0,0,6600,3300
M,MT,M,N,12,37.0,0,3800,0
F,IA,S,N,0,1.0,40,0,0
F,AZ,S,Y,27,19.0,2100,0,2300
M,MS,S,Y,19,26.0,6000,0,1500
F,NY,M,Y,45,24.0,0,0,1000
F,MS,M,Y,35,26.0,0,12000,1500
M,NE,S,Y,27,36.0,103,0,103
F,MS,M,Y,5,26.0,0,12000,1500
M,NH,S,N,47,0.0,0,0,0
M,DC,S,Y,18,48.0,1370,0,1370
F,MO,S,N,4,32.0,2100,0,0
M,CO,M,Y,46,24.0,0,0,0
M,OH,M,N,35,15.0,0,2600,0
M,NC,S,N,1,32.0,3300,0,0
M,TX,S,Y,27,0.0,0,0,0
M,AZ,M,Y,0,15.0,0,4200,2300
F,NE,S,Y,37,36.0,103,0,103
F,DE,M,Y,6,14.0,0,220,110
M,WI,S,N,42,31.0,700,0,0
M,DE,S,Y,22,26.0,110,0,110
M,ID,M,Y,21,41.0,0,6600,3300
F,WV,S,Y,48,34.0,2000,0,2000
F,ME,S,N,19,45.0,2850,0,0
F,AK,S,N,45,0.0,0,0,0
M,IL,M,N,10,16.0,0,4000,0
F,PR,M,N,7,0.0,0,0,0
F,TN,M,Y,31,0.0,0,0,0
F,WV,M,N,19,27.0,0,4000,0
F,SD,M,Y,37,0.0,0,0,0
M,WY,M,N,21,0.0,0,0,0
M,RI,M,N,36,0.0,0,0,0
M,NC,S,Y,3,32.0,3300,0,3300
M,OH,M,Y,37,16.0,0,2600,1300
M,VA,M,Y,49,30.0,0,1800,900
F,AR,M,Y,22,37.0,0,40,20
F,MA,S,Y,34,28.0,3575,0,1000
M,CT,M,N,19,26.0,0,24500,0
F,WV,M,Y,9,19.0,0,4000,2000
M,DE,M,N,24,28.0,0,220,0
M,WV,M,N,21,28.0,0,4000,0
M,NE,S,N,28,36.0,103,0,0
F,MN,M,Y,5,28.0,0,6600,3300
M,AK,S,N,27,0.0,0,0,0
F,ND,S,Y,25,12.0,3300,0,3300
M,UT,M,Y,15,37.0,0,4950,2475
M,MS,M,Y,8,26.0,0,12000,1500
F,MO,M,N,20,32.0,0,4200,0
M,VA,M,N,28,30.0,0,1800,0
F,GA,M,Y,9,32.0,0,5400,3000
F,ME,S,N,49,45.0,2850,0,0
M,DE,S,Y,29,31.0,110,0,110
M,KY,M,Y,42,32.0,0,40,20
F,MO,S,N,46,32.0,2100,0,0
M,NE,M,N,19,36.0,0,206,0
F,KY,M,Y,22,23.0,0,40,20
M,NH,S,Y,43,0.0,0,0,0
M,MO,S,N,34,32.0,2100,0,0
F,DC,M,Y,29,48.0,0,2740,1370
F,NC,S,Y,29,37.0,3300,0,3300
M,NH,M,N,12,0.0,0,0,0
M,WY,S,N,45,0.0,0,0,0
F,GA,M,Y,11,32.0,0,5400,3000
F,MT,S,Y,19,37.0,1900,0,1900
F,CO,M,N,37,24.0,0,0,0
F,MS,S,Y,15,26.0,6000,0,1500
F,AZ,M,N,6,15.0,0,4200,0
F,NJ,M,Y,47,13.0,0,2000,1500
F,IA,S,N,4,8.0,40,0,0
M,ND,S,N,35,13.0,3300,0,0
F,MN,M,N,17,32.0,0,6600,0
M,VA,S,Y,2,14.0,900,0,900
M,VT,M,Y,31,22.0,0,6600,3300
M,NV,S,Y,44,0.0,0,0,0
F,MI,S,N,41,20.0,3100,0,0
F,MT,M,N,41,37.0,0,3800,0
F,WI,S,N,15,26.0,700,0,0
M,AR,M,Y,25,37.0,0,40,20
F,IL,M,N,38,16.0,0,4000,0
M,PA,S,N,20,16.0,0,0,0
M,MT,M,N,34,37.0,0,3800,0
F,NC,S,Y,30,37.0,3300,0,3300
F,IN,S,Y,29,18.0,1000,0,1000
M,AZ,M,N,21,18.0,0,4200,0
M,NC,M,N,33,38.0,0,6600,0
F,NH,S,Y,13,0.0,0,0,0
M,ME,M,N,45,45.0,0,5700,0
F,MS,S,N,19,26.0,6000,0,0
M,VA,M,N,43,30.0,0,1800,0
F,OR,S,N,46,48.0,159,0,0
F,MI,M,N,41,20.0,0,6200,0
F,MA,S,N,8,28.0,3575,0,0
F,WI,M,Y,5,25.0,0,1400,400
F,AL,M,N,31,26.0,0,3000,0
F,MA,S,Y,39,28.0,3575,0,1000
M,KS,S,N,18,34.0,2250,0,0
M,NV,S,Y,1,0.0,0,0,0
M,WI,S,Y,23,28.0,700,0,400
F,NM,S,N,38,28.0,3300,0,0
F,SC,M,Y,39,37.0,0,6600,3300
M,NJ,M,N,44,13.0,0,2000,0
M,NY,S,N,28,23.0,0,0,0
M,MD,M,Y,7,25.0,0,4800,2400
F,NY,S,N,43,23.0,0,0,0
F,CA,S,N,42,49.0,87,0,0
M,IL,S,Y,3,16.0,2000,0,2000
M,MI,M,Y,5,20.0,0,6200,3100
F,NH,M,N,17,0.0,0,0,0
F,CA,S,Y,24,49.0,87,0,272
F,UT,S,Y,10,37.0,2475,0,2475
M,ND,S,N,45,15.0,3300,0,0
M,WI,S,N,20,27.0,700,0,0
F,AR,S,Y,36,37.0,20,0,20
F,ID,M,N,43,41.0,0,6600,0
F,ME,M,Y,12,45.0,0,5700,2850
M,KY,M,Y,25,25.0,0,40,20
M,SC,M,N,37,37.0,0,6600,0
F,TN,S,Y,7,0.0,0,0,0
M,SC,S,Y,28,37.0,3300,0,3300
F,SD,S,Y,32,0.0,0,0,0
M,GA,M,Y,13,32.0,0,5400,3000
F,MI,S,Y,23,20.0,3100,0,3100
M,WY,M,N,48,0.0,0,0,0
M,DC,S,N,26,48.0,1370,0,0
M,MN,S,N,41,42.0,3300,0,0
F,UT,M,N,2,37.0,0,4950,0
M,TX,S,N,27,0.0,0,0,0
M,PR,S,N,39,0.0,0,0,0
F,SD,M,Y,3,0.0,0,0,0
F,AR,M,Y,13,36.0,0,40,20
F,UT,M,Y,45,37.0,0,4950,2475
F,NY,S,N,45,24.0,0,0,0
M,NE,S,Y,29,36.0,103,0,103
M,SD,M,N,49,0.0,0,0,0
M,DC,S,Y,24,48.0,1370,0,1370
M,NC,M,Y,43,40.0,0,6600,3300
F,CA,M,Y,23,49.0,0,174,272
M,NE,M,N,37,36.0,0,206,0
F,MO,M,Y,2,21.0,0,4200,1200
M,SC,M,N,48,37.0,0,6600,0
M,SC,S,Y,46,37.0,3300,0,3300
F,LA,M,N,21,32.0,0,9000,0
M,AZ,S,N,9,16.0,2100,0,0
F,FL,S,N,20,0.0,0,0,0
M,NH,S,Y,28,0.0,0,0,0
M,CA,M,Y,3,6.0,0,174,272
F,AZ,M,Y,21,18.0,0,4200,2300
F,NE,M,N,41,36.0,0,206,0
M,KS,S,N,11,26.0,2250,0,0
M,GA,M,N,8,32.0,0,5400,0
M,OK,M,N,24,33.0,0,2000,0
F,NC,M,N,24,36.0,0,6600,0
F,AR,S,N,21,37.0,20,0,0
M,WY,S,N,30,0.0,0,0,0
F,CT,S,N,9,26.0,12750,0,0
M,TN,M,Y,4,0.0,0,0,0
F,MN,S,Y,22,35.0,3300,0,3300
F,TX,S,Y,33,0.0,0,0,0
M,NJ,S,Y,49,14.0,1000,0,1500
F,OK,S,N,49,33.0,1000,0,0
M,IA,M,Y,32,48.0,0,80,40
F,CO,M,Y,43,24.0,0,0,0
F,NE,S,N,43,36.0,103,0,0
M,SC,S,Y,19,37.0,3300,0,3300
M,ID,S,Y,32,41.0,3300,0,3300
F,WY,S,Y,21,0.0,0,0,0
F,AK,S,Y,3,0.0,0,0,0
M,CT,S,Y,44,26.0,12750,0,0
F,WI,S,N,2,24.0,700,0,0
M,NC,S,Y,2,32.0,3300,0,3300
F,GA,S,Y,42,32.0,2700,0,3000
F,VA,M,Y,11,30.0,0,1800,900
F,AR,M,Y,8,24.0,0,40,20
F,TN,S,Y,33,0.0,0,0,0
F,KS,S,Y,4,18.0,2250,0,2250
M,CO,S,Y,1,24.0,0,0,0
M,IA,M,N,46,48.0,0,80,0
M,IL,S,N,40,16.0,2000,0,0
F,NV,S,N,20,0.0,0,0,0
M,IA,M,N,15,27.0,0,80,0
F,SC,M,N,18,37.0,0,6600,0
F,GA,M,N,35,32.0,0,5400,0
F,CA,M,N,37,49.0,0,174,0
F,ME,S,Y,42,45.0,2850,0,2850
F,MS,S,Y,38,26.0,6000,0,1500
F,TX,S,Y,25,0.0,0,0,0
M,NV,M,N,4,0.0,0,0,0
M,MA,M,Y,24,28.0,0,7150,1000
M,HI,M,N,31,44.0,0,2080,0
F,GA,M,Y,7,32.0,0,5400,3000
M,NV,M,N,16,0.0,0,0,0
F,NC,S,Y,41,40.0,3300,0,3300
M,MT,M,Y,26,37.0,0,3800,1900
F,NC,S,Y,25,36.0,3300,0,3300
F,WV,S,N,2,16.0,2000,0,0
M,NM,M,Y,14,28.0,0,6600,3300
F,DC,M,Y,39,48.0,0,2740,1370
F,AZ,S,N,38,21.0,2100,0,0
M,VT,S,N,49,26.0,3300,0,0
F,WV,M,Y,33,34.0,0,4000,2000
M,NJ,M,Y,37,12.0,0,2000,1500
F,WV,M,N,14,23.0,0,4000,0
F,MT,S,Y,39,37.0,1900,0,1900
M,OR,M,Y,23,48.0,0,318,159
M,PA,M,N,21,16.0,0,0,0
F,NE,S,Y,36,36.0,103,0,103
M,MS,M,Y,3,20.0,0,12000,1500
M,LA,S,Y,34,32.0,4500,0,1000
M,TX,M,Y,8,0.0,0,0,0
F,WY,M,Y,24,0.0,0,0,0
F,GA,S,Y,32,32.0,2700,0,3000
F,CA,S,N,33,49.0,87,0,0
M,WV,S,N,37,34.0,2000,0,0
M,KY,S,Y,9,15.0,20,0,20
F,MT,M,Y,15,37.0,0,3800,1900
F,CT,S,Y,26,26.0,12750,0,0
M,RI,M,Y,37,0.0,0,0,0
F,KY,S,N,37,32.0,20,0,0
M,WY,M,Y,46,0.0,0,0,0
F,OH,S,N,4,4.0,1300,0,0
M,KY,S,N,33,29.0,20,0,0
M,IL,M,N,1,16.0,0,4000,0
F,MS,M,Y,31,26.0,0,12000,1500
M,OK,S,N,32,33.0,1000,0,0
F,PA,S,N,33,16.0,0,0,0
F,MA,M,N,13,28.0,0,7150,0
M,WY,S,N,9,0.0,0,0,0
F,RI,S,Y,10,0.0,0,0,0
F,WA,M,Y,20,0.0,0,0,0
M,IN,M,Y,7,18.0,0,2000,1000
F,DC,M,Y,34,48.0,0,2740,1370
F,NE,S,Y,48,36.0,103,0,103
F,WA,M,N,31,0.0,0,0,0
M,WY,S,N,4,0.0,0,0,0
F,NJ,S,N,9,7.0,1000,0,0
F,IN,M,Y,42,18.0,0,2000,1000
M,MN,S,Y,9,28.0,3300,0,3300
F,MS,S,Y,14,26.0,6000,0,1500
M,OK,S,Y,13,33.0,1000,0,1000
F,OK,S,N,37,33.0,1000,0,0
F,MD,S,Y,17,25.0,2400,0,2400
F,IL,S,Y,32,16.0,2000,0,2000
F,VT,S,Y,20,20.0,3300,0,3300
M,SC,M,N,11,37.0,0,6600,0
M,WA,S,N,12,0.0,0,0,0
F,KY,S,N,18,20.0,20,0,0
M,RI,S,Y,37,0.0,0,0,0
F,VA,M,N,48,30.0,0,1800,0
F,MS,M,N,23,26.0,0,12000,0
M,MN,S,Y,41,42.0,3300,0,3300
F,KS,M,Y,2,18.0,0,4500,2250
F,TN,M,Y,18,0.0,0,0,0
F,IN,M,Y,21,18.0,0,2000,1000
F,ME,M,Y,46,45.0,0,5700,2850
M,MA,M,Y,49,28.0,0,7150,1000
M,NE,M,N,37,36.0,0,206,0
F,OR,S,N,34,48.0,159,0,0
F,LA,S,Y,4,10.0,4500,0,1000
F,AL,M,Y,36,26.0,0,3000,300
F,HI,M,N,24,44.0,0,2080,0
F,IN,S,N,39,18.0,1000,0,0
F,CO,M,Y,0,24.0,0,0,0
F,ID,S,Y,0,9.0,3300,0,3300
F,FL,M,N,15,0.0,0,0,0
F,NC,M,N,16,34.0,0,6600,0
F,NE,S,N,8,27.0,103,0,0
M,GA,M,N,29,32.0,0,5400,0
F,AR,M,Y,19,37.0,0,40,20
M,PA,S,N,7,16.0,0,0,0
M,WV,M,Y,17,25.0,0,4000,2000
M,MS,M,Y,41,26.0,0,12000,1500
M,NE,M,Y,6,24.0,0,206,103
M,SC,S,N,30,37.0,3300,0,0
M,NC,M,N,4,32.0,0,6600,0
M,MS,S,Y,10,26.0,6000,0,1500
F,MD,S,Y,2,25.0,2400,0,2400
F,MI,S,N,35,20.0,3100,0,0
F,MI,M,N,33,20.0,0,6200,0
M,OH,S,N,1,3.0,1300,0,0
F,AR,S,N,3,11.0,20,0,0
M,AK,S,Y,13,0.0,0,0,0
F,PA,M,N,21,16.0,0,0,0
M,IL,M,Y,18,16.0,0,4000,2000
M,WY,M,Y,41,0.0,0,0,0
F,MO,S,N,36,32.0,2100,0,0
M,ME,S,N,20,45.0,2850,0,0
F,WA,M,Y,30,0.0,0,0,0
M,PR,S,N,15,0.0,0,0,0
M,WA,M,Y,7,0.0,0,0,0
F,VA,M,N,26,30.0,0,1800,0
F,IN,S,Y,19,18.0,1000,0,1000
M,MS,S,Y,21,26.0,6000,0,1500
F,NM,S,Y,17,28.0,3300,0,3300
M,NJ,M,Y,44,13.0,0,2000,1500
M,ID,S,N,15,41.0,3300,0,0
F,ID,M,Y,3,16.0,0,6600,3300
F,IL,M,N,14,16.0,0,4000,0
F,OH,M,N,23,11.0,0,2600,0
F,NH,M,N,3,0.0,0,0,0
M,AK,M,Y,18,0.0,0,0,0
F,AL,M,Y,28,26.0,0,3000,300
F,DE,M,N,35,31.0,0,220,0
M,OK,S,N,9,33.0,1000,0,0
F,DE,S,Y,43,31.0,110,0,110
M,SC,S,Y,30,37.0,3300,0,3300
M,NY,S,N,4,21.0,0,0,0
F,MT,S,Y,19,37.0,1900,0,1900
M,AZ,S,Y,32,20.0,2100,0,2300
M,AR,M,Y,41,37.0,0,40,20
M,LA,S,Y,7,15.0,4500,0,1000
M,ND,S,Y,30,13.0,3300,0,3300
F,SC,S,Y,22,37.0,3300,0,3300
M,ND,M,Y,10,11.0,0,6600,3300
M,PR,M,N,11,0.0,0,0,0
F,CO,S,Y,25,24.0,0,0,0
M,AZ,S,N,14,17.0,2100,0,0
M,MS,S,N,35,26.0,6000,0,0
F,MS,M,N,24,26.0,0,12000,0
M,NC,S,Y,45,41.0,3300,0,3300
F,ND,M,N,41,14.0,0,6600,0
M,MT,M,Y,38,37.0,0,3800,1900
F,VT,S,N,35,23.0,3300,0,0
F,VT,M,N,12,19.0,0,6600,0
M,ME,M,N,46,45.0,0,5700,0
M,NJ,M,N,21,9.0,0,2000,0
F,MO,M,N,31,32.0,0,4200,0
F,NE,S,Y,5,22.0,103,0,103
M,LA,S,Y,20,32.0,4500,0,1000
F,NJ,S,Y,48,14.0,1000,0,1500
M,IA,S,Y,3,6.0,40,0,40
M,SC,S,Y,30,37.0,3300,0,3300
M,IA,S,N,5,10.0,40,0,0
M,UT,S,N,40,37.0,2475,0,0
F,PA,S,N,47,16.0,0,0,0
F,CA,M,Y,14,34.0,0,174,272
M,MS,S,Y,25,26.0,6000,0,1500
F,LA,S,N,28,32.0,4500,0,0
M,CO,M,N,5,24.0,0,0,0
F,ID,M,Y,25,41.0,0,6600,3300
M,RI,S,N,36,0.0,0,0,0
M,DC,S,N,36,48.0,1370,0,0
M,SD,M,N,26,0.0,0,0,0
M,IN,S,Y,1,18.0,1000,0,1000
F,NJ,M,N,15,8.0,0,2000,0
F,ND,M,Y,23,12.0,0,6600,3300
F,CA,S,Y,32,49.0,87,0,272
F,MN,S,N,7,28.0,3300,0,0
F,WY,S,N,3,0.0,0,0,0
M,WY,S,N,42,0.0,0,0,0
M,MO,M,Y,48,32.0,0,4200,1200
F,SD,S,Y,32,0.0,0,0,0
F,VA,M,N,44,30.0,0,1800,0
M,RI,M,N,24,0.0,0,0,0
M,IL,M,N,15,16.0,0,4000,0
M,VA,S,Y,39,30.0,900,0,900
M,WY,S,Y,44,0.0,0,0,0
M,AL,M,N,49,26.0,0,3000,0
M,SC,M,N,28,37.0,0,6600,0
F,MO,M,Y,21,32.0,0,4200,1200
F,MT,M,Y,30,37.0,0,3800,1900
F,AK,M,Y,46,0.0,0,0,0
M,OH,S,N,27,12.0,1300,0,0
M,SD,S,N,46,0.0,0,0,0
M,MD,M,N,14,25.0,0,4800,0
M,AK,M,N,33,0.0,0,0,0
M,NV,M,Y,25,0.0,0,0,0
F,RI,S,Y,11,0.0,0,0,0
M,TN,S,N,20,0.0,0,0,0
M,PR,S,N,35,0.0,0,0,0
F,OR,S,N,3,48.0,159,0,0
M,OK,S,Y,27,33.0,1000,0,1000
M,KS,S,N,7,19.0,2250,0,0
F,NH,M,Y,16,0.0,0,0,0
F,OH,M,N,22,10.0,0,2600,0
F,KY,M,N,7,14.0,0,40,0
F,NC,S,N,48,41.0,3300,0,0
M,AR,S,Y,34,37.0,20,0,20
F,IN,S,N,37,18.0,1000,0,0
M,WI,M,Y,26,28.0,0,1400,400
M,PA,S,Y,14,16.0,0,0,0
M,NC,M,Y,0,32.0,0,6600,3300
M,CT,S,Y,8,26.0,12750,0,0
M,VT,S,N,43,25.0,3300,0,0
F,KS,S,Y,40,34.0,2250,0,2250
F,NV,M,Y,36,0.0,0,0,0
F,IN,M,N,35,18.0,0,2000,0
F,OK,S,Y,26,33.0,1000,0,1000
F,FL,S,Y,2,0.0,0,0,0
F,CO,S,N,43,24.0,0,0,0
M,VA,S,Y,10,30.0,900,0,900
M,MD,M,N,19,25.0,0,4800,0
F,OH,M,Y,14,8.0,0,2600,1300
M,AK,M,Y,20,0.0,0,0,0
M,MT,S,N,1,8.0,1900,0,0
M,NH,S,Y,29,0.0,0,0,0
M,ME,S,N,41,45.0,2850,0,0
M,DE,S,N,3,12.0,110,0,0
F,MO,M,N,11,32.0,0,4200,0
F,CA,S,N,20,49.0,87,0,0
M,NJ,M,N,47,13.0,0,2000,0
F,ME,M,Y,20,45.0,0,5700,2850
F,DC,S,Y,3,24.0,1370,0,1370
M,NY,M,Y,9,21.0,0,0,1000
F,LA,S,N,36,32.0,4500,0,0
M,PA,M,N,21,16.0,0,0,0
M,ME,M,Y,41,45.0,0,5700,2850
M,OR,S,Y,41,48.0,159,0,159
M,KY,S,Y,22,23.0,20,0,20
F,NC,S,N,38,39.0,3300,0,0
M,WV,M,Y,24,30.0,0,4000,2000
F,NC,S,Y,31,37.0,3300,0,3300
F,MD,S,N,33,25.0,2400,0,0
M,GA,S,N,26,32.0,2700,0,0
M,IN,S,N,23,18.0,1000,0,0
M,FL,S,Y,22,0.0,0,0,0
F,ID,M,Y,11,41.0,0,6600,3300
M,CO,M,Y,19,24.0,0,0,0
M,PA,M,Y,35,16.0,0,0,0
M,KS,S,N,29,34.0,2250,0,0
M,WY,M,Y,3,0.0,0,0,0
F,CT,S,N,6,26.0,12750,0,0
M,RI,M,N,14,0.0,0,0,0
M,SD,M,Y,33,0.0,0,0,0
F,WY,S,N,23,0.0,0,0,0
M,AL,S,Y,43,26.0,1500,0,300
F,MT,S,Y,40,37.0,1900,0,1900
M,NH,M,Y,14,0.0,0,0,0
M,VA,M,N,27,30.0,0,1800,0
F,DE,M,Y,14,20.0,0,220,110
F,PR,S,N,41,0.0,0,0,0
M,TX,S,Y,23,0.0,0,0,0
F,NM,M,N,0,9.0,0,6600,0
F,WA,S,N,28,0.0,0,0,0
M,MD,M,Y,28,25.0,0,4800,2400
M,MI,S,Y,30,20.0,3100,0,3100
M,HI,M,N,23,44.0,0,2080,0
M,NC,M,N,35,38.0,0,6600,0
F,ME,M,Y,47,45.0,0,5700,2850
F,MS,S,Y,43,26.0,6000,0,1500
F,IL,S,N,6,16.0,2000,0,0
F,AK,S,N,1,0.0,0,0,0
M,KY,S,N,32,29.0,20,0,0
F,HI,S,Y,36,44.0,1040,0,1040
M,NH,S,N,25,0.0,0,0,0
M,WA,S,N,32,0.0,0,0,0
F,CO,S,Y,5,24.0,0,0,0
M,NH,M,Y,23,0.0,0,0,0
M,MI,M,N,35,20.0,0,6200,0
M,NJ,M,Y,23,9.0,0,2000,1500
F,MT,S,N,38,37.0,1900,0,0
F,SC,S,N,23,37.0,3300,0,0
M,MN,S,Y,17,32.0,3300,0,3300
M,GA,S,Y,32,32.0,2700,0,3000
M,SD,S,Y,12,0.0,0,0,0
F,ND,S,Y,38,14.0,3300,0,3300
F,SC,S,N,4,27.0,3300,0,0
F,VA,M,N,10,30.0,0,1800,0
M,PR,S,N,33,0.0,0,0,0
M,OK,S,N,27,33.0,1000,0,0
M,IA,S,N,16,28.0,40,0,0
M,IL,S,Y,47,16.0,2000,0,2000
M,MA,M,N,25,28.0,0,7150,0
F,IL,M,N,8,16.0,0,4000,0
M,FL,M,N,28,0.0,0,0,0
F,TN,S,Y,29,0.0,0,0,0
M,TX,M,Y,31,0.0,0,0,0
F,DE,M,N,46,31.0,0,220,0
F,MD,S,N,42,25.0,2400,0,0
F,NH,S,Y,2,0.0,0,0,0
M,MN,S,Y,49,42.0,3300,0,3300
F,NJ,S,Y,42,13.0,1000,0,1500
M,CA,S,N,31,49.0,87,0,0
F,NJ,S,N,46,13.0,1000,0,0
M,VA,M,N,32,30.0,0,1800,0
M,NY,S,N,1,21.0,0,0,0
F,SC,S,N,33,37.0,3300,0,0
M,MD,M,N,5,25.0,0,4800,0
F,NE,M,Y,13,36.0,0,206,103
F,OH,S,N,49,20.0,1300,0,0
F,MD,M,Y,29,25.0,0,4800,2400
F,SC,M,N,11,37.0,0,6600,0
F,MA,M,N,7,28.0,0,7150,0
M,DE,S,N,42,31.0,110,0,0
F,CO,S,N,9,24.0,0,0,0
M,WY,S,Y,22,0.0,0,0,0
M,MA,M,Y,27,28.0,0,7150,1000
M,GA,S,Y,0,6.0,2700,0,3000
M,DC,M,Y,10,38.0,0,2740,1370
M,ID,M,N,17,41.0,0,6600,0
F,VA,S,N,5,22.0,900,0,0
M,ME,M,N,35,45.0,0,5700,0
F,VA,M,Y,20,30.0,0,1800,900
F,AL,M,Y,28,26.0,0,3000,300
M,IA,S,N,16,29.0,40,0,0
F,OK,M,Y,24,33.0,0,2000,1000
M,NJ,M,Y,38,12.0,0,2000,1500
F,CO,S,N,0,24.0,0,0,0
F,IL,S,Y,29,16.0,2000,0,2000
M,WA,M,N,6,0.0,0,0,0
F,PA,S,N,29,16.0,0,0,0
M,AK,S,Y,44,0.0,0,0,0
M,ME,S,Y,45,45.0,2850,0,2850
F,NH,M,N,21,0.0,0,0,0
M,MD,M,Y,37,25.0,0,4800,2400
F,RI,S,N,36,0.0,0,0,0
M,CA,S,Y,23,49.0,87,0,272
M,PR,S,Y,19,0.0,0,0,0
M,VA,M,Y,38,30.0,0,1800,900
M,GA,S,Y,9,32.0,2700,0,3000
M,IL,S,Y,41,16.0,2000,0,2000
M,VA,S,Y,9,30.0,900,0,900
M,DE,M,Y,26,29.0,0,220,110
M,DC,M,N,44,48.0,0,2740,0
F,NC,S,N,18,35.0,3300,0,0
M,TX,M,Y,28,0.0,0,0,0
M,AZ,M,N,44,22.0,0,4200,0
F,IL,S,Y,5,16.0,2000,0,2000
F,IN,M,N,25,18.0,0,2000,0
M,WA,S,N,39,0.0,0,0,0
F,DC,S,N,26,48.0,1370,0,0
M,CA,M,Y,32,49.0,0,174,272
F,DE,S,N,14,20.0,110,0,0
F,KS,M,N,12,29.0,0,4500,0
F,KS,M,N,19,34.0,0,4500,0
M,SD,M,Y,40,0.0,0,0,0
F,AL,M,N,3,26.0,0,3000,0
M,TX,S,Y,27,0.0,0,0,0
F,CT,M,N,11,26.0,0,24500,0
F,DE,M,N,21,25.0,0,220,0
F,DE,M,N,24,28.0,0,220,0
F,AL,M,Y,44,26.0,0,3000,300
M,WV,M,N,17,25.0,0,4000,0
M,DC,M,Y,38,48.0,0,2740,1370
F,MT,M,Y,44,37.0,0,3800,1900
F,NV,M,N,45,0.0,0,0,0
F,MN,M,N,20,34.0,0,6600,0
F,TX,S,N,24,0.0,0,0,0
M,KY,S,Y,28,27.0,20,0,20
F,WI,M,Y,32,30.0,0,1400,400
M,OR,M,Y,13,48.0,0,318,159
M,ID,S,N,40,41.0,3300,0,0
M,IL,S,Y,47,16.0,2000,0,2000
F,CO,M,N,4,24.0,0,0,0
F,NH,S,N,32,0.0,0,0,0
M,OK,M,Y,34,33.0,0,2000,1000
F,AZ,S,Y,18,17.0,2100,0,2300
F,WV,M,N,32,34.0,0,4000,0
M,SD,S,Y,17,0.0,0,0,0
M,WI,M,N,21,27.0,0,1400,0
M,TN,S,Y,7,0.0,0,0,0
M,TX,S,Y,42,0.0,0,0,0
M,RI,M,Y,0,0.0,0,0,0
M,NY,M,N,11,21.0,0,0,0
F,MA,S,Y,19,28.0,3575,0,1000
F,VA,M,N,7,28.0,0,1800,0
F,UT,M,N,23,37.0,0,4950,0
F,MN,S,Y,30,40.0,3300,0,3300
M,RI,M,Y,13,0.0,0,0,0
M,KY,S,N,10,16.0,20,0,0
F,SD,S,N,42,0.0,0,0,0
M,MD,M,N,12,25.0,0,4800,0
M,GA,S,Y,12,32.0,2700,0,3000
M,TX,S,Y,19,0.0,0,0,0
F,MO,M,Y,9,32.0,0,4200,1200
M,WV,M,N,36,34.0,0,4000,0
M,AR,S,Y,19,37.0,20,0,20
F,ME,S,N,25,45.0,2850,0,0
F,CA,M,N,47,49.0,0,174,0
M,CA,S,N,49,49.0,87,0,0
F,CA,M,Y,29,49.0,0,174,272
M,IL,S,Y,9,16.0,2000,0,2000
F,OR,M,N,35,48.0,0,318,0
F,UT,M,Y,43,37.0,0,4950,2475
F,CT,S,Y,34,26.0,12750,0,0
M,NH,S,N,24,0.0,0,0,0
M,NM,M,Y,36,28.0,0,6600,3300
F,WY,M,Y,3,0.0,0,0,0
M,MI,M,Y,39,20.0,0,6200,3100
F,ND,S,Y,48,15.0,3300,0,3300
F,NH,M,Y,19,0.0,0,0,0
F,OH,S,Y,13,7.0,1300,0,1300
F,IN,S,N,29,18.0,1000,0,0
F,ND,S,N,34,13.0,3300,0,0
F,PR,S,N,20,0.0,0,0,0
M,PA,M,N,22,16.0,0,0,0
F,KY,S,Y,45,32.0,20,0,20
F,MI,M,Y,41,20.0,0,6200,3100
F,ID,M,Y,34,41.0,0,6600,3300
M,SC,S,Y,3,25.0,3300,0,3300
M,WI,S,Y,39,31.0,700,0,400
M,SD,M,Y,33,0.0,0,0,0
M,CA,M,N,5,11.0,0,174,0
F,KS,S,Y,14,33.0,2250,0,2250
F,PR,S,N,13,0.0,0,0,0
F,SD,S,Y,16,0.0,0,0,0
F,MI,S,N,34,20.0,3100,0,0
F,TX,S,Y,15,0.0,0,0,0
F,CO,S,N,33,24.0,0,0,0
M,KS,S,Y,21,34.0,2250,0,2250
M,DC,M,Y,42,48.0,0,2740,1370
M,NV,S,Y,29,0.0,0,0,0
F,SD,S,N,19,0.0,0,0,0
F,ID,S,N,39,41.0,3300,0,0
M,TN,S,N,4,0.0,0,0,0
M,TX,S,N,18,0.0,0,0,0
F,MD,S,N,38,25.0,2400,0,0
M,LA,M,N,9,22.0,0,9000,0
F,HI,S,N,19,43.0,1040,0,0
M,MN,S,Y,18,33.0,3300,0,3300
M,VA,M,N,37,30.0,0,1800,0
M,DC,S,Y,24,48.0,1370,0,1370
M,OK,S,N,38,33.0,1000,0,0
M,IN,M,N,5,18.0,0,2000,0
F,WY,M,N,15,0.0,0,0,0
M,IA,S,N,9,17.0,40,0,0
M,LA,M,Y,19,32.0,0,9000,1000
F,NM,M,N,3,12.0,0,6600,0
F,WY,M,Y,8,0.0,0,0,0
M,CO,M,Y,37,24.0,0,0,0
F,CA,M,Y,43,49.0,0,174,272
M,IL,S,N,33,16.0,2000,0,0
M,NC,S,N,41,40.0,3300,0,0
F,AL,S,Y,40,26.0,1500,0,300
M,ID,M,Y,11,41.0,0,6600,3300
M,AL,S,N,47,26.0,1500,0,0
F,AL,M,N,14,26.0,0,3000,0
F,SC,M,N,36,37.0,0,6600,0
M,NC,S,Y,12,33.0,3300,0,3300
M,KS,M,Y,3,18.0,0,4500,2250
M,UT,S,N,24,37.0,2475,0,0
F,MT,S,Y,11,37.0,1900,0,1900
F,PR,S,Y,1,0.0,0,0,0
F,AK,M,Y,5,0.0,0,0,0
M,VT,S,Y,11,19.0,3300,0,3300
M,MN,M,N,20,34.0,0,6600,0
F,AL,M,N,32,26.0,0,3000,0
F,CO,M,Y,39,24.0,0,0,0
M,KS,M,Y,26,34.0,0,4500,2250
M,NM,M,N,9,28.0,0,6600,0
M,NH,S,Y,42,0.0,0,0,0
M,WA,S,N,20,0.0,0,0,0
M,OH,M,N,6,5.0,0,2600,0
F,LA,M,Y,6,10.0,0,9000,1000
F,SC,M,Y,36,37.0,0,6600,3300
M,NJ,S,N,4,7.0,1000,0,0
F,SD,M,Y,14,0.0,0,0,0
F,LA,S,N,16,32.0,4500,0,0
F,AR,M,Y,19,37.0,0,40,20
F,RI,S,N,18,0.0,0,0,0
F,TX,M,N,33,0.0,0,0,0
M,MD,M,Y,37,25.0,0,4800,2400
F,OK,S,Y,4,30.0,1000,0,1000
M,CT,S,N,21,26.0,12750,0,0
M,AZ,S,Y,6,15.0,2100,0,2300
M,TX,S,N,5,0.0,0,0,0
F,MD,S,N,1,25.0,2400,0,0
F,NY,S,Y,16,22.0,0,0,1000
M,MO,S,Y,28,32.0,2100,0,1200
M,NV,S,N,9,0.0,0,0,0
M,MO,M,Y,48,32.0,0,4200,1200
M,WV,S,N,16,24.0,2000,0,0
M,MN,S,N,15,31.0,3300,0,0
F,AL,S,Y,40,26.0,1500,0,300
M,WV,S,N,40,34.0,2000,0,0
F,GA,S,N,32,32.0,2700,0,0
F,NY,S,N,47,24.0,0,0,0
F,TN,S,Y,49,0.0,0,0,0
F,MD,M,N,39,25.0,0,4800,0
M,IN,S,N,27,18.0,1000,0,0
F,TX,M,Y,7,0.0,0,0,0
F,WI,S,Y,20,27.0,700,0,400
M,WV,M,N,41,34.0,0,4000,0
F,MN,M,N,37,42.0,0,6600,0
M,NM,M,Y,43,28.0,0,6600,3300
M,AL,S,N,34,26.0,1500,0,0
M,AL,M,Y,26,26.0,0,3000,300
F,MI,M,N,38,20.0,0,6200,0
M,FL,M,N,36,0.0,0,0,0
F,ND,S,Y,27,12.0,3300,0,3300
F,AK,S,Y,17,0.0,0,0,0
F,LA,S,N,17,32.0,4500,0,0
M,VT,S,N,15,19.0,3300,0,0
M,WA,M,N,12,0.0,0,0,0
F,DE,S,Y,30,31.0,110,0,110
F,KS,S,Y,29,34.0,2250,0,2250
M,CO,S,Y,40,24.0,0,0,0
F,WA,S,Y,44,0.0,0,0,0
F,WA,M,N,25,0.0,0,0,0
M,SD,S,Y,13,0.0,0,0,0
M,WV,S,N,3,16.0,2000,0,0
F,OH,M,N,37,16.0,0,2600,0
F,MA,S,N,28,28.0,3575,0,0
M,KY,M,Y,26,25.0,0,40,20
F,CT,M,Y,0,16.0,0,24500,0
F,CO,M,N,22,24.0,0,0,0
M,TN,S,Y,28,0.0,0,0,0
F,OK,S,N,12,33.0,1000,0,0
M,IL,S,N,49,16.0,2000,0,0
M,MS,S,N,41,26.0,6000,0,0
M,RI,S,N,21,0.0,0,0,0
F,VT,M,N,21,20.0,0,6600,0
M,NE,S,Y,34,36.0,103,0,103
F,IL,S,Y,44,16.0,2000,0,2000
F,AZ,M,N,25,18.0,0,4200,0
F,NV,S,Y,4,0.0,0,0,0
M,OH,M,Y,14,8.0,0,2600,1300
M,AK,M,N,8,0.0,0,0,0
M,SD,M,N,3,0.0,0,0,0
M,AR,M,Y,26,37.0,0,40,20
M,WI,M,Y,43,32.0,0,1400,400
F,CA,S,Y,18,44.0,87,0,272
F,IN,S,Y,44,18.0,1000,0,1000
M,VT,S,Y,12,19.0,3300,0,3300
F,NM,S,N,1,9.0,3300,0,0
F,MO,M,Y,20,32.0,0,4200,1200
M,NM,M,Y,15,28.0,0,6600,3300
M,HI,M,N,23,44.0,0,2080,0
M,MA,S,N,40,28.0,3575,0,0
M,FL,S,Y,46,0.0,0,0,0
M,OK,M,N,11,33.0,0,2000,0
F,NE,M,N,14,36.0,0,206,0
F,NV,S,N,21,0.0,0,0,0
M,CO,S,Y,3,24.0,0,0,0
F,IA,S,Y,30,48.0,40,0,40
M,NY,M,N,11,21.0,0,0,0
M,AR,M,N,27,37.0,0,40,0
M,NE,M,N,9,29.0,0,206,0
F,OR,M,Y,33,48.0,0,318,159
F,VT,M,Y,43,25.0,0,6600,3300
M,NH,S,N,20,0.0,0,0,0
M,MT,S,N,42,37.0,1900,0,0
M,CT,S,Y,3,16.0,12750,0,0
F,MS,M,Y,46,26.0,0,12000,1500
F,RI,S,N,17,0.0,0,0,0
F,IN,S,N,39,18.0,1000,0,0
M,WA,S,N,39,0.0,0,0,0
F,UT,M,Y,40,37.0,0,4950,2475
F,AL,S,Y,14,26.0,1500,0,300
F,WI,M,Y,36,30.0,0,1400,400
M,NC,M,N,44,40.0,0,6600,0
M,IN,S,Y,20,18.0,1000,0,1000
F,DC,S,Y,11,39.0,1370,0,1370
M,IL,S,N,2,16.0,2000,0,0
M,ME,M,N,15,45.0,0,5700,0
F,TN,S,N,16,0.0,0,0,0
F,SC,M,Y,7,37.0,0,6600,3300
M,ND,M,Y,2,11.0,0,6600,3300
M,MT,M,Y,19,37.0,0,3800,1900
F,WA,S,Y,19,0.0,0,0,0
F,WV,M,N,29,34.0,0,4000,0
M,HI,S,Y,3,12.0,1040,0,1040
F,IA,S,Y,22,39.0,40,0,40
M,NJ,S,Y,20,9.0,1000,0,1500
M,UT,M,N,49,37.0,0,4950,0
F,PA,M,Y,24,16.0,0,0,0
M,OK,M,Y,17,33.0,0,2000,1000
F,ND,S,Y,4,11.0,3300,0,3300
F,MT,M,N,33,37.0,0,3800,0
M,AR,M,Y,25,37.0,0,40,20
F,NY,S,N,17,22.0,0,0,0
F,NJ,S,Y,47,13.0,1000,0,1500
M,UT,S,N,40,37.0,2475,0,0
F,NY,M,N,30,23.0,0,0,0
F,NV,M,Y,35,0.0,0,0,0
M,NC,M,N,44,40.0,0,6600,0
M,PR,M,N,14,0.0,0,0,0
M,FL,M,N,49,0.0,0,0,0
M,WV,M,N,38,34.0,0,4000,0
F,IN,S,Y,18,18.0,1000,0,1000
M,DE,M,N,15,21.0,0,220,0
F,DC,M,Y,20,48.0,0,2740,1370
M,NY,S,N,25,22.0,0,0,0
M,SD,M,N,23,0.0,0,0,0
F,DC,M,N,18,48.0,0,2740,0
M,OH,S,N,16,8.0,1300,0,0
M,PA,M,N,18,16.0,0,0,0
M,IN,M,Y,35,18.0,0,2000,1000
M,PA,M,Y,8,16.0,0,0,0
M,LA,M,N,37,32.0,0,9000,0
M,NC,M,N,44,40.0,0,6600,0
M,SC,M,N,10,37.0,0,6600,0
F,WV,M,Y,45,34.0,0,4000,2000
M,NJ,M,Y,44,13.0,0,2000,1500
F,SD,M,N,12,0.0,0,0,0
F,FL,S,Y,34,0.0,0,0,0
M,WY,M,Y,22,0.0,0,0,0
F,IA,S,Y,6,12.0,40,0,40
M,PR,M,N,21,0.0,0,0,0
F,OH,S,N,27,12.0,1300,0,0
F,SC,M,Y,36,37.0,0,6600,3300
F,RI,S,N,43,0.0,0,0,0
M,UT,M,N,6,37.0,0,4950,0
M,HI,S,Y,39,44.0,1040,0,1040
F,FL,S,N,36,0.0,0,0,0
F,OR,S,N,5,48.0,159,0,0
M,DC,M,N,33,48.0,0,2740,0
M,LA,S,N,6,13.0,4500,0,0
M,OH,M,Y,9,6.0,0,2600,1300
M,NM,M,Y,15,28.0,0,6600,3300
F,AL,M,Y,19,26.0,0,3000,300
M,MS,S,Y,25,26.0,6000,0,1500
M,NC,M,Y,10,33.0,0,6600,3300
M,TX,S,Y,46,0.0,0,0,0
M,MI,M,N,31,20.0,0,6200,0
M,HI,M,Y,38,44.0,0,2080,1040
M,IL,M,Y,22,16.0,0,4000,2000
M,IN,S,N,14,18.0,1000,0,0
F,HI,M,N,40,44.0,0,2080,0
M,WA,M,N,20,0.0,0,0,0
M,KY,S,Y,30,28.0,20,0,20
M,WA,M,Y,48,0.0,0,0,0
M,NC,S,Y,30,37.0,3300,0,3300
M,NJ,S,N,34,11.0,1000,0,0
M,OR,S,N,6,48.0,159,0,0
M,AL,S,N,24,26.0,1500,0,0
F,MT,S,N,48,37.0,1900,0,0
F,WY,S,Y,19,0.0,0,0,0
F,VA,M,N,33,30.0,0,1800,0
F,IN,S,Y,17,18.0,1000,0,1000
M,NY,M,Y,26,22.0,0,0,1000
F,MI,S,Y,28,20.0,3100,0,3100
F,CA,M,N,27,49.0,0,174,0
M,GA,S,N,4,32.0,2700,0,0
F,KS,S,N,37,34.0,2250,0,0
M,WI,S,Y,1,24.0,700,0,400
F,WV,M,Y,20,27.0,0,4000,2000
F,ND,S,N,36,14.0,3300,0,0
M,MN,S,Y,14,31.0,3300,0,3300
F,MA,M,Y,37,28.0,0,7150,1000
F,NJ,M,Y,29,10.0,0,2000,1500
M,GA,S,N,31,32.0,2700,0,0
M,RI,M,N,3,0.0,0,0,0
M,VA,S,N,27,30.0,900,0,0
F,OR,S,Y,7,48.0,159,0,159
F,LA,M,N,26,32.0,0,9000,0
F,CA,S,N,39,49.0,87,0,0
F,NY,S,Y,42,23.0,0,0,1000
M,TX,M,N,44,0.0,0,0,0
M,ND,S,Y,30,13.0,3300,0,3300
M,KS,M,Y,47,34.0,0,4500,2250
M,HI,S,N,5,16.0,1040,0,0
M,SC,S,Y,10,37.0,3300,0,3300
M,DE,M,N,17,22.0,0,220,0
M,MT,M,Y,30,37.0,0,3800,1900
F,MT,S,Y,44,37.0,1900,0,1900
F,WY,S,Y,14,0.0,0,0,0
M,ID,M,N,34,41.0,0,6600,0
M,TN,M,Y,24,0.0,0,0,0
M,NJ,M,Y,5,7.0,0,2000,1500
F,CO,S,N,44,24.0,0,0,0
M,NE,S,Y,3,17.0,103,0,103
M,AZ,M,N,35,20.0,0,4200,0
F,PR,M,Y,42,0.0,0,0,0
F,RI,M,N,47,0.0,0,0,0
F,PA,S,N,48,16.0,0,0,0
F,LA,M,Y,15,32.0,0,9000,1000
F,ND,S,Y,18,11.0,3300,0,3300
F,GA,S,N,38,32.0,2700,0,0
F,CA,S,N,16,39.0,87,0,0
F,AZ,S,Y,40,21.0,2100,0,2300
F,OH,S,N,48,20.0,1300,0,0
F,AL,S,N,49,26.0,1500,0,0
M,KS,S,Y,1,18.0,2250,0,2250
F,FL,M,Y,21,0.0,0,0,0
M,KY,M,N,22,23.0,0,40,0
M,CA,S,Y,7,15.0,87,0,272
M,NV,M,N,4,0.0,0,0,0
F,SD,S,Y,19,0.0,0,0,0
M,GA,S,N,33,32.0,2700,0,0
F,NH,M,N,19,0.0,0,0,0
M,AR,S,Y,0,5.0,20,0,20
M,IN,S,N,12,18.0,1000,0,0
F,ME,M,N,20,45.0,0,5700,0
F,VT,M,N,43,25.0,0,6600,0
F,GA,M,N,12,32.0,0,5400,0
F,ID,M,N,32,41.0,0,6600,0
M,CO,S,Y,11,24.0,0,0,0
F,HI,M,Y,43,44.0,0,2080,1040
M,ME,S,N,37,45.0,2850,0,0
F,OH,M,Y,42,18.0,0,2600,1300
F,WA,M,N,21,0.0,0,0,0
M,ID,S,Y,35,41.0,3300,0,3300
F,ME,S,N,3,18.0,2850,0,0
F,NV,S,N,33,0.0,0,0,0
F,NY,M,Y,43,23.0,0,0,1000
M,AZ,M,Y,9,16.0,0,4200,2300
M,CT,M,N,34,26.0,0,24500,0
M,IN,M,Y,46,18.0,0,2000,1000
F,ME,S,N,7,37.0,2850,0,0
M,WY,S,Y,21,0.0,0,0,0
F,VA,S,Y,19,30.0,900,0,900
F,SD,S,Y,32,0.0,0,0,0
M,LA,M,N,8,20.0,0,9000,0
F,RI,M,Y,40,0.0,0,0,0
F,WV,M,N,33,34.0,0,4000,0
F,NM,S,Y,29,28.0,3300,0,3300
M,WV,M,Y,19,26.0,0,4000,2000
F,IN,M,Y,23,18.0,0,2000,1000
M,DC,M,N,15,48.0,0,2740,0
F,UT,M,N,7,37.0,0,4950,0
M,ID,M,Y,9,37.0,0,6600,3300
F,IA,S,N,36,48.0,40,0,0
F,CO,M,N,17,24.0,0,0,0
F,NV,S,Y,43,0.0,0,0,0
F,MD,M,N,40,25.0,0,4800,0
M,NY,S,N,0,21.0,0,0,0
F,WV,S,Y,20,28.0,2000,0,2000
F,VT,S,Y,28,22.0,3300,0,3300
F,VT,M,N,38,24.0,0,6600,0
M,AZ,M,N,37,20.0,0,4200,0
F,SD,S,N,16,0.0,0,0,0
M,FL,S,N,25,0.0,0,0,0
M,DC,M,Y,10,36.0,0,2740,1370
M,SD,M,Y,6,0.0,0,0,0
F,TX,S,N,2,0.0,0,0,0
M,WA,S,N,43,0.0,0,0,0
M,HI,M,N,36,44.0,0,2080,0
F,OK,S,Y,27,33.0,1000,0,1000
F,MA,M,Y,8,28.0,0,7150,1000
M,NY,M,Y,15,22.0,0,0,1000
F,GA,S,N,32,32.0,2700,0,0
F,KS,M,N,18,34.0,0,4500,0
F,PR,M,Y,19,0.0,0,0,0
F,AL,M,N,40,26.0,0,3000,0
F,AK,M,N,0,0.0,0,0,0
F,LA,M,N,25,32.0,0,9000,0
F,SD,M,N,30,0.0,0,0,0
F,MS,S,N,17,26.0,6000,0,0
F,VA,M,N,38,30.0,0,1800,0
M,SC,M,Y,36,37.0,0,6600,3300
M,PA,S,N,4,16.0,0,0,0
F,GA,S,Y,38,32.0,2700,0,3000
M,MI,S,N,10,20.0,3100,0,0
M,OR,M,Y,4,48.0,0,318,159
M,CA,M,Y,6,13.0,0,174,272
F,TN,M,N,6,0.0,0,0,0
F,HI,M,N,18,41.0,0,2080,0
F,MT,M,N,36,37.0,0,3800,0
M,WI,S,N,20,27.0,700,0,0
F,OK,M,Y,28,33.0,0,2000,1000
M,AL,S,N,19,26.0,1500,0,0
M,PA,S,Y,25,16.0,0,0,0
M,WA,M,Y,27,0.0,0,0,0
M,IL,M,N,45,16.0,0,4000,0
M,NM,M,N,9,28.0,0,6600,0
F,MD,S,Y,24,25.0,2400,0,2400
M,AZ,M,Y,23,18.0,0,4200,2300
M,CO,M,Y,42,24.0,0,0,0
M,DC,M,N,8,32.0,0,2740,0
F,GA,S,Y,22,32.0,2700,0,3000
F,ID,M,N,19,41.0,0,6600,0
M,AK,M,Y,10,0.0,0,0,0
M,MS,S,Y,9,26.0,6000,0,1500
F,CA,M,N,40,49.0,0,174,0
M,NC,M,Y,27,37.0,0,6600,3300
M,NY,S,N,44,24.0,0,0,0
F,CA,S,Y,11,27.0,87,0,272
M,NM,M,Y,47,28.0,0,6600,3300
M,NE,S,N,16,36.0,103,0,0
M,MD,M,Y,29,25.0,0,4800,2400
F,WI,S,N,16,27.0,700,0,0
F,WA,S,Y,23,0.0,0,0,0
M,CT,M,Y,17,26.0,0,24500,0
M,CA,M,Y,39,49.0,0,174,272
M,DC,S,Y,41,48.0,1370,0,1370
F,SD,S,Y,0,0.0,0,0,0
M,IN,M,N,47,18.0,0,2000,0
M,SC,M,N,35,37.0,0,6600,0
F,MS,S,N,16,26.0,6000,0,0
F,NC,M,Y,12,33.0,0,6600,3300
M,KS,M,Y,11,27.0,0,4500,2250
M,MN,M,N,5,28.0,0,6600,0
M,VT,M,N,30,22.0,0,6600,0
M,SC,M,N,37,37.0,0,6600,0
M,AR,M,N,5,15.0,0,40,0
F,FL,M,N,11,0.0,0,0,0
F,LA,S,Y,3,10.0,4500,0,1000
M,OR,M,N,33,48.0,0,318,0
F,NC,M,N,12,33.0,0,6600,0
F,IA,S,N,6,11.0,40,0,0
M,OR,S,N,19,48.0,159,0,0
F,NY,M,N,0,21.0,0,0,0
F,IA,S,Y,49,48.0,40,0,40
F,CT,S,N,47,26.0,12750,0,0
F,AL,S,Y,46,26.0,1500,0,300
M,CO,S,N,34,24.0,0,0,0
F,AK,S,Y,40,0.0,0,0,0
F,NY,M,Y,0,21.0,0,0,1000
M,TN,M,Y,47,0.0,0,0,0
F,WY,S,N,47,0.0,0,0,0
M,DC,M,N,0,24.0,0,2740,0
F,DC,S,Y,34,48.0,1370,0,1370
F,VT,S,N,5,19.0,3300,0,0
M,FL,S,N,13,0.0,0,0,0
F,NM,M,Y,39,28.0,0,6600,3300
F,WI,M,N,10,25.0,0,1400,0
F,HI,M,N,19,42.0,0,2080,0
M,AL,S,Y,2,26.0,1500,0,300
F,IN,M,N,26,18.0,0,2000,0
F,KY,M,Y,37,32.0,0,40,20
M,OH,S,N,20,10.0,1300,0,0
F,IN,S,N,47,18.0,1000,0,0
F,MN,S,Y,10,28.0,3300,0,3300
M,ID,S,N,2,14.0,3300,0,0
M,CA,S,N,29,49.0,87,0,0
M,VT,M,N,15,19.0,0,6600,0
M,MI,M,Y,22,20.0,0,6200,3100
F,WA,S,Y,21,0.0,0,0,0
F,MS,M,Y,42,26.0,0,12000,1500
F,IL,S,N,28,16.0,2000,0,0
F,AR,S,N,41,37.0,20,0,0
F,LA,S,N,46,32.0,4500,0,0
F,KS,M,Y,36,34.0,0,4500,2250
F,CT,M,N,48,26.0,0,24500,0
M,OK,S,N,21,33.0,1000,0,0
M,NC,S,Y,21,35.0,3300,0,3300
F,PR,S,N,20,0.0,0,0,0
F,VA,M,N,8,30.0,0,1800,0
F,IL,M,N,2,16.0,0,4000,0
M,CO,M,N,34,24.0,0,0,0
F,MD,S,Y,35,25.0,2400,0,2400
F,AK,M,Y,29,0.0,0,0,0
F,LA,S,N,36,32.0,4500,0,0
M,WV,M,N,26,32.0,0,4000,0
M,GA,S,N,39,32.0,2700,0,0
M,SD,M,Y,33,0.0,0,0,0
F,LA,S,Y,29,32.0,4500,0,1000
F,NM,M,N,29,28.0,0,6600,0
M,WV,S,N,43,34.0,2000,0,0
M,LA,S,N,23,32.0,4500,0,0
F,DE,S,N,44,31.0,110,0,0
F,CO,M,N,9,24.0,0,0,0
M,AL,S,Y,16,26.0,1500,0,300
M,DC,M,N,42,48.0,0,2740,0
F,OH,S,Y,4,4.0,1300,0,1300
F,WA,M,Y,35,0.0,0,0,0
M,WY,M,Y,39,0.0,0,0,0
M,WY,S,Y,21,0.0,0,0,0
M,KY,S,Y,7,14.0,20,0,20
M,WV,S,Y,21,28.0,2000,0,2000
F,WA,M,N,2,0.0,0,0,0
M,CT,M,N,1,16.0,0,24500,0
M,AL,S,N,46,26.0,1500,0,0
M,NC,M,Y,44,40.0,0,6600,3300
M,OH,S,Y,6,5.0,1300,0,1300
M,NM,S,N,28,28.0,3300,0,0
M,AL,M,Y,37,26.0,0,3000,300
F,GA,S,N,13,32.0,2700,0,0
F,NJ,S,Y,48,14.0,1000,0,1500
F,NY,M,Y,5,21.0,0,0,1000
F,WI,M,Y,11,26.0,0,1400,400
M,ID,S,N,2,15.0,3300,0,0
M,TN,M,N,14,0.0,0,0,0
F,OH,M,Y,27,12.0,0,2600,1300
M,PA,S,Y,38,16.0,0,0,0
F,MD,M,Y,48,25.0,0,4800,2400
M,KY,S,N,38,32.0,20,0,0
F,DC,S,Y,37,48.0,1370,0,1370
F,IN,S,Y,12,18.0,1000,0,1000
F,NE,M,Y,11,33.0,0,206,103
F,AL,M,Y,48,26.0,0,3000,300
M,WV,M,N,2,16.0,0,4000,0
M,DC,M,N,2,24.0,0,2740,0
M,DC,M,N,31,48.0,0,2740,0
F,KS,M,N,40,34.0,0,4500,0
F,MA,S,Y,15,28.0,3575,0,1000
M,TN,S,N,41,0.0,0,0,0
F,VT,M,N,42,25.0,0,6600,0
M,OH,S,Y,34,15.0,1300,0,1300
F,RI,M,N,14,0.0,0,0,0
F,WY,M,Y,18,0.0,0,0,0
M,WY,M,Y,46,0.0,0,0,0
F,WV,M,N,32,34.0,0,4000,0
F,MS,M,N,29,26.0,0,12000,0
F,MA,S,Y,42,28.0,3575,0,1000
F,PA,S,N,22,16.0,0,0,0
M,AZ,M,Y,12,16.0,0,4200,2300
F,OH,S,N,39,17.0,1300,0,0
M,NV,M,Y,45,0.0,0,0,0
M,HI,M,N,33,44.0,0,2080,0
F,ND,M,N,8,11.0,0,6600,0
F,AZ,M,N,28,19.0,0,4200,0
M,MI,S,N,41,20.0,3100,0,0
F,OR,M,N,43,48.0,0,318,0
M,AR,S,N,22,37.0,20,0,0
M,IN,M,N,18,18.0,0,2000,0
M,WY,S,Y,19,0.0,0,0,0
F,IL,M,Y,24,16.0,0,4000,2000
M,UT,S,N,15,37.0,2475,0,0
M,UT,M,N,8,37.0,0,4950,0
F,MT,M,Y,4,23.0,0,3800,1900
M,SD,S,N,30,0.0,0,0,0
M,KY,S,Y,19,21.0,20,0,20
M,SC,M,Y,19,37.0,0,6600,3300
M,RI,M,N,44,0.0,0,0,0
F,NM,S,Y,28,28.0,3300,0,3300
M,GA,M,Y,47,32.0,0,5400,3000
F,AK,S,N,12,0.0,0,0,0
F,IL,S,Y,33,16.0,2000,0,2000
M,MD,S,Y,1,25.0,2400,0,2400
M,UT,S,N,11,37.0,2475,0,0
F,MA,M,N,18,28.0,0,7150,0
F,DE,S,N,47,31.0,110,0,0
F,NE,M,N,2,17.0,0,206,0
F,UT,S,N,2,37.0,2475,0,0
F,TX,S,Y,24,0.0,0,0,0
F,OR,M,Y,12,48.0,0,318,159
M,ID,M,N,32,41.0,0,6600,0
F,CA,S,N,20,48.0,87,0,0
M,SC,M,Y,43,37.0,0,6600,3300
M,WA,M,Y,36,0.0,0,0,0
F,AL,M,N,20,26.0,0,3000,0
F,SD,S,Y,30,0.0,0,0,0
F,DE,S,N,45,31.0,110,0,0
F,KS,S,Y,12,29.0,2250,0,2250
M,PR,S,Y,28,0.0,0,0,0
M,WA,M,N,26,0.0,0,0,0
F,AK,S,Y,31,0.0,0,0,0
F,SC,S,Y,1,15.0,3300,0,3300
M,WA,M,N,39,0.0,0,0,0
F,FL,M,Y,12,0.0,0,0,0
F,MI,S,Y,1,20.0,3100,0,3100
M,IA,M,Y,13,23.0,0,80,40
M,HI,S,Y,36,44.0,1040,0,1040
M,CT,S,Y,16,26.0,12750,0,0
F,PA,M,Y,25,16.0,0,0,0
M,MI,M,Y,8,20.0,0,6200,3100
M,NE,S,Y,18,36.0,103,0,103
M,KS,M,Y,23,34.0,0,4500,2250
F,NH,M,Y,32,0.0,0,0,0
M,AZ,M,N,34,20.0,0,4200,0
F,NJ,S,N,27,10.0,1000,0,0
F,WV,M,N,24,31.0,0,4000,0
F,AR,M,Y,39,37.0,0,40,20
F,WA,S,N,18,0.0,0,0,0
M,DC,S,N,1,24.0,1370,0,0
M,MD,S,N,18,25.0,2400,0,0
F,IL,M,N,14,16.0,0,4000,0
M,NH,M,Y,23,0.0,0,0,0
M,DE,S,N,7,15.0,110,0,0
M,RI,M,Y,13,0.0,0,0,0
M,ME,M,N,36,45.0,0,5700,0
M,GA,S,N,5,32.0,2700,0,0
M,ME,S,N,49,45.0,2850,0,0
F,MI,S,Y,43,20.0,3100,0,3100
M,WA,S,Y,33,0.0,0,0,0
M,ID,S,N,37,41.0,3300,0,0
M,CT,M,Y,17,26.0,0,24500,0
F,ME,S,Y,17,45.0,2850,0,2850
M,WI,M,N,42,31.0,0,1400,0
F,VA,M,N,40,30.0,0,1800,0
F,WV,S,N,31,34.0,2000,0,0
F,FL,M,Y,41,0.0,0,0,0
F,HI,S,Y,37,44.0,1040,0,1040
M,MN,S,Y,27,38.0,3300,0,3300
F,WA,S,Y,41,0.0,0,0,0
F,IN,S,N,22,18.0,1000,0,0
M,NM,S,N,6,23.0,3300,0,0
F,VT,M,N,5,19.0,0,6600,0
F,NM,M,Y,11,28.0,0,6600,3300
M,CO,M,N,17,24.0,0,0,0
F,SD,M,Y,49,0.0,0,0,0
M,SC,M,N,37,37.0,0,6600,0
F,DC,M,Y,10,37.0,0,2740,1370
F,IA,S,Y,13,23.0,40,0,40
F,ME,S,N,11,45.0,2850,0,0
F,NV,M,N,8,0.0,0,0,0
M,MO,S,Y,44,32.0,2100,0,1200
F,NC,S,N,21,35.0,3300,0,0
M,WA,S,Y,19,0.0,0,0,0
F,LA,S,N,29,32.0,4500,0,0
F,MO,S,N,18,32.0,2100,0,0
M,NC,M,N,35,38.0,0,6600,0
F,NY,S,N,26,22.0,0,0,0
M,DE,S,N,3,12.0,110,0,0
M,KY,M,N,34,30.0,0,40,0
F,CA,S,N,25,49.0,87,0,0
M,SC,S,Y,26,37.0,3300,0,3300
M,ME,M,Y,20,45.0,0,5700,2850
M,WA,M,Y,28,0.0,0,0,0
M,OR,M,N,0,26.0,0,318,0
F,CA,M,N,1,5.0,0,174,0
F,DE,M,Y,35,31.0,0,220,110
M,IN,M,N,8,18.0,0,2000,0
M,WA,M,Y,36,0.0,0,0,0
M,NV,M,Y,3,0.0,0,0,0
M,WV,M,Y,16,24.0,0,4000,2000
M,MS,M,Y,13,26.0,0,12000,1500
M,NM,M,Y,24,28.0,0,6600,3300
M,OK,M,Y,5,33.0,0,2000,1000
F,PA,S,Y,37,16.0,0,0,0
M,MI,S,Y,38,20.0,3100,0,3100
M,NJ,S,N,23,9.0,1000,0,0
M,UT,M,Y,37,37.0,0,4950,2475
M,TX,S,Y,31,0.0,0,0,0
M,WI,S,Y,13,26.0,700,0,400
F,PA,M,Y,7,16.0,0,0,0
F,MA,S,N,9,28.0,3575,0,0
F,AK,M,Y,0,0.0,0,0,0
F,PR,M,Y,15,0.0,0,0,0
F,WY,S,Y,28,0.0,0,0,0
F,NM,M,N,33,28.0,0,6600,0
M,IL,S,Y,44,16.0,2000,0,2000
F,CT,M,N,27,26.0,0,24500,0
F,AK,M,Y,9,0.0,0,0,0
M,CA,S,Y,0,5.0,87,0,272
M,LA,S,Y,43,32.0,4500,0,1000
F,TX,M,Y,47,0.0,0,0,0
M,IL,M,N,11,16.0,0,4000,0
M,IN,M,Y,40,18.0,0,2000,1000
F,VA,M,N,44,30.0,0,1800,0
F,MD,M,Y,16,25.0,0,4800,2400
M,KY,M,Y,28,27.0,0,40,20
M,NC,S,Y,22,35.0,3300,0,3300
F,OR,S,N,45,48.0,159,0,0
F,CO,M,N,24,24.0,0,0,0
F,OH,S,Y,7,5.0,1300,0,1300
M,IN,S,Y,3,18.0,1000,0,1000
F,HI,M,N,22,44.0,0,2080,0
F,LA,S,Y,19,32.0,4500,0,1000
M,MT,S,N,33,37.0,1900,0,0
F,MI,M,N,19,20.0,0,6200,0
F,AZ,S,Y,3,15.0,2100,0,2300
M,AK,M,N,9,0.0,0,0,0
M,NM,M,Y,49,28.0,0,6600,3300
F,IL,M,N,20,16.0,0,4000,0
M,AZ,M,Y,33,20.0,0,4200,2300
M,CA,M,N,5,10.0,0,174,0
F,MN,S,N,4,28.0,3300,0,0
F,KS,M,N,30,34.0,0,4500,0
F,MI,S,Y,13,20.0,3100,0,3100
M,NE,S,Y,19,36.0,103,0,103
F,KY,S,N,35,31.0,20,0,0
M,NV,M,Y,36,0.0,0,0,0
M,AR,S,Y,14,37.0,20,0,20
M,DE,S,Y,44,31.0,110,0,110
F,MN,S,N,28,39.0,3300,0,0
F,MS,M,Y,1,16.0,0,12000,1500
M,CA,S,Y,24,49.0,87,0,272
F,KY,S,N,38,32.0,20,0,0
F,MN,S,Y,18,33.0,3300,0,3300
M,NJ,S,N,6,7.0,1000,0,0
M,WY,M,Y,16,0.0,0,0,0
M,WY,M,Y,40,0.0,0,0,0
M,DE,M,Y,18,23.0,0,220,110
M,NH,M,N,5,0.0,0,0,0
M,MN,S,Y,7,28.0,3300,0,3300
F,MD,M,N,48,25.0,0,4800,0
M,SC,M,Y,21,37.0,0,6600,3300
M,VT,S,N,3,19.0,3300,0,0
F,TX,M,N,26,0.0,0,0,0
F,KY,S,N,9,15.0,20,0,0
F,DE,S,Y,21,25.0,110,0,110
M,MA,S,Y,43,28.0,3575,0,1000
M,RI,M,N,32,0.0,0,0,0
M,VT,M,N,25,21.0,0,6600,0
F,GA,S,N,12,32.0,2700,0,0
F,WI,M,N,17,27.0,0,1400,0
M,NJ,M,Y,31,11.0,0,2000,1500
F,TX,M,Y,8,0.0,0,0,0
F,LA,S,N,44,32.0,4500,0,0
F,ME,M,N,47,45.0,0,5700,0
F,NV,S,Y,3,0.0,0,0,0
F,TX,S,Y,18,0.0,0,0,0
M,MO,S,Y,20,32.0,2100,0,1200
M,IN,S,N,35,18.0,1000,0,0
M,OH,M,Y,45,19.0,0,2600,1300
M,IL,M,N,12,16.0,0,4000,0
M,NM,S,N,19,28.0,3300,0,0
M,WV,M,N,46,34.0,0,4000,0
F,MA,M,Y,24,28.0,0,7150,1000
M,DC,S,N,9,36.0,1370,0,0
F,HI,M,N,4,14.0,0,2080,0
F,OR,M,N,11,48.0,0,318,0
M,CA,S,Y,6,13.0,87,0,272
F,RI,S,Y,1,0.0,0,0,0
F,AR,S,Y,32,37.0,20,0,20
M,NJ,S,Y,33,11.0,1000,0,1500
F,NV,S,N,14,0.0,0,0,0
F,ME,M,N,30,45.0,0,5700,0
F,MN,M,N,10,29.0,0,6600,0
M,MA,M,N,23,28.0,0,7150,0
F,AR,S,Y,22,37.0,20,0,20
M,IA,S,N,27,46.0,40,0,0
F,CT,M,N,45,26.0,0,24500,0
F,PA,M,Y,37,16.0,0,0,0
F,IL,M,N,22,16.0,0,4000,0
F,AK,S,N,16,0.0,0,0,0
M,NM,S,N,24,28.0,3300,0,0
M,MA,M,N,38,28.0,0,7150,0
M,NH,S,Y,40,0.0,0,0,0
F,WA,S,Y,22,0.0,0,0,0
M,AZ,M,N,30,19.0,0,4200,0
F,ID,M,N,14,41.0,0,6600,0
M,SD,S,Y,12,0.0,0,0,0
M,AR,S,N,34,37.0,20,0,0
F,KS,S,Y,26,34.0,2250,0,2250
M,MA,M,Y,36,28.0,0,7150,1000
M,NY,M,Y,13,22.0,0,0,1000
F,GA,M,Y,4,32.0,0,5400,3000
M,VT,S,Y,43,25.0,3300,0,3300
M,OK,S,Y,21,33.0,1000,0,1000
M,OK,M,Y,31,33.0,0,2000,1000
M,MI,S,Y,18,20.0,3100,0,3100
F,TX,S,Y,47,0.0,0,0,0
F,AL,M,N,19,26.0,0,3000,0
M,NM,S,N,44,28.0,3300,0,0
M,ME,S,Y,11,45.0,2850,0,2850
M,AR,S,N,7,20.0,20,0,0
F,MI,S,N,3,20.0,3100,0,0
M,AK,S,Y,37,0.0,0,0,0
F,NV,S,N,26,0.0,0,0,0
M,NV,S,N,41,0.0,0,0,0
M,NM,S,Y,47,28.0,3300,0,3300
F,DC,M,N,20,48.0,0,2740,0
F,OR,S,Y,25,48.0,159,0,159
M,OH,M,Y,6,5.0,0,2600,1300
F,LA,S,N,17,32.0,4500,0,0
M,KS,M,N,21,34.0,0,4500,0
M,IA,M,N,10,18.0,0,80,0
F,OR,S,Y,32,48.0,159,0,159
F,WY,M,N,3,0.0,0,0,0
M,NV,S,Y,48,0.0,0,0,0
F,CA,S,Y,18,43.0,87,0,272
F,PA,S,N,6,16.0,0,0,0
F,CT,S,N,39,26.0,12750,0,0
M,HI,S,Y,14,33.0,1040,0,1040
F,NE,S,Y,18,36.0,103,0,103
F,MT,M,Y,4,26.0,0,3800,1900
F,AK,S,Y,7,0.0,0,0,0
F,NE,M,N,41,36.0,0,206,0
M,ID,S,Y,48,41.0,3300,0,3300
M,ME,S,Y,43,45.0,2850,0,2850
F,ME,S,N,37,45.0,2850,0,0
F,SD,M,Y,12,0.0,0,0,0
F,LA,S,N,5,10.0,4500,0,0
F,NV,S,Y,38,0.0,0,0,0
F,MA,M,Y,35,28.0,0,7150,1000
M,MN,S,N,10,28.0,3300,0,0
F,CA,S,N,23,49.0,87,0,0
F,VA,S,N,10,30.0,900,0,0
F,NJ,M,N,44,13.0,0,2000,0
M,SC,M,N,1,16.0,0,6600,0
M,AK,S,N,27,0.0,0,0,0
M,OK,M,N,22,33.0,0,2000,0
M,WY,S,Y,24,0.0,0,0,0
M,IA,M,N,28,48.0,0,80,0
F,AL,M,Y,23,26.0,0,3000,300
M,TX,S,N,38,0.0,0,0,0
M,NY,M,N,44,24.0,0,0,0
F,IL,S,Y,34,16.0,2000,0,2000
F,SC,S,Y,45,37.0,3300,0,3300
F,IL,M,Y,47,16.0,0,4000,2000
F,WI,M,N,21,27.0,0,1400,0
F,MA,M,N,46,28.0,0,7150,0
F,PA,M,Y,42,16.0,0,0,0
M,CT,M,Y,24,26.0,0,24500,0
F,OK,S,Y,38,33.0,1000,0,1000
M,MO,S,Y,30,32.0,2100,0,1200
F,AK,S,N,10,0.0,0,0,0
M,HI,M,N,10,26.0,0,2080,0
M,ME,S,Y,2,11.0,2850,0,2850
M,TX,M,N,48,0.0,0,0,0
F,OH,S,Y,9,6.0,1300,0,1300
M,MN,M,Y,18,33.0,0,6600,3300
M,MS,M,Y,27,26.0,0,12000,1500
F,IA,M,N,35,48.0,0,80,0
F,GA,S,Y,34,32.0,2700,0,3000
F,AR,M,Y,36,37.0,0,40,20
F,NY,M,Y,44,24.0,0,0,1000
M,OK,M,Y,13,33.0,0,2000,1000
M,WI,M,N,0,24.0,0,1400,0
M,ME,S,N,32,45.0,2850,0,0
F,NJ,S,N,11,7.0,1000,0,0
M,CT,S,Y,7,26.0,12750,0,0
M,AL,S,Y,46,26.0,1500,0,300
F,MT,M,Y,30,37.0,0,3800,1900
F,MD,S,N,15,25.0,2400,0,0
M,IL,S,Y,40,16.0,2000,0,2000
M,PA,S,Y,38,16.0,0,0,0
M,AZ,M,Y,35,20.0,0,4200,2300
F,SD,S,Y,0,0.0,0,0,0
M,MI,M,Y,35,20.0,0,6200,3100
M,KS,S,N,48,34.0,2250,0,0
F,AL,M,Y,38,26.0,0,3000,300
F,GA,M,Y,3,32.0,0,5400,3000
M,TX,S,N,36,0.0,0,0,0
M,WY,M,N,43,0.0,0,0,0
M,AR,S,N,42,37.0,20,0,0
M,IN,M,Y,42,18.0,0,2000,1000
F,MD,S,Y,47,25.0,2400,0,2400
M,VA,M,N,16,30.0,0,1800,0
F,KY,S,N,16,19.0,20,0,0
F,UT,M,N,14,37.0,0,4950,0
F,ME,M,Y,8,45.0,0,5700,2850
F,TN,M,N,6,0.0,0,0,0
M,NC,S,Y,27,37.0,3300,0,3300
F,SC,M,N,13,37.0,0,6600,0
M,CO,M,Y,15,24.0,0,0,0
M,NC,S,Y,39,39.0,3300,0,3300
M,WV,M,N,38,34.0,0,4000,0
F,RI,S,Y,9,0.0,0,0,0
M,WY,S,Y,12,0.0,0,0,0
M,WV,M,N,46,34.0,0,4000,0
M,NE,M,Y,37,36.0,0,206,103
M,TN,M,Y,23,0.0,0,0,0
F,OK,M,Y,11,33.0,0,2000,1000
M,NY,M,N,7,21.0,0,0,0
F,IL,S,Y,28,16.0,2000,0,2000
M,TN,S,Y,45,0.0,0,0,0
F,OR,M,N,46,48.0,0,318,0
F,MD,M,N,9,25.0,0,4800,0
M,CO,S,Y,39,24.0,0,0,0
F,AR,S,Y,14,37.0,20,0,20
F,VA,M,Y,24,30.0,0,1800,900
F,IN,M,N,20,18.0,0,2000,0
M,KS,M,Y,14,34.0,0,4500,2250
F,NC,S,N,14,34.0,3300,0,0
F,RI,S,N,26,0.0,0,0,0
M,MN,S,N,13,30.0,3300,0,0
M,ND,M,N,32,13.0,0,6600,0
M,MI,M,N,14,20.0,0,6200,0
M,GA,M,Y,41,32.0,0,5400,3000
F,CA,S,N,36,49.0,87,0,0
M,ME,M,N,11,45.0,0,5700,0
M,DE,S,N,5,14.0,110,0,0
F,ME,M,Y,12,45.0,0,5700,2850
F,GA,M,N,2,27.0,0,5400,0
M,WI,M,Y,42,31.0,0,1400,400
F,SD,S,N,17,0.0,0,0,0
M,CT,S,Y,42,26.0,12750,0,0
M,CT,M,Y,2,16.0,0,24500,0
F,NV,S,Y,39,0.0,0,0,0
M,PR,S,N,41,0.0,0,0,0
F,MO,S,N,11,32.0,2100,0,0
F,IL,M,Y,11,16.0,0,4000,2000
F,VA,M,N,24,30.0,0,1800,0
M,MN,M,N,44,42.0,0,6600,0
F,WI,M,N,26,28.0,0,1400,0
M,TN,M,Y,17,0.0,0,0,0
M,PA,M,Y,42,16.0,0,0,0
F,IN,S,N,7,18.0,1000,0,0
M,MA,S,Y,23,28.0,3575,0,1000
F,PR,S,N,11,0.0,0,0,0
M,NV,S,Y,49,0.0,0,0,0
M,TX,M,N,16,0.0,0,0,0
F,IN,S,Y,10,18.0,1000,0,1000
F,AZ,M,N,39,21.0,0,4200,0
M,TX,M,N,21,0.0,0,0,0
F,CO,M,Y,14,24.0,0,0,0
F,AL,M,N,46,26.0,0,3000,0
M,MS,S,Y,7,26.0,6000,0,1500
M,FL,M,Y,1,0.0,0,0,0
M,SD,M,Y,31,0.0,0,0,0
F,ID,M,N,4,19.0,0,6600,0
F,PR,S,Y,13,0.0,0,0,0
F,FL,M,Y,20,0.0,0,0,0
M,NJ,M,N,13,8.0,0,2000,0
M,TX,S,N,16,0.0,0,0,0
M,CT,M,N,28,26.0,0,24500,0
M,UT,M,N,15,37.0,0,4950,0
M,MI,M,Y,8,20.0,0,6200,3100
F,AR,S,N,5,15.0,20,0,0
F,IA,S,Y,38,48.0,40,0,40
M,OR,S,N,13,48.0,159,0,0
M,CA,S,N,12,29.0,87,0,0
F,MD,M,Y,22,25.0,0,4800,2400
F,SC,S,N,17,37.0,3300,0,0
M,SC,M,N,4,29.0,0,6600,0
F,WY,M,Y,10,0.0,0,0,0
F,MO,S,N,49,32.0,2100,0,0
F,MN,S,Y,31,40.0,3300,0,3300
M,WA,S,N,6,0.0,0,0,0
M,AL,M,N,10,26.0,0,3000,0
M,RI,S,N,28,0.0,0,0,0
M,AZ,S,Y,33,20.0,2100,0,2300
M,WA,M,N,20,0.0,0,0,0
F,DC,S,N,24,48.0,1370,0,0
M,CT,M,N,16,26.0,0,24500,0
M,PA,M,N,20,16.0,0,0,0
F,MD,M,N,43,25.0,0,4800,0
F,MO,M,Y,25,32.0,0,4200,1200
M,PA,M,N,47,16.0,0,0,0
F,OH,M,Y,10,6.0,0,2600,1300
M,HI,M,Y,26,44.0,0,2080,1040
F,AL,M,N,25,26.0,0,3000,0
M,NY,M,Y,30,23.0,0,0,1000
F,NH,S,Y,41,0.0,0,0,0
F,AZ,M,Y,28,19.0,0,4200,2300
F,DC,M,Y,34,48.0,0,2740,1370
F,GA,S,Y,16,32.0,2700,0,3000
M,OR,M,N,14,48.0,0,318,0
F,LA,M,N,14,32.0,0,9000,0
F,AK,M,N,19,0.0,0,0,0
F,PA,M,N,11,16.0,0,0,0
F,RI,S,Y,16,0.0,0,0,0
F,SD,S,Y,1,0.0,0,0,0
F,MD,M,N,42,25.0,0,4800,0
F,MI,M,N,47,20.0,0,6200,0
M,NH,M,N,19,0.0,0,0,0
F,NV,S,N,11,0.0,0,0,0
F,LA,S,Y,29,32.0,4500,0,1000
M,MN,M,Y,28,39.0,0,6600,3300
F,NJ,M,N,8,7.0,0,2000,0
F,MO,S,N,41,32.0,2100,0,0
F,GA,S,N,40,32.0,2700,0,0
M,NC,S,Y,31,37.0,3300,0,3300
F,KY,S,N,29,27.0,20,0,0
F,CA,S,Y,49,49.0,87,0,272
F,MS,M,N,45,26.0,0,12000,0
M,MA,S,Y,33,28.0,3575,0,1000
M,RI,S,N,6,0.0,0,0,0
F,IA,S,N,4,7.0,40,0,0
F,TN,S,N,14,0.0,0,0,0
M,TN,S,N,49,0.0,0,0,0
F,PR,M,N,31,0.0,0,0,0
M,WA,S,Y,2,0.0,0,0,0
M,MN,M,N,46,42.0,0,6600,0
M,NE,M,Y,30,36.0,0,206,103
F,CA,S,Y,2,5.0,87,0,272
M,IL,M,N,3,16.0,0,4000,0
F,CT,S,N,23,26.0,12750,0,0
F,OR,M,Y,33,48.0,0,318,159
F,MS,M,N,1,16.0,0,12000,0
M,AR,S,Y,39,37.0,20,0,20
F,ME,S,N,0,10.0,2850,0,0
M,LA,S,Y,44,32.0,4500,0,1000
M,WI,S,Y,13,26.0,700,0,400
M,CT,M,Y,12,26.0,0,24500,0
F,DE,S,Y,33,31.0,110,0,110
M,CT,M,Y,29,26.0,0,24500,0
M,AZ,S,N,7,15.0,2100,0,0
M,SC,M,Y,43,37.0,0,6600,3300
M,RI,S,Y,7,0.0,0,0,0
F,OH,M,N,45,19.0,0,2600,0
F,ID,M,Y,6,28.0,0,6600,3300
M,NJ,S,N,42,13.0,1000,0,0
F,KS,M,Y,39,34.0,0,4500,2250
F,AK,M,Y,34,0.0,0,0,0
F,AL,M,Y,22,26.0,0,3000,300
M,WI,M,N,11,26.0,0,1400,0
F,LA,S,Y,31,32.0,4500,0,1000
F,MA,M,Y,41,28.0,0,7150,1000
M,PR,M,N,5,0.0,0,0,0
F,PR,S,N,6,0.0,0,0,0
M,WY,S,N,41,0.0,0,0,0
M,IN,S,Y,23,18.0,1000,0,1000
F,AZ,S,N,6,15.0,2100,0,0
F,OH,M,Y,48,20.0,0,2600,1300
F,NM,S,N,32,28.0,3300,0,0
M,NY,S,Y,15,22.0,0,0,1000
F,OR,S,Y,44,48.0,159,0,159
F,WV,M,Y,19,27.0,0,4000,2000
F,ID,M,Y,30,41.0,0,6600,3300
M,OH,M,Y,46,19.0,0,2600,1300
F,MI,M,Y,28,20.0,0,6200,3100
F,LA,M,N,6,10.0,0,9000,0
M,IN,S,N,13,18.0,1000,0,0
M,WY,S,Y,4,0.0,0,0,0
M,IN,S,Y,15,18.0,1000,0,1000
M,MN,M,Y,47,42.0,0,6600,3300
F,NJ,M,Y,42,13.0,0,2000,1500
M,WY,S,N,26,0.0,0,0,0
M,LA,M,N,22,32.0,0,9000,0
F,CA,M,Y,22,49.0,0,174,272
M,NJ,M,N,0,7.0,0,2000,0
F,WV,S,N,17,25.0,2000,0,0
F,AR,M,N,26,37.0,0,40,0
F,HI,M,Y,16,37.0,0,2080,1040
M,RI,S,Y,36,0.0,0,0,0
M,MA,S,Y,27,28.0,3575,0,1000
F,WI,M,N,29,29.0,0,1400,0
M,GA,S,Y,41,32.0,2700,0,3000
M,LA,S,N,4,10.0,4500,0,0
M,TX,S,N,41,0.0,0,0,0
F,VA,S,N,25,30.0,900,0,0
M,MO,S,N,2,18.0,2100,0,0
M,NH,S,N,42,0.0,0,0,0
F,NY,M,N,4,21.0,0,0,0
M,WV,S,N,2,16.0,2000,0,0
M,OR,S,N,25,48.0,159,0,0
F,PR,S,N,7,0.0,0,0,0
M,CA,M,N,29,49.0,0,174,0
M,MN,M,Y,13,30.0,0,6600,3300
M,MN,S,N,41,42.0,3300,0,0
M,SC,S,Y,47,37.0,3300,0,3300
F,NE,M,Y,8,27.0,0,206,103
M,OR,S,N,44,48.0,159,0,0
F,IN,M,N,44,18.0,0,2000,0
F,AR,S,Y,13,36.0,20,0,20
F,NM,S,N,16,28.0,3300,0,0
M,WV,M,N,14,23.0,0,4000,0
F,CO,M,Y,17,24.0,0,0,0
M,OR,S,N,47,48.0,159,0,0
F,TN,S,Y,24,0.0,0,0,0
F,AR,M,Y,4,12.0,0,40,20
F,MN,M,N,37,42.0,0,6600,0
F,WI,M,N,15,26.0,0,1400,0
F,ME,S,N,35,45.0,2850,0,0
F,NY,M,N,44,24.0,0,0,0
M,FL,S,Y,11,0.0,0,0,0
M,NM,M,Y,0,9.0,0,6600,3300
M,SC,M,Y,46,37.0,0,6600,3300
M,MO,M,N,10,32.0,0,4200,0
F,MT,S,Y,42,37.0,1900,0,1900
F,DC,M,Y,15,48.0,0,2740,1370
F,RI,S,N,5,0.0,0,0,0
M,IL,S,Y,40,16.0,2000,0,2000
F,IA,S,Y,30,48.0,40,0,40
M,IA,S,N,41,48.0,40,0,0
M,MO,S,N,4,32.0,2100,0,0
M,VA,S,Y,16,30.0,900,0,900
M,KS,M,Y,16,34.0,0,4500,2250
M,MN,S,N,48,42.0,3300,0,0
F,IN,S,Y,26,18.0,1000,0,1000
F,CO,S,N,14,24.0,0,0,0
F,OR,S,Y,3,48.0,159,0,159
M,DC,M,Y,32,48.0,0,2740,1370
M,WI,M,N,37,31.0,0,1400,0
F,NJ,M,N,45,13.0,0,2000,0
M,NE,S,Y,27,36.0,103,0,103
M,DE,M,N,21,26.0,0,220,0
F,LA,S,Y,40,32.0,4500,0,1000
M,FL,M,Y,25,0.0,0,0,0
F,VA,M,Y,43,30.0,0,1800,900
M,KY,M,Y,38,32.0,0,40,20
F,NJ,M,N,21,9.0,0,2000,0
F,MA,M,Y,36,28.0,0,7150,1000
M,IL,S,Y,3,16.0,2000,0,2000
M,IN,M,Y,14,18.0,0,2000,1000
F,DE,S,Y,42,31.0,110,0,110
M,WY,M,N,23,0.0,0,0,0
F,SD,S,Y,45,0.0,0,0,0
M,KS,M,N,19,34.0,0,4500,0
M,MS,S,N,38,26.0,6000,0,0
F,RI,M,N,31,0.0,0,0,0
M,KY,S,Y,38,32.0,20,0,20
F,AR,S,N,16,37.0,20,0,0
M,ND,S,N,20,11.0,3300,0,0
M,MO,S,N,36,32.0,2100,0,0
M,MD,M,N,42,25.0,0,4800,0
M,WY,M,N,2,0.0,0,0,0
F,ND,S,Y,7,11.0,3300,0,3300
F,SC,M,Y,0,13.0,0,6600,3300
M,GA,S,Y,37,32.0,2700,0,3000
M,MD,S,Y,17,25.0,2400,0,2400
M,AR,S,N,19,37.0,20,0,0
M,DC,S,Y,37,48.0,1370,0,1370
F,MN,S,N,29,40.0,3300,0,0
M,TN,S,N,33,0.0,0,0,0
M,CT,S,N,34,26.0,12750,0,0
F,SC,M,Y,1,16.0,0,6600,3300
M,MT,S,N,37,37.0,1900,0,0
F,RI,M,N,45,0.0,0,0,0
M,RI,S,N,41,0.0,0,0,0
F,GA,M,Y,19,32.0,0,5400,3000
F,HI,S,Y,36,44.0,1040,0,1040
M,MS,M,Y,3,20.0,0,12000,1500
M,AK,S,Y,43,0.0,0,0,0
M,NM,S,N,16,28.0,3300,0,0
F,AK,M,N,11,0.0,0,0,0
M,NJ,S,Y,1,7.0,1000,0,1500
F,IN,M,N,28,18.0,0,2000,0
M,MT,S,Y,46,37.0,1900,0,1900
M,MS,M,N,22,26.0,0,12000,0
F,UT,S,N,1,31.0,2475,0,0
F,SD,M,N,28,0.0,0,0,0
F,MS,M,Y,5,26.0,0,12000,1500
M,NV,M,N,14,0.0,0,0,0
F,NM,S,N,43,28.0,3300,0,0
M,WI,M,N,37,31.0,0,1400,0
F,UT,S,Y,24,37.0,2475,0,2475
F,OR,S,Y,41,48.0,159,0,159
M,SC,S,Y,36,37.0,3300,0,3300
M,NE,S,N,19,36.0,103,0,0
F,ND,M,N,45,15.0,0,6600,0
M,DE,S,Y,15,21.0,110,0,110
F,AR,M,Y,10,29.0,0,40,20
M,MI,M,Y,2,20.0,0,6200,3100
F,LA,M,N,37,32.0,0,9000,0
F,PR,S,Y,35,0.0,0,0,0
F,WA,M,Y,41,0.0,0,0,0
F,OK,M,Y,35,33.0,0,2000,1000
M,NM,S,Y,7,25.0,3300,0,3300
F,WV,M,N,49,34.0,0,4000,0
F,DE,S,N,44,31.0,110,0,0
F,KY,M,Y,31,28.0,0,40,20
M,DE,S,Y,9,16.0,110,0,110
F,PR,S,N,22,0.0,0,0,0
M,MD,S,N,35,25.0,2400,0,0
F,MO,M,Y,49,32.0,0,4200,1200
M,WV,S,N,20,27.0,2000,0,0
M,WI,S,Y,46,32.0,700,0,400
F,MI,M,Y,1,20.0,0,6200,3100
M,KS,M,Y,27,34.0,0,4500,2250
F,OH,S,Y,31,14.0,1300,0,1300
F,DC,M,N,46,48.0,0,2740,0
M,CT,M,N,41,26.0,0,24500,0
M,KY,S,Y,19,21.0,20,0,20
M,OR,M,Y,5,48.0,0,318,159
M,CO,S,N,37,24.0,0,0,0
M,MS,M,N,17,26.0,0,12000,0
F,NH,S,N,19,0.0,0,0,0
F,DC,S,N,47,48.0,1370,0,0
M,AK,M,N,1,0.0,0,0,0
F,TN,M,N,14,0.0,0,0,0
M,CO,M,N,22,24.0,0,0,0
F,MT,S,Y,18,37.0,1900,0,1900
M,IN,M,Y,27,18.0,0,2000,1000
M,OR,M,Y,15,48.0,0,318,159
F,NY,S,N,49,24.0,0,0,0
F,MT,S,Y,20,37.0,1900,0,1900
F,DC,S,Y,21,48.0,1370,0,1370
M,IA,S,Y,6,11.0,40,0,40
F,TN,M,N,15,0.0,0,0,0
F,TN,S,Y,45,0.0,0,0,0
F,WI,M,N,14,26.0,0,1400,0
M,ID,S,Y,39,41.0,3300,0,3300
M,NY,M,Y,47,24.0,0,0,1000
F,OR,S,Y,42,48.0,159,0,159
F,MI,M,Y,45,20.0,0,6200,3100
F,HI,M,Y,34,44.0,0,2080,1040
F,MI,S,N,23,20.0,3100,0,0
M,PA,S,Y,12,16.0,0,0,0
F,SC,M,Y,35,37.0,0,6600,3300
M,WI,S,Y,44,32.0,700,0,400
M,OR,M,Y,3,48.0,0,318,159
F,IN,M,N,49,18.0,0,2000,0
F,NV,S,Y,49,0.0,0,0,0
F,LA,M,Y,3,10.0,0,9000,1000
M,RI,S,N,49,0.0,0,0,0
F,AR,S,Y,26,37.0,20,0,20
M,VT,M,N,18,20.0,0,6600,0
M,VA,S,Y,24,30.0,900,0,900
M,MN,M,Y,41,42.0,0,6600,3300
F,MS,M,Y,19,26.0,0,12000,1500
F,VA,M,Y,44,30.0,0,1800,900
F,AZ,M,N,30,19.0,0,4200,0
M,AZ,M,N,38,21.0,0,4200,0
F,WI,S,Y,25,28.0,700,0,400
M,PR,S,N,26,0.0,0,0,0
M,RI,S,N,0,0.0,0,0,0
F,IA,M,Y,12,22.0,0,80,40
M,GA,S,Y,43,32.0,2700,0,3000
M,NH,M,Y,27,0.0,0,0,0
M,WY,S,N,33,0.0,0,0,0
F,ND,M,Y,12,11.0,0,6600,3300
M,MD,S,Y,46,25.0,2400,0,2400
M,LA,S,Y,28,32.0,4500,0,1000
M,NE,M,N,2,17.0,0,206,0
F,IL,M,Y,45,16.0,0,4000,2000
M,MN,M,N,17,33.0,0,6600,0
F,AZ,S,Y,3,15.0,2100,0,2300
M,WI,M,Y,38,31.0,0,1400,400
F,NH,S,Y,43,0.0,0,0,0
F,OK,S,Y,1,7.0,1000,0,1000
M,LA,M,Y,46,32.0,0,9000,1000
F,IL,S,N,18,16.0,2000,0,0
F,AL,S,Y,34,26.0,1500,0,300
M,MA,M,N,23,28.0,0,7150,0
F,MD,M,Y,27,25.0,0,4800,2400
F,TN,S,Y,31,0.0,0,0,0
F,NC,S,Y,30,37.0,3300,0,3300
F,VA,S,Y,15,30.0,900,0,900
M,CO,M,Y,49,24.0,0,0,0
M,OH,M,N,8,5.0,0,2600,0
F,LA,M,Y,4,10.0,0,9000,1000
M,AK,S,Y,4,0.0,0,0,0
M,DE,S,Y,0,11.0,110,0,110
F,DE,S,N,18,23.0,110,0,0
F,NM,M,N,14,28.0,0,6600,0
M,SC,S,Y,19,37.0,3300,0,3300
M,MD,M,Y,35,25.0,0,4800,2400
F,VT,S,Y,21,20.0,3300,0,3300
M,OK,S,Y,23,33.0,1000,0,1000
F,CO,M,Y,39,24.0,0,0,0
M,ID,S,N,17,41.0,3300,0,0
F,WI,M,N,24,28.0,0,1400,0
F,MN,M,N,16,32.0,0,6600,0
M,MA,S,N,1,28.0,3575,0,0
M,UT,S,N,9,37.0,2475,0,0
M,DE,M,Y,1,11.0,0,220,110
F,MA,M,N,48,28.0,0,7150,0
M,OH,M,N,15,8.0,0,2600,0
F,AK,M,N,19,0.0,0,0,0
M,SD,S,Y,9,0.0,0,0,0
F,DE,M,Y,12,19.0,0,220,110
F,SC,S,Y,35,37.0,3300,0,3300
M,NC,S,Y,41,40.0,3300,0,3300
F,KY,S,N,42,32.0,20,0,0
M,OK,S,Y,25,33.0,1000,0,1000
M,PA,M,Y,29,16.0,0,0,0
M,ND,M,Y,8,11.0,0,6600,3300
F,SD,S,N,41,0.0,0,0,0
M,AK,M,Y,9,0.0,0,0,0
M,MT,S,Y,11,37.0,1900,0,1900
M,PR,M,Y,47,0.0,0,0,0
F,HI,M,N,13,31.0,0,2080,0
F,AL,S,Y,29,26.0,1500,0,300
M,CO,M,Y,32,24.0,0,0,0
F,WI,M,N,19,27.0,0,1400,0
M,VT,S,Y,11,19.0,3300,0,3300
F,AR,S,Y,26,37.0,20,0,20
M,WI,S,Y,17,27.0,700,0,400
M,LA,M,N,37,32.0,0,9000,0
M,NE,M,Y,29,36.0,0,206,103
F,CO,M,Y,39,24.0,0,0,0
M,OH,S,N,33,14.0,1300,0,0
M,WV,M,Y,25,31.0,0,4000,2000
M,MN,M,Y,29,39.0,0,6600,3300
F,NY,M,Y,23,22.0,0,0,1000
F,MO,S,N,6,32.0,2100,0,0
M,MI,S,N,10,20.0,3100,0,0
F,NJ,M,Y,34,11.0,0,2000,1500
M,WA,M,N,27,0.0,0,0,0
F,TX,S,Y,20,0.0,0,0,0
M,VA,S,N,8,30.0,900,0,0
M,VA,M,Y,18,30.0,0,1800,900
F,LA,S,N,12,32.0,4500,0,0
F,OR,M,N,4,48.0,0,318,0
F,MS,M,N,23,26.0,0,12000,0
F,ND,M,Y,9,11.0,0,6600,3300
M,FL,M,N,10,0.0,0,0,0
F,TN,S,N,15,0.0,0,0,0
M,ID,S,N,10,38.0,3300,0,0
F,CO,M,N,45,24.0,0,0,0
M,CA,M,Y,16,40.0,0,174,272
M,RI,M,N,20,0.0,0,0,0
M,NV,M,N,25,0.0,0,0,0
F,ND,M,Y,0,11.0,0,6600,3300
M,NH,M,N,7,0.0,0,0,0
F,KY,M,Y,44,32.0,0,40,20
F,TX,S,N,15,0.0,0,0,0
M,MD,M,Y,40,25.0,0,4800,2400
F,MI,S,N,21,20.0,3100,0,0
M,KY,S,Y,32,29.0,20,0,20
M,CT,M,Y,24,26.0,0,24500,0
F,AR,S,Y,14,37.0,20,0,20
M,NC,M,Y,30,37.0,0,6600,3300
M,NJ,M,N,10,7.0,0,2000,0
M,HI,S,N,32,44.0,1040,0,0
M,IL,S,N,47,16.0,2000,0,0
M,OH,S,Y,38,16.0,1300,0,1300
M,GA,S,N,21,32.0,2700,0,0
M,AZ,M,N,34,20.0,0,4200,0
M,CA,M,Y,20,49.0,0,174,272
F,AR,S,N,28,37.0,20,0,0
F,VA,M,N,13,30.0,0,1800,0
M,SD,S,Y,24,0.0,0,0,0
F,DC,S,N,24,48.0,1370,0,0
F,ME,M,N,41,45.0,0,5700,0
M,NC,M,Y,2,32.0,0,6600,3300
F,MO,S,N,8,32.0,2100,0,0
M,NJ,M,Y,0,7.0,0,2000,1500
M,IA,S,Y,30,48.0,40,0,40
M,GA,M,N,1,15.0,0,5400,0
M,IL,M,Y,26,16.0,0,4000,2000
F,NE,M,Y,26,36.0,0,206,103
M,WA,M,N,9,0.0,0,0,0
M,ME,M,Y,39,45.0,0,5700,2850
M,GA,S,Y,24,32.0,2700,0,3000
F,MT,M,Y,26,37.0,0,3800,1900
F,NE,S,N,41,36.0,103,0,0
M,NE,M,Y,25,36.0,0,206,103
M,ND,S,Y,42,14.0,3300,0,3300
F,MO,M,N,44,32.0,0,4200,0
M,WA,S,Y,33,0.0,0,0,0
F,DC,S,Y,1,24.0,1370,0,1370
M,KS,S,Y,27,34.0,2250,0,2250
M,NH,M,Y,8,0.0,0,0,0
M,AL,M,N,15,26.0,0,3000,0
F,IN,S,N,37,18.0,1000,0,0
M,DE,S,N,22,26.0,110,0,0
M,KY,S,N,15,19.0,20,0,0
F,NJ,M,Y,23,9.0,0,2000,1500
F,NH,S,N,30,0.0,0,0,0
M,ID,S,Y,27,41.0,3300,0,3300
F,PR,S,Y,15,0.0,0,0,0
F,TN,M,Y,36,0.0,0,0,0
F,AZ,M,Y,6,15.0,0,4200,2300
M,NV,M,Y,23,0.0,0,0,0
F,KY,M,N,28,27.0,0,40,0
M,IN,M,Y,32,18.0,0,2000,1000
F,MO,S,N,27,32.0,2100,0,0
F,ND,M,Y,41,14.0,0,6600,3300
M,PA,M,N,4,16.0,0,0,0
F,MT,S,Y,5,31.0,1900,0,1900
F,PA,M,Y,46,16.0,0,0,0
F,TX,M,N,29,0.0,0,0,0
F,RI,S,Y,36,0.0,0,0,0
F,FL,M,Y,3,0.0,0,0,0
F,AZ,S,N,33,20.0,2100,0,0
F,WY,S,Y,46,0.0,0,0,0
M,ND,M,Y,46,15.0,0,6600,3300
F,DE,S,N,26,29.0,110,0,0
F,WA,S,Y,37,0.0,0,0,0
F,LA,S,Y,39,32.0,4500,0,1000
F,PR,M,Y,0,0.0,0,0,0
F,MN,S,Y,32,41.0,3300,0,3300
F,KY,M,N,1,10.0,0,40,0
F,ND,M,N,45,15.0,0,6600,0
F,MD,M,Y,8,25.0,0,4800,2400
M,UT,M,N,17,37.0,0,4950,0
F,NM,M,Y,42,28.0,0,6600,3300
F,NV,M,N,37,0.0,0,0,0
M,NY,M,N,34,23.0,0,0,0
M,IA,M,Y,14,25.0,0,80,40
M,LA,S,N,14,32.0,4500,0,0
F,TX,M,N,30,0.0,0,0,0
F,OH,M,Y,1,3.0,0,2600,1300
M,MA,S,N,39,28.0,3575,0,0
M,IN,S,Y,13,18.0,1000,0,1000
F,PA,S,N,22,16.0,0,0,0
M,GA,M,N,19,32.0,0,5400,0
M,RI,M,Y,28,0.0,0,0,0
F,DC,S,Y,29,48.0,1370,0,1370
M,DE,S,N,33,31.0,110,0,0
M,NE,S,Y,5,22.0,103,0,103
M,KS,M,N,25,34.0,0,4500,0
F,ID,M,N,46,41.0,0,6600,0
M,MI,M,N,40,20.0,0,6200,0
F,OK,M,N,13,33.0,0,2000,0
M,IL,M,Y,3,16.0,0,4000,2000
F,NE,S,Y,34,36.0,103,0,103
F,NC,M,Y,33,38.0,0,6600,3300
M,MI,M,Y,45,20.0,0,6200,3100
M,NV,M,Y,43,0.0,0,0,0
F,UT,S,N,35,37.0,2475,0,0
M,PR,M,N,12,0.0,0,0,0
M,DC,S,N,30,48.0,1370,0,0
F,OH,M,Y,26,12.0,0,2600,1300
F,WV,M,Y,18,26.0,0,4000,2000
F,TX,S,Y,29,0.0,0,0,0
M,WY,M,N,40,0.0,0,0,0
F,AL,M,Y,1,26.0,0,3000,300
F,NM,S,N,43,28.0,3300,0,0
M,OK,S,Y,24,33.0,1000,0,1000
M,WI,M,Y,36,30.0,0,1400,400
M,AR,S,Y,47,37.0,20,0,20
M,AK,M,Y,41,0.0,0,0,0
M,DE,S,N,33,31.0,110,0,0
M,ND,M,Y,39,14.0,0,6600,3300
M,ME,S,N,1,10.0,2850,0,0
F,ME,M,N,43,45.0,0,5700,0
F,SD,M,Y,4,0.0,0,0,0
F,CT,M,Y,33,26.0,0,24500,0
F,ND,S,Y,38,14.0,3300,0,3300
F,NC,S,Y,49,42.0,3300,0,3300
M,IN,S,Y,38,18.0,1000,0,1000
F,IN,S,Y,0,18.0,1000,0,1000
M,HI,M,Y,45,44.0,0,2080,1040
F,HI,S,N,4,15.0,1040,0,0
M,ME,S,N,35,45.0,2850,0,0
F,AZ,M,Y,16,17.0,0,4200,2300
F,MI,S,Y,39,20.0,3100,0,3100
M,CT,S,N,36,26.0,12750,0,0
F,VT,M,N,13,19.0,0,6600,0
M,MA,S,Y,36,28.0,3575,0,1000
M,TN,M,N,24,0.0,0,0,0
F,ME,S,Y,2,10.0,2850,0,2850
M,VT,S,Y,30,22.0,3300,0,3300
F,MD,S,N,47,25.0,2400,0,0
F,KY,M,Y,9,15.0,0,40,20
F,HI,M,Y,45,44.0,0,2080,1040
F,MN,S,Y,29,39.0,3300,0,3300
F,MN,M,N,15,31.0,0,6600,0
F,NE,S,N,6,23.0,103,0,0
F,SC,M,Y,34,37.0,0,6600,3300
M,IA,M,N,43,48.0,0,80,0
F,IN,S,N,8,18.0,1000,0,0
F,AR,S,Y,10,27.0,20,0,20
F,OR,M,Y,19,48.0,0,318,159
M,NJ,M,Y,1,7.0,0,2000,1500
M,NH,S,N,3,0.0,0,0,0
M,KS,S,Y,12,29.0,2250,0,2250
M,MN,M,N,7,28.0,0,6600,0
M,MA,M,N,8,28.0,0,7150,0
F,CA,S,Y,9,22.0,87,0,272
M,TN,M,N,10,0.0,0,0,0
M,IL,S,Y,43,16.0,2000,0,2000
M,WI,S,N,7,25.0,700,0,0
F,IN,M,Y,2,18.0,0,2000,1000
F,PA,S,Y,9,16.0,0,0,0
M,UT,S,N,45,37.0,2475,0,0
M,ND,S,N,42,14.0,3300,0,0
M,NY,M,N,15,22.0,0,0,0
F,WV,S,Y,48,34.0,2000,0,2000
F,NM,S,N,3,13.0,3300,0,0
M,LA,M,Y,41,32.0,0,9000,1000
F,MI,S,Y,14,20.0,3100,0,3100
F,CT,M,N,48,26.0,0,24500,0
F,OR,S,Y,14,48.0,159,0,159
F,DE,S,N,6,14.0,110,0,0
M,CT,S,Y,39,26.0,12750,0,0
M,WY,S,Y,19,0.0,0,0,0
F,VT,M,N,35,23.0,0,6600,0
M,NC,M,Y,1,32.0,0,6600,3300
F,ID,S,N,7,29.0,3300,0,0
F,OK,S,Y,39,33.0,1000,0,1000
F,OH,M,N,7,5.0,0,2600,0
M,SC,M,N,8,37.0,0,6600,0
M,CA,S,N,31,49.0,87,0,0
F,PR,S,N,30,0.0,0,0,0
M,CT,M,N,38,26.0,0,24500,0
M,IL,M,N,45,16.0,0,4000,0
F,OK,S,N,38,33.0,1000,0,0
F,MA,S,Y,14,28.0,3575,0,1000
M,IA,S,Y,8,15.0,40,0,40
M,MI,M,Y,30,20.0,0,6200,3100
F,LA,M,Y,34,32.0,0,9000,1000
F,WY,S,Y,47,0.0,0,0,0
M,NM,M,Y,45,28.0,0,6600,3300
F,MA,S,Y,17,28.0,3575,0,1000
F,OH,S,Y,10,6.0,1300,0,1300
F,AL,M,N,14,26.0,0,3000,0
M,FL,M,N,16,0.0,0,0,0
F,OH,M,N,22,11.0,0,2600,0
F,ID,S,N,35,41.0,3300,0,0
M,SC,S,N,33,37.0,3300,0,0
F,VA,S,Y,32,30.0,900,0,900
M,KY,M,N,44,32.0,0,40,0
F,CT,M,Y,14,26.0,0,24500,0
F,CA,S,Y,35,49.0,87,0,272
M,NC,M,Y,35,38.0,0,6600,3300
M,KY,M,Y,32,29.0,0,40,20
F,IN,M,Y,38,18.0,0,2000,1000
F,ME,M,Y,14,45.0,0,5700,2850
F,AL,M,N,48,26.0,0,3000,0
F,KS,S,N,43,34.0,2250,0,0
M,MO,S,N,17,32.0,2100,0,0
M,AL,M,Y,41,26.0,0,3000,300
M,HI,S,Y,24,44.0,1040,0,1040
F,NM,S,N,0,9.0,3300,0,0
F,NH,S,N,16,0.0,0,0,0
F,SC,S,Y,22,37.0,3300,0,3300
F,DE,S,N,26,29.0,110,0,0
F,CT,M,Y,42,26.0,0,24500,0
F,WA,M,N,23,0.0,0,0,0
M,NE,S,Y,30,36.0,103,0,103
M,NE,M,N,34,36.0,0,206,0
M,NV,S,N,45,0.0,0,0,0
F,VA,M,Y,29,30.0,0,1800,900
M,ND,M,Y,21,12.0,0,6600,3300
M,WI,M,N,19,27.0,0,1400,0
F,MA,M,N,0,28.0,0,7150,0
M,KY,M,Y,39,32.0,0,40,20
M,LA,S,N,22,32.0,4500,0,0
F,ME,M,N,31,45.0,0,5700,0
F,VA,M,Y,40,30.0,0,1800,900
F,NY,S,Y,5,21.0,0,0,1000
M,VA,S,Y,43,30.0,900,0,900
F,OR,M,N,30,48.0,0,318,0
M,SC,M,N,11,37.0,0,6600,0
M,VT,M,N,28,22.0,0,6600,0
F,IA,M,N,3,6.0,0,80,0
M,MN,S,N,41,42.0,3300,0,0
F,WV,S,Y,17,25.0,2000,0,2000
F,WA,S,Y,7,0.0,0,0,0
M,WY,M,Y,2,0.0,0,0,0
M,WA,M,Y,25,0.0,0,0,0
M,NE,S,Y,41,36.0,103,0,103
M,AL,M,Y,41,26.0,0,3000,300
M,MT,S,Y,12,37.0,1900,0,1900
F,WY,M,N,30,0.0,0,0,0
M,CA,S,N,30,49.0,87,0,0
F,PA,S,Y,47,16.0,0,0,0
M,MO,M,N,2,20.0,0,4200,0
F,MT,M,N,40,37.0,0,3800,0
F,MS,M,Y,7,26.0,0,12000,1500
M,VT,S,Y,17,20.0,3300,0,3300
M,MA,M,Y,28,28.0,0,7150,1000
F,PR,M,N,20,0.0,0,0,0
F,PR,S,Y,44,0.0,0,0,0
F,IL,S,Y,20,16.0,2000,0,2000
M,AK,S,Y,38,0.0,0,0,0
M,UT,M,N,17,37.0,0,4950,0
F,TN,M,N,31,0.0,0,0,0
F,OR,S,Y,39,48.0,159,0,159
F,AL,S,N,2,26.0,1500,0,0
F,RI,S,N,4,0.0,0,0,0
F,NC,M,Y,1,32.0,0,6600,3300
F,MO,S,Y,2,21.0,2100,0,1200
F,SC,S,N,44,37.0,3300,0,0
M,PA,M,Y,22,16.0,0,0,0
F,MN,S,N,13,30.0,3300,0,0
F,CT,M,Y,40,26.0,0,24500,0
F,TX,M,N,21,0.0,0,0,0
M,GA,M,Y,21,32.0,0,5400,3000
M,ME,S,N,17,45.0,2850,0,0
M,DE,M,N,21,25.0,0,220,0
F,CA,S,Y,47,49.0,87,0,272
M,TN,M,N,37,0.0,0,0,0
F,MA,M,Y,48,28.0,0,7150,1000
F,UT,S,Y,23,37.0,2475,0,2475
M,FL,M,Y,16,0.0,0,0,0
F,OH,M,N,42,18.0,0,2600,0
M,IL,M,N,4,16.0,0,4000,0
M,CT,S,Y,37,26.0,12750,0,0
M,SD,S,N,11,0.0,0,0,0
F,NV,S,Y,9,0.0,0,0,0
M,ID,M,Y,34,41.0,0,6600,3300
M,MS,M,Y,30,26.0,0,12000,1500
F,WY,S,Y,24,0.0,0,0,0
F,NM,M,Y,46,28.0,0,6600,3300
F,NV,M,N,32,0.0,0,0,0
M,TX,S,N,0,0.0,0,0,0
F,GA,S,Y,27,32.0,2700,0,3000
F,OR,S,N,47,48.0,159,0,0
F,NH,S,Y,19,0.0,0,0,0
F,PR,M,N,11,0.0,0,0,0
F,AL,M,N,8,26.0,0,3000,0
M,TX,S,Y,1,0.0,0,0,0
M,TX,S,Y,6,0.0,0,0,0
M,ID,S,N,37,41.0,3300,0,0
M,WY,M,Y,2,0.0,0,0,0
F,SC,S,Y,1,14.0,3300,0,3300
F,CT,M,Y,39,26.0,0,24500,0
F,AL,S,Y,39,26.0,1500,0,300
F,RI,S,N,43,0.0,0,0,0
M,NY,S,N,46,24.0,0,0,0
F,MS,S,N,13,26.0,6000,0,0
F,DC,M,Y,4,24.0,0,2740,1370
F,AZ,S,N,45,22.0,2100,0,0
M,SD,M,N,25,0.0,0,0,0
F,WY,S,Y,34,0.0,0,0,0
M,DC,M,N,10,38.0,0,2740,0
M,WI,M,Y,46,32.0,0,1400,400
F,NM,S,Y,25,28.0,3300,0,3300
F,MI,M,Y,0,20.0,0,6200,3100
M,PA,S,Y,1,16.0,0,0,0
F,GA,M,N,19,32.0,0,5400,0
F,NE,S,Y,23,36.0,103,0,103
M,AL,S,N,20,26.0,1500,0,0
M,MD,M,Y,25,25.0,0,4800,2400
F,ND,S,Y,7,11.0,3300,0,3300
F,IA,S,N,28,48.0,40,0,0
F,TX,M,Y,49,0.0,0,0,0
M,NE,S,Y,37,36.0,103,0,103
M,DE,M,N,26,29.0,0,220,0
M,NJ,S,N,40,12.0,1000,0,0
M,IN,S,N,12,18.0,1000,0,0
F,MO,S,N,6,32.0,2100,0,0
F,SD,S,N,11,0.0,0,0,0
F,OR,M,Y,26,48.0,0,318,159
F,CA,S,N,28,49.0,87,0,0
M,WI,M,N,25,28.0,0,1400,0
M,KS,M,N,49,34.0,0,4500,0
F,DC,M,Y,23,48.0,0,2740,1370
M,MO,S,N,10,32.0,2100,0,0
M,IL,M,N,41,16.0,0,4000,0
M,DC,M,Y,28,48.0,0,2740,1370
F,NY,S,N,38,23.0,0,0,0
F,CO,S,Y,19,24.0,0,0,0
M,MI,M,Y,45,20.0,0,6200,3100
M,UT,S,Y,46,37.0,2475,0,2475
F,FL,M,N,24,0.0,0,0,0
F,WV,M,N,12,21.0,0,4000,0
M,GA,M,Y,40,32.0,0,5400,3000
M,WA,M,Y,2,0.0,0,0,0
F,PA,S,N,23,16.0,0,0,0
F,MO,S,Y,13,32.0,2100,0,1200
F,KS,S,N,6,18.0,2250,0,0
F,CT,M,Y,22,26.0,0,24500,0
F,SD,M,N,45,0.0,0,0,0
F,IN,M,Y,12,18.0,0,2000,1000
M,NH,S,N,23,0.0,0,0,0
M,IA,S,N,15,27.0,40,0,0
M,PA,M,N,45,16.0,0,0,0
M,OK,M,N,17,33.0,0,2000,0
F,IN,S,Y,13,18.0,1000,0,1000
M,ME,M,Y,8,45.0,0,5700,2850
F,VT,S,N,17,19.0,3300,0,0
M,SC,S,N,9,37.0,3300,0,0
F,IN,S,N,35,18.0,1000,0,0
F,AZ,S,N,7,15.0,2100,0,0
F,DE,M,N,14,20.0,0,220,0
M,TX,S,N,39,0.0,0,0,0
M,CA,M,Y,34,49.0,0,174,272
M,CT,M,Y,30,26.0,0,24500,0
M,CT,M,N,14,26.0,0,24500,0
M,HI,M,Y,28,44.0,0,2080,1040
F,MT,M,Y,44,37.0,0,3800,1900
F,MD,M,N,45,25.0,0,4800,0
M,UT,S,N,15,37.0,2475,0,0
M,HI,M,Y,16,37.0,0,2080,1040
F,NC,M,Y,4,32.0,0,6600,3300
M,RI,S,N,4,0.0,0,0,0
F,NY,S,Y,48,24.0,0,0,1000
F,CA,S,N,39,49.0,87,0,0
M,ID,S,N,22,41.0,3300,0,0
F,ND,M,Y,27,12.0,0,6600,3300
F,KS,S,Y,35,34.0,2250,0,2250
M,WA,M,Y,12,0.0,0,0,0
F,DE,S,Y,31,31.0,110,0,110
F,MD,M,Y,45,25.0,0,4800,2400
M,AK,M,Y,43,0.0,0,0,0
F,NC,M,N,46,41.0,0,6600,0
M,ND,S,Y,13,11.0,3300,0,3300
F,NH,S,Y,40,0.0,0,0,0
M,ME,M,Y,9,45.0,0,5700,2850
F,PR,M,N,26,0.0,0,0,0
M,TN,M,Y,48,0.0,0,0,0
F,IA,S,Y,27,46.0,40,0,40
M,FL,M,N,32,0.0,0,0,0
F,OR,M,N,22,48.0,0,318,0
M,IL,M,Y,17,16.0,0,4000,2000
M,MA,S,N,23,28.0,3575,0,0
F,ME,M,Y,45,45.0,0,5700,2850
F,CA,S,Y,40,49.0,87,0,272
F,MT,S,N,48,37.0,1900,0,0
M,NE,M,N,43,36.0,0,206,0
F,IL,S,Y,48,16.0,2000,0,2000
M,NH,M,N,19,0.0,0,0,0
F,NY,S,N,11,21.0,0,0,0
M,OK,M,Y,7,33.0,0,2000,1000
M,NJ,S,Y,42,12.0,1000,0,1500
M,ND,S,Y,20,11.0,3300,0,3300
F,RI,S,N,9,0.0,0,0,0
F,IN,S,Y,3,18.0,1000,0,1000
F,CT,S,N,24,26.0,12750,0,0
F,NE,S,Y,7,25.0,103,0,103
M,NE,M,Y,1,14.0,0,206,103
F,CT,M,Y,27,26.0,0,24500,0
M,ND,S,N,10,11.0,3300,0,0
F,ND,S,Y,19,11.0,3300,0,3300
F,MT,S,Y,13,37.0,1900,0,1900
F,SD,M,Y,8,0.0,0,0,0
M,FL,M,Y,25,0.0,0,0,0
M,MD,M,Y,25,25.0,0,4800,2400
M,WI,M,N,8,25.0,0,1400,0
M,ID,M,N,46,41.0,0,6600,0
M,MT,S,N,47,37.0,1900,0,0
F,ND,S,N,37,14.0,3300,0,0
M,IA,S,Y,46,48.0,40,0,40
M,MO,M,N,13,32.0,0,4200,0
M,MI,S,Y,16,20.0,3100,0,3100
M,CT,M,Y,21,26.0,0,24500,0
M,OK,M,Y,13,33.0,0,2000,1000
F,KY,M,Y,43,32.0,0,40,20
M,ND,S,N,45,15.0,3300,0,0
F,CT,M,Y,36,26.0,0,24500,0
M,IA,S,N,36,48.0,40,0,0
F,MI,S,Y,43,20.0,3100,0,3100
M,VA,M,N,42,30.0,0,1800,0
M,MA,M,N,7,28.0,0,7150,0
M,CO,S,N,18,24.0,0,0,0
M,AR,M,N,28,37.0,0,40,0
F,DC,M,N,38,48.0,0,2740,0
F,MA,M,Y,17,28.0,0,7150,1000
M,AR,S,Y,9,26.0,20,0,20
F,NV,S,N,36,0.0,0,0,0
M,IA,M,N,32,48.0,0,80,0
F,NJ,M,N,19,9.0,0,2000,0
F,IN,M,N,39,18.0,0,2000,0
M,OK,S,Y,21,33.0,1000,0,1000
F,IL,S,Y,47,16.0,2000,0,2000
F,IN,S,N,3,18.0,1000,0,0
M,WA,S,Y,20,0.0,0,0,0
M,MS,M,Y,37,26.0,0,12000,1500
M,SC,S,Y,7,37.0,3300,0,3300
F,TN,M,N,47,0.0,0,0,0
M,MS,M,N,21,26.0,0,12000,0
M,ND,S,Y,31,13.0,3300,0,3300
F,AR,M,N,36,37.0,0,40,0
F,KS,M,N,46,34.0,0,4500,0
M,AZ,S,Y,43,21.0,2100,0,2300
M,CA,M,N,14,34.0,0,174,0
M,VA,M,N,32,30.0,0,1800,0
F,AR,S,Y,15,37.0,20,0,20
F,ME,S,N,40,45.0,2850,0,0
F,KY,S,Y,2,11.0,20,0,20
F,CA,M,Y,20,49.0,0,174,272
F,DE,S,Y,7,15.0,110,0,110
M,AK,M,Y,14,0.0,0,0,0
M,MD,M,Y,23,25.0,0,4800,2400
M,CO,S,Y,8,24.0,0,0,0
F,VT,M,N,39,24.0,0,6600,0
F,AK,M,N,35,0.0,0,0,0
M,NH,M,Y,3,0.0,0,0,0
F,SC,M,Y,5,33.0,0,6600,3300
F,RI,S,N,11,0.0,0,0,0
F,NY,S,N,7,21.0,0,0,0
F,MT,M,Y,8,37.0,0,3800,1900
M,WV,S,Y,27,33.0,2000,0,2000
F,WI,M,N,32,29.0,0,1400,0
F,CT,M,Y,26,26.0,0,24500,0
M,MS,S,Y,48,26.0,6000,0,1500
F,PR,M,N,11,0.0,0,0,0
F,DC,S,N,17,48.0,1370,0,0
M,OR,M,N,35,48.0,0,318,0
F,AR,S,N,35,37.0,20,0,0
F,CA,M,N,27,49.0,0,174,0
M,CA,S,N,16,39.0,87,0,0
F,FL,S,Y,38,0.0,0,0,0
M,NV,S,N,6,0.0,0,0,0
F,VT,S,N,18,20.0,3300,0,0
M,GA,M,Y,25,32.0,0,5400,3000
F,MO,M,Y,20,32.0,0,4200,1200
M,MT,S,N,16,37.0,1900,0,0
M,IN,M,N,11,18.0,0,2000,0
M,MD,M,Y,17,25.0,0,4800,2400
M,NE,M,N,44,36.0,0,206,0
M,AR,S,N,7,20.0,20,0,0
F,AK,M,Y,28,0.0,0,0,0
M,MO,M,Y,37,32.0,0,4200,1200
M,WI,M,Y,14,26.0,0,1400,400
F,GA,S,Y,2,27.0,2700,0,3000
F,AL,M,N,33,26.0,0,3000,0
M,DC,S,Y,25,48.0,1370,0,1370
F,GA,M,N,29,32.0,0,5400,0
M,WA,S,Y,31,0.0,0,0,0
M,MI,S,Y,25,20.0,3100,0,3100
F,IL,S,N,40,16.0,2000,0,0
M,DC,S,N,24,48.0,1370,0,0
F,AR,S,N,0,5.0,20,0,0
M,ME,M,N,49,45.0,0,5700,0
M,NH,S,N,9,0.0,0,0,0
M,OR,M,Y,47,48.0,0,318,159
F,ME,M,N,22,45.0,0,5700,0
M,OR,S,Y,41,48.0,159,0,159
F,KS,S,Y,26,34.0,2250,0,2250
M,UT,S,N,28,37.0,2475,0,0
M,OH,S,Y,35,15.0,1300,0,1300
M,MA,S,Y,41,28.0,3575,0,1000
F,MN,M,N,14,31.0,0,6600,0
F,PA,S,Y,5,16.0,0,0,0
F,RI,M,N,28,0.0,0,0,0
M,WA,S,Y,29,0.0,0,0,0
F,CA,M,Y,36,49.0,0,174,272
F,NV,M,Y,15,0.0,0,0,0
M,PA,M,Y,48,16.0,0,0,0
F,NY,M,Y,3,21.0,0,0,1000
M,ME,M,N,22,45.0,0,5700,0
M,SD,M,Y,10,0.0,0,0,0
F,IL,S,N,34,16.0,2000,0,0
F,WA,M,N,13,0.0,0,0,0
F,GA,M,N,40,32.0,0,5400,0
M,TN,M,Y,43,0.0,0,0,0
M,CA,S,N,27,49.0,87,0,0
F,WI,M,Y,46,32.0,0,1400,400
M,IN,S,N,1,18.0,1000,0,0
M,TX,M,N,10,0.0,0,0,0
M,MT,M,N,27,37.0,0,3800,0
F,DC,S,N,17,48.0,1370,0,0
F,IN,S,N,9,18.0,1000,0,0
F,MI,M,N,4,20.0,0,6200,0
M,NY,M,Y,4,21.0,0,0,1000
M,OH,M,Y,30,13.0,0,2600,1300
M,MI,M,Y,44,20.0,0,6200,3100
F,SD,S,N,34,0.0,0,0,0
F,IA,S,N,17,29.0,40,0,0
F,NE,M,N,10,32.0,0,206,0
M,FL,M,N,30,0.0,0,0,0
M,MO,M,N,24,32.0,0,4200,0
F,DC,S,N,41,48.0,1370,0,0
M,NV,S,N,16,0.0,0,0,0
M,WI,M,Y,21,28.0,0,1400,400
F,WV,S,N,31,34.0,2000,0,0
F,AZ,M,N,44,22.0,0,4200,0
F,OR,S,Y,47,48.0,159,0,159
M,WA,M,Y,48,0.0,0,0,0
F,AR,S,N,10,27.0,20,0,0
M,MS,M,N,21,26.0,0,12000,0
M,NE,M,Y,48,36.0,0,206,103
M,OR,S,Y,24,48.0,159,0,159
F,IA,M,Y,6,12.0,0,80,40
M,NM,S,N,13,28.0,3300,0,0
F,CA,S,Y,33,49.0,87,0,272
F,OH,S,N,27,12.0,1300,0,0
F,GA,M,Y,47,32.0,0,5400,3000
F,VA,M,N,13,30.0,0,1800,0
F,KY,S,N,35,31.0,20,0,0
F,MI,S,Y,30,20.0,3100,0,3100
F,NH,M,Y,38,0.0,0,0,0
F,IA,S,N,31,48.0,40,0,0
F,IL,S,N,30,16.0,2000,0,0
F,DE,S,N,23,27.0,110,0,0
M,IL,S,N,19,16.0,2000,0,0
M,VT,M,N,3,19.0,0,6600,0
F,VA,M,Y,37,30.0,0,1800,900
M,PR,M,Y,8,0.0,0,0,0
M,WY,S,N,37,0.0,0,0,0
M,DE,S,N,4,13.0,110,0,0
F,WA,S,Y,40,0.0,0,0,0
F,MN,S,Y,15,31.0,3300,0,3300
M,TX,S,N,23,0.0,0,0,0
M,IN,M,N,43,18.0,0,2000,0
F,MN,M,N,39,42.0,0,6600,0
M,SC,M,N,8,37.0,0,6600,0
F,NM,M,Y,38,28.0,0,6600,3300
M,IA,M,Y,17,29.0,0,80,40
F,ID,S,N,9,35.0,3300,0,0
F,WI,M,N,12,26.0,0,1400,0
F,MD,M,Y,28,25.0,0,4800,2400
M,IA,M,Y,22,38.0,0,80,40
F,KY,M,Y,38,32.0,0,40,20
F,NY,M,N,41,23.0,0,0,0
F,GA,M,Y,9,32.0,0,5400,3000
F,IA,M,N,19,32.0,0,80,0
M,KY,S,N,13,18.0,20,0,0
M,NJ,M,Y,41,12.0,0,2000,1500
M,FL,M,Y,23,0.0,0,0,0
F,MI,S,Y,6,20.0,3100,0,3100
F,MN,M,N,22,35.0,0,6600,0
F,AR,M,N,13,36.0,0,40,0
M,NJ,M,Y,34,11.0,0,2000,1500
F,PR,M,N,48,0.0,0,0,0
M,IN,M,Y,8,18.0,0,2000,1000
M,RI,S,N,30,0.0,0,0,0
F,MO,M,N,22,32.0,0,4200,0
F,NE,S,N,48,36.0,103,0,0
F,WV,S,Y,6,17.0,2000,0,2000
F,WI,M,N,0,24.0,0,1400,0
M,IA,M,N,10,18.0,0,80,0
M,SC,S,N,34,37.0,3300,0,0
F,MN,S,N,13,30.0,3300,0,0
M,IA,S,N,14,25.0,40,0,0
F,AK,M,N,22,0.0,0,0,0
M,AK,S,Y,33,0.0,0,0,0
F,UT,S,N,25,37.0,2475,0,0
M,IA,S,Y,21,37.0,40,0,40
M,ME,M,N,31,45.0,0,5700,0
F,MN,S,Y,41,42.0,3300,0,3300
F,KY,M,N,4,12.0,0,40,0
M,DE,S,Y,47,31.0,110,0,110
F,SD,M,N,33,0.0,0,0,0
M,SC,S,Y,22,37.0,3300,0,3300
F,VT,S,Y,28,22.0,3300,0,3300
F,LA,M,N,44,32.0,0,9000,0
M,DE,M,N,21,25.0,0,220,0
F,RI,S,N,33,0.0,0,0,0
F,MS,M,N,13,26.0,0,12000,0
M,WY,M,N,38,0.0,0,0,0
M,KY,M,N,38,32.0,0,40,0
F,LA,M,Y,30,32.0,0,9000,1000
F,MO,S,Y,23,32.0,2100,0,1200
F,NV,M,Y,2,0.0,0,0,0
M,MN,S,Y,18,33.0,3300,0,3300
F,RI,M,N,3,0.0,0,0,0
M,MO,M,Y,40,32.0,0,4200,1200
F,NM,S,N,26,28.0,3300,0,0
M,KS,M,N,6,18.0,0,4500,0
M,WY,M,N,3,0.0,0,0,0
F,NC,M,Y,11,33.0,0,6600,3300
M,WY,M,N,36,0.0,0,0,0
F,VA,S,N,39,30.0,900,0,0
M,NV,S,N,23,0.0,0,0,0
F,ID,M,Y,11,41.0,0,6600,3300
F,WI,S,Y,30,29.0,700,0,400
F,AR,M,Y,7,21.0,0,40,20
F,NC,M,N,18,34.0,0,6600,0
M,DC,M,Y,45,48.0,0,2740,1370
F,NJ,M,Y,20,9.0,0,2000,1500
F,DC,M,N,42,48.0,0,2740,0
M,WY,S,Y,15,0.0,0,0,0
M,CO,M,Y,31,24.0,0,0,0
M,HI,M,Y,27,44.0,0,2080,1040
M,OR,S,N,17,48.0,159,0,0
M,MI,M,Y,14,20.0,0,6200,3100
M,OH,S,N,36,16.0,1300,0,0
M,MS,M,Y,16,26.0,0,12000,1500
F,NJ,M,N,5,7.0,0,2000,0
F,DE,M,Y,24,27.0,0,220,110
F,AL,S,Y,0,10.0,1500,0,300
M,ID,M,Y,18,41.0,0,6600,3300
M,MN,S,Y,45,42.0,3300,0,3300
F,DC,M,N,26,48.0,0,2740,0
M,UT,M,Y,20,37.0,0,4950,2475
M,NM,M,N,13,28.0,0,6600,0
M,LA,S,N,4,10.0,4500,0,0
F,FL,S,Y,7,0.0,0,0,0
M,NV,S,Y,36,0.0,0,0,0
F,TX,S,N,48,0.0,0,0,0
M,IA,M,N,12,22.0,0,80,0
F,MN,M,N,43,42.0,0,6600,0
F,NH,S,Y,46,0.0,0,0,0
M,NH,M,N,19,0.0,0,0,0
F,HI,S,N,16,37.0,1040,0,0
M,WA,M,N,42,0.0,0,0,0
F,MT,M,Y,30,37.0,0,3800,1900
M,ID,S,Y,6,27.0,3300,0,3300
M,NM,M,Y,8,28.0,0,6600,3300
F,FL,S,Y,3,0.0,0,0,0
M,PR,M,Y,39,0.0,0,0,0
F,LA,S,N,31,32.0,4500,0,0
F,CT,S,N,32,26.0,12750,0,0
M,UT,M,N,47,37.0,0,4950,0
M,VA,S,N,23,30.0,900,0,0
M,VA,S,Y,1,10.0,900,0,900
M,AL,M,Y,12,26.0,0,3000,300
F,WA,S,N,16,0.0,0,0,0
M,NJ,S,Y,43,13.0,1000,0,1500
M,NV,M,N,37,0.0,0,0,0
M,MS,S,N,34,26.0,6000,0,0
M,AR,S,Y,34,37.0,20,0,20
F,PR,S,Y,36,0.0,0,0,0
F,IA,S,N,27,47.0,40,0,0
M,GA,S,Y,23,32.0,2700,0,3000
F,AK,S,Y,37,0.0,0,0,0
M,AR,M,Y,47,37.0,0,40,20
M,NH,M,Y,21,0.0,0,0,0
M,ND,M,Y,26,12.0,0,6600,3300
M,GA,S,Y,24,32.0,2700,0,3000
M,WA,S,Y,14,0.0,0,0,0
M,CO,S,Y,43,24.0,0,0,0
M,CA,M,Y,31,49.0,0,174,272
F,SD,M,N,41,0.0,0,0,0
F,IA,S,N,32,48.0,40,0,0
M,IN,M,N,14,18.0,0,2000,0
M,VA,S,Y,49,30.0,900,0,900
M,WI,M,Y,3,24.0,0,1400,400
F,NY,S,N,13,22.0,0,0,0
M,AZ,M,N,41,21.0,0,4200,0
M,WI,M,Y,16,27.0,0,1400,400
F,CO,S,Y,28,24.0,0,0,0
M,ID,M,Y,29,41.0,0,6600,3300
F,MA,S,Y,32,28.0,3575,0,1000
M,ND,S,Y,20,11.0,3300,0,3300
F,NY,M,N,16,22.0,0,0,0
M,LA,S,Y,29,32.0,4500,0,1000
M,IA,S,N,7,13.0,40,0,0
M,CT,M,N,9,26.0,0,24500,0
F,PA,S,Y,4,16.0,0,0,0
M,AL,S,N,15,26.0,1500,0,0
M,NJ,S,Y,4,7.0,1000,0,1500
M,OH,S,Y,41,17.0,1300,0,1300
F,NV,S,N,21,0.0,0,0,0
M,VA,M,N,42,30.0,0,1800,0
F,CA,S,N,20,49.0,87,0,0
M,ID,M,Y,33,41.0,0,6600,3300
M,TX,S,N,23,0.0,0,0,0
F,DC,S,Y,33,48.0,1370,0,1370
M,AL,S,Y,23,26.0,1500,0,300
M,TN,S,N,5,0.0,0,0,0
F,NC,S,Y,10,33.0,3300,0,3300
M,MI,S,N,15,20.0,3100,0,0
F,CA,M,N,18,45.0,0,174,0
F,NM,M,N,0,9.0,0,6600,0
M,HI,M,Y,33,44.0,0,2080,1040
F,DC,M,N,20,48.0,0,2740,0
M,PA,S,N,8,16.0,0,0,0
F,AZ,S,N,20,18.0,2100,0,0
M,IA,S,Y,40,48.0,40,0,40
M,PR,M,Y,1,0.0,0,0,0
F,MI,M,N,41,20.0,0,6200,0
M,IL,M,Y,48,16.0,0,4000,2000
F,CT,M,Y,12,26.0,0,24500,0
F,SD,S,N,5,0.0,0,0,0
M,MO,S,Y,28,32.0,2100,0,1200
M,RI,M,Y,28,0.0,0,0,0
F,UT,S,Y,3,37.0,2475,0,2475
M,NY,S,N,32,23.0,0,0,0
M,ND,S,Y,15,11.0,3300,0,3300
M,FL,S,Y,40,0.0,0,0,0
M,CT,M,N,6,26.0,0,24500,0
F,OR,S,N,31,48.0,159,0,0
M,WA,S,Y,30,0.0,0,0,0
F,AK,M,N,34,0.0,0,0,0
F,SC,M,Y,36,37.0,0,6600,3300
M,PR,S,N,15,0.0,0,0,0
F,DC,M,Y,41,48.0,0,2740,1370
M,MD,M,Y,10,25.0,0,4800,2400
M,MI,S,Y,2,20.0,3100,0,3100
M,CA,M,N,40,49.0,0,174,0
F,KS,M,Y,32,34.0,0,4500,2250
M,AL,S,Y,13,26.0,1500,0,300
F,KS,S,N,48,34.0,2250,0,0
F,NE,M,Y,47,36.0,0,206,103
M,GA,S,Y,10,32.0,2700,0,3000
M,HI,S,N,3,12.0,1040,0,0
M,VT,M,Y,34,23.0,0,6600,3300
M,LA,S,Y,35,32.0,4500,0,1000
M,IL,S,Y,13,16.0,2000,0,2000
M,NM,M,Y,32,28.0,0,6600,3300
M,VA,S,Y,28,30.0,900,0,900
M,MD,S,Y,31,25.0,2400,0,2400
M,IA,S,Y,26,44.0,40,0,40
F,CT,M,Y,24,26.0,0,24500,0
M,CA,S,Y,15,37.0,87,0,272
M,AL,S,N,20,26.0,1500,0,0
F,NC,S,Y,38,39.0,3300,0,3300
M,DE,M,N,49,31.0,0,220,0
M,AR,M,N,35,37.0,0,40,0
F,WV,S,Y,20,27.0,2000,0,2000
F,PR,S,N,7,0.0,0,0,0
M,IN,M,N,42,18.0,0,2000,0
M,MD,S,N,5,25.0,2400,0,0
M,NY,M,Y,19,22.0,0,0,1000
F,MD,M,N,9,25.0,0,4800,0
F,TX,S,Y,14,0.0,0,0,0
F,NJ,M,Y,47,13.0,0,2000,1500
M,MS,S,Y,19,26.0,6000,0,1500
F,AK,M,N,19,0.0,0,0,0
M,MT,S,N,39,37.0,1900,0,0
F,NE,M,Y,12,35.0,0,206,103
M,PR,S,Y,45,0.0,0,0,0
F,CO,S,Y,11,24.0,0,0,0
F,MI,S,Y,10,20.0,3100,0,3100
M,TN,S,Y,23,0.0,0,0,0
F,WI,S,Y,40,31.0,700,0,400
F,PA,S,N,38,16.0,0,0,0
F,OR,S,N,17,48.0,159,0,0
M,AR,S,N,37,37.0,20,0,0
M,HI,M,N,10,25.0,0,2080,0
M,WY,M,Y,35,0.0,0,0,0
F,MS,M,Y,37,26.0,0,12000,1500
M,MI,M,N,2,20.0,0,6200,0
M,TN,S,N,36,0.0,0,0,0
M,MA,S,Y,14,28.0,3575,0,1000
F,CO,M,N,47,24.0,0,0,0
F,PR,M,N,32,0.0,0,0,0
F,KS,S,N,46,34.0,2250,0,0
F,VT,S,Y,9,19.0,3300,0,3300
M,HI,M,Y,24,44.0,0,2080,1040
M,MO,M,Y,10,32.0,0,4200,1200
M,KY,S,N,37,32.0,20,0,0
F,WY,S,Y,3,0.0,0,0,0
M,OR,S,N,31,48.0,159,0,0
F,CO,S,N,12,24.0,0,0,0
F,GA,M,N,17,32.0,0,5400,0
F,PR,M,Y,39,0.0,0,0,0
F,MI,S,Y,14,20.0,3100,0,3100
F,MO,M,Y,4,32.0,0,4200,1200
F,VT,M,Y,44,25.0,0,6600,3300
F,UT,S,N,44,37.0,2475,0,0
F,PR,S,N,34,0.0,0,0,0
M,MI,M,Y,32,20.0,0,6200,3100
F,FL,S,N,32,0.0,0,0,0
F,WV,S,N,0,16.0,2000,0,0
M,NY,M,N,9,21.0,0,0,0
F,WA,M,Y,12,0.0,0,0,0
M,NY,M,N,28,23.0,0,0,0
M,IL,S,N,48,16.0,2000,0,0
M,NV,S,N,26,0.0,0,0,0
M,MA,M,N,14,28.0,0,7150,0
M,IN,S,N,11,18.0,1000,0,0
M,AL,S,Y,15,26.0,1500,0,300
F,AR,S,Y,25,37.0,20,0,20
F,NY,M,N,30,23.0,0,0,0
M,MN,M,Y,42,42.0,0,6600,3300
F,KY,M,Y,29,27.0,0,40,20
M,ID,S,Y,1,10.0,3300,0,3300
F,TN,S,Y,5,0.0,0,0,0
M,HI,S,N,18,42.0,1040,0,0
F,DC,S,Y,8,32.0,1370,0,1370
M,PR,M,N,9,0.0,0,0,0
F,OH,S,Y,16,8.0,1300,0,1300
F,MA,S,Y,19,28.0,3575,0,1000
F,TX,S,N,27,0.0,0,0,0
M,PR,M,N,20,0.0,0,0,0
F,OH,S,N,23,11.0,1300,0,0
M,MO,M,Y,10,32.0,0,4200,1200
M,VT,M,N,49,26.0,0,6600,0
F,WV,M,N,2,16.0,0,4000,0
M,ME,M,N,22,45.0,0,5700,0
M,HI,S,N,7,21.0,1040,0,0
F,AL,S,N,43,26.0,1500,0,0
F,CO,S,Y,33,24.0,0,0,0
M,NC,S,Y,15,34.0,3300,0,3300
F,SC,M,Y,47,37.0,0,6600,3300
M,AZ,S,Y,40,21.0,2100,0,2300
M,WY,M,Y,3,0.0,0,0,0
F,OR,M,Y,4,48.0,0,318,159
F,MI,M,Y,12,20.0,0,6200,3100
M,TX,S,Y,33,0.0,0,0,0
M,SC,M,N,24,37.0,0,6600,0
M,MN,S,Y,39,42.0,3300,0,3300
M,SD,M,Y,11,0.0,0,0,0
M,NV,M,N,43,0.0,0,0,0
M,NY,S,Y,33,23.0,0,0,1000
M,NV,M,N,15,0.0,0,0,0
F,CA,S,N,27,49.0,87,0,0
M,ME,M,N,18,45.0,0,5700,0
F,MS,M,Y,14,26.0,0,12000,1500
M,ID,S,Y,18,41.0,3300,0,3300
F,NE,S,N,24,36.0,103,0,0
F,NC,M,N,39,39.0,0,6600,0
M,AK,M,Y,12,0.0,0,0,0
F,SC,S,N,32,37.0,3300,0,0
F,IA,S,N,43,48.0,40,0,0
M,ND,S,Y,25,12.0,3300,0,3300
F,PA,S,N,34,16.0,0,0,0
M,OK,S,Y,47,33.0,1000,0,1000
M,OR,S,N,49,48.0,159,0,0
M,IL,S,N,15,16.0,2000,0,0
F,FL,M,N,33,0.0,0,0,0
M,TN,M,Y,47,0.0,0,0,0
F,SC,S,Y,4,27.0,3300,0,3300
F,HI,S,Y,37,44.0,1040,0,1040
M,MT,S,Y,10,37.0,1900,0,1900
M,VT,S,N,28,22.0,3300,0,0
M,NE,M,N,3,18.0,0,206,0
M,NV,S,Y,40,0.0,0,0,0
M,SC,S,Y,47,37.0,3300,0,3300
F,NV,M,N,33,0.0,0,0,0
F,MA,S,Y,2,28.0,3575,0,1000
F,ND,S,Y,7,11.0,3300,0,3300
F,OR,S,N,23,48.0,159,0,0
M,WY,M,Y,45,0.0,0,0,0
M,KS,M,Y,3,18.0,0,4500,2250
F,NE,S,Y,20,36.0,103,0,103
F,NE,M,N,35,36.0,0,206,0
M,MN,M,Y,1,28.0,0,6600,3300
M,DE,S,Y,1,11.0,110,0,110
M,WA,S,N,16,0.0,0,0,0
F,IA,M,N,47,48.0,0,80,0
F,PR,M,Y,40,0.0,0,0,0
F,MS,S,Y,27,26.0,6000,0,1500
F,MA,S,N,2,28.0,3575,0,0
M,AZ,M,Y,29,19.0,0,4200,2300
F,MD,M,N,13,25.0,0,4800,0
F,NC,S,N,45,41.0,3300,0,0
M,CO,S,N,42,24.0,0,0,0
M,MN,S,Y,16,32.0,3300,0,3300
F,PA,S,Y,33,16.0,0,0,0
F,WV,M,N,48,34.0,0,4000,0
F,PA,M,Y,5,16.0,0,0,0
M,CO,S,Y,1,24.0,0,0,0
F,KS,M,Y,18,34.0,0,4500,2250
F,VA,M,Y,44,30.0,0,1800,900
M,PA,S,N,17,16.0,0,0,0
M,NC,M,Y,32,38.0,0,6600,3300
F,IL,S,Y,5,16.0,2000,0,2000
M,MD,M,N,45,25.0,0,4800,0
M,AK,M,Y,22,0.0,0,0,0
F,AZ,S,N,19,17.0,2100,0,0
M,SD,M,Y,42,0.0,0,0,0
F,TX,S,Y,20,0.0,0,0,0
M,MO,S,Y,11,32.0,2100,0,1200
F,MI,M,N,7,20.0,0,6200,0
M,NV,S,Y,48,0.0,0,0,0
F,NY,S,Y,40,23.0,0,0,1000
M,CA,S,Y,48,49.0,87,0,272
M,AL,M,Y,33,26.0,0,3000,300
M,WY,S,Y,44,0.0,0,0,0
M,VA,S,Y,3,17.0,900,0,900
F,AL,M,Y,47,26.0,0,3000,300
M,PA,S,N,16,16.0,0,0,0
F,ND,S,Y,42,14.0,3300,0,3300
M,DE,S,N,36,31.0,110,0,0
M,AR,M,N,42,37.0,0,40,0
M,NH,M,N,4,0.0,0,0,0
M,MS,S,Y,18,26.0,6000,0,1500
M,DE,S,Y,22,26.0,110,0,110
M,MO,S,Y,12,32.0,2100,0,1200
M,ID,S,Y,34,41.0,3300,0,3300
M,FL,M,N,8,0.0,0,0,0
M,AR,M,N,47,37.0,0,40,0
F,AK,M,N,36,0.0,0,0,0
F,KS,S,Y,26,34.0,2250,0,2250
M,MD,M,Y,37,25.0,0,4800,2400
M,WV,M,Y,1,16.0,0,4000,2000
F,CO,M,N,23,24.0,0,0,0
F,MS,M,N,4,24.0,0,12000,0
M,MA,S,N,49,28.0,3575,0,0
M,KS,S,Y,31,34.0,2250,0,2250
M,HI,M,N,22,44.0,0,2080,0
F,WV,S,Y,3,16.0,2000,0,2000
M,AR,M,N,20,37.0,0,40,0
M,FL,M,N,23,0.0,0,0,0
M,NC,M,Y,1,32.0,0,6600,3300
F,ND,M,Y,15,11.0,0,6600,3300
F,IL,M,N,2,16.0,0,4000,0
F,CO,M,N,25,24.0,0,0,0
F,AL,S,Y,30,26.0,1500,0,300
M,OH,M,Y,18,9.0,0,2600,1300
F,AL,M,N,38,26.0,0,3000,0
F,FL,M,N,23,0.0,0,0,0
F,NM,M,N,12,28.0,0,6600,0
M,TN,S,Y,41,0.0,0,0,0
F,HI,S,Y,10,25.0,1040,0,1040
M,DE,M,N,20,25.0,0,220,0
F,MT,M,N,26,37.0,0,3800,0
M,OK,M,Y,31,33.0,0,2000,1000
F,OH,M,Y,1,3.0,0,2600,1300
F,WA,S,N,42,0.0,0,0,0
M,CO,S,N,22,24.0,0,0,0
F,AZ,S,N,1,15.0,2100,0,0
F,NJ,S,Y,5,7.0,1000,0,1500
M,FL,S,N,35,0.0,0,0,0
M,VT,M,N,0,19.0,0,6600,0
M,MO,M,N,36,32.0,0,4200,0
M,IL,M,N,3,16.0,0,4000,0
M,PA,S,N,27,16.0,0,0,0
F,AR,S,Y,21,37.0,20,0,20
F,AK,M,Y,37,0.0,0,0,0
M,LA,S,Y,7,16.0,4500,0,1000
F,NC,M,Y,3,32.0,0,6600,3300
F,AL,M,N,6,26.0,0,3000,0
F,MS,S,N,40,26.0,6000,0,0
F,AR,M,N,18,37.0,0,40,0
M,TX,M,N,44,0.0,0,0,0
M,SD,M,N,23,0.0,0,0,0
M,UT,S,N,17,37.0,2475,0,0
F,SD,S,N,19,0.0,0,0,0
M,MS,S,Y,10,26.0,6000,0,1500
M,LA,S,N,40,32.0,4500,0,0
F,NM,M,N,15,28.0,0,6600,0
F,NH,M,N,38,0.0,0,0,0
F,NY,M,N,6,21.0,0,0,0
M,MN,M,Y,19,34.0,0,6600,3300
M,WY,M,N,35,0.0,0,0,0
F,NV,S,N,24,0.0,0,0,0
M,NE,S,N,38,36.0,103,0,0
F,MA,S,Y,27,28.0,3575,0,1000
M,NC,S,N,45,41.0,3300,0,0
F,NY,S,Y,10,21.0,0,0,1000
M,WI,S,N,6,25.0,700,0,0
M,OR,M,Y,48,48.0,0,318,159
M,CT,S,Y,35,26.0,12750,0,0
F,MI,M,N,26,20.0,0,6200,0
F,CA,S,N,5,11.0,87,0,0
M,NH,M,Y,47,0.0,0,0,0
M,KY,M,N,4,12.0,0,40,0
F,NJ,S,Y,4,7.0,1000,0,1500
M,VA,M,Y,38,30.0,0,1800,900
F,MS,M,N,21,26.0,0,12000,0
M,RI,M,N,7,0.0,0,0,0
F,SC,S,Y,25,37.0,3300,0,3300
F,MI,M,Y,11,20.0,0,6200,3100
M,AK,S,N,17,0.0,0,0,0
F,NH,S,Y,49,0.0,0,0,0
M,VA,S,Y,1,12.0,900,0,900
M,MS,S,N,7,26.0,6000,0,0
M,WA,S,N,20,0.0,0,0,0
M,AL,M,N,40,26.0,0,3000,0
F,DC,S,Y,49,48.0,1370,0,1370
M,ID,M,N,11,41.0,0,6600,0
F,NJ,M,N,3,7.0,0,2000,0
F,UT,M,Y,3,37.0,0,4950,2475
F,NH,S,Y,41,0.0,0,0,0
F,NH,M,N,20,0.0,0,0,0
F,VT,M,Y,45,25.0,0,6600,3300
F,GA,S,Y,28,32.0,2700,0,3000
M,UT,S,Y,31,37.0,2475,0,2475
F,PR,M,N,24,0.0,0,0,0
F,DC,M,N,6,27.0,0,2740,0
M,TX,S,Y,28,0.0,0,0,0
F,GA,M,N,10,32.0,0,5400,0
F,MO,S,N,23,32.0,2100,0,0
M,OK,M,N,11,33.0,0,2000,0
M,CT,M,Y,31,26.0,0,24500,0
M,MT,M,Y,30,37.0,0,3800,1900
M,NM,S,Y,5,19.0,3300,0,3300
M,IL,M,N,20,16.0,0,4000,0
F,IA,M,N,49,48.0,0,80,0
M,WI,M,Y,5,24.0,0,1400,400
M,ID,M,N,45,41.0,0,6600,0
F,ND,S,N,44,14.0,3300,0,0
F,AR,M,N,45,37.0,0,40,0
F,OK,S,N,2,18.0,1000,0,0
F,ME,M,N,9,45.0,0,5700,0
F,NY,S,N,2,21.0,0,0,0
M,HI,S,N,45,44.0,1040,0,0
F,RI,M,N,34,0.0,0,0,0
M,SD,S,Y,17,0.0,0,0,0
F,NY,S,Y,14,22.0,0,0,1000
M,AR,S,Y,26,37.0,20,0,20
M,MO,M,N,38,32.0,0,4200,0
F,WY,S,N,9,0.0,0,0,0
F,DE,M,N,29,31.0,0,220,0
F,TX,M,N,37,0.0,0,0,0
M,MA,S,Y,23,28.0,3575,0,1000
M,ND,M,N,26,12.0,0,6600,0
F,NJ,M,N,15,8.0,0,2000,0
M,ND,S,Y,31,13.0,3300,0,3300
F,MA,S,Y,11,28.0,3575,0,1000
M,MI,S,N,36,20.0,3100,0,0
F,AZ,M,N,27,19.0,0,4200,0
M,SC,M,N,39,37.0,0,6600,0
F,KY,S,Y,35,31.0,20,0,20
F,NE,S,Y,22,36.0,103,0,103
F,NH,S,Y,41,0.0,0,0,0
M,WI,S,N,11,26.0,700,0,0
F,UT,M,N,11,37.0,0,4950,0
F,KS,M,N,22,34.0,0,4500,0
F,DC,S,N,8,32.0,1370,0,0
M,AZ,M,N,15,17.0,0,4200,0
M,OK,M,Y,9,33.0,0,2000,1000
F,LA,S,Y,13,32.0,4500,0,1000
F,KY,M,Y,43,32.0,0,40,20
M,KS,S,Y,18,34.0,2250,0,2250
M,UT,S,Y,10,37.0,2475,0,2475
F,MT,M,Y,41,37.0,0,3800,1900
F,MD,M,N,22,25.0,0,4800,0
M,CO,M,Y,22,24.0,0,0,0
M,UT,S,Y,20,37.0,2475,0,2475
F,AZ,M,Y,48,22.0,0,4200,2300
M,OR,S,N,13,48.0,159,0,0
M,VA,S,Y,29,30.0,900,0,900
F,UT,M,Y,17,37.0,0,4950,2475
F,NC,M,Y,19,35.0,0,6600,3300
M,MA,S,Y,28,28.0,3575,0,1000
F,IA,S,N,23,39.0,40,0,0
F,WY,M,N,0,0.0,0,0,0
F,LA,S,Y,39,32.0,4500,0,1000
F,TX,S,N,6,0.0,0,0,0
F,DE,M,Y,43,31.0,0,220,110
M,CT,M,Y,47,26.0,0,24500,0
F,GA,S,N,40,32.0,2700,0,0
M,ME,S,N,14,45.0,2850,0,0
F,ID,S,N,23,41.0,3300,0,0
F,MN,M,N,4,28.0,0,6600,0
M,NY,S,N,45,24.0,0,0,0
F,OH,S,N,10,6.0,1300,0,0
F,NY,M,Y,31,23.0,0,0,1000
F,DC,M,Y,20,48.0,0,2740,1370
F,OK,M,Y,27,33.0,0,2000,1000
M,MA,M,N,0,28.0,0,7150,0
F,DC,M,N,25,48.0,0,2740,0
F,AL,M,N,7,26.0,0,3000,0
F,ME,S,Y,33,45.0,2850,0,2850
F,IA,S,N,7,13.0,40,0,0
F,TX,M,N,46,0.0,0,0,0
F,DC,S,N,47,48.0,1370,0,0
M,NJ,M,N,12,7.0,0,2000,0
F,VT,M,N,24,21.0,0,6600,0
F,LA,S,N,38,32.0,4500,0,0
F,CA,M,N,6,14.0,0,174,0
M,ND,S,N,22,12.0,3300,0,0
M,MA,S,Y,40,28.0,3575,0,1000
M,KY,M,N,38,32.0,0,40,0
M,OK,S,N,0,2.0,1000,0,0
M,NY,M,N,28,23.0,0,0,0
F,AK,M,N,41,0.0,0,0,0
F,CA,S,Y,0,5.0,87,0,272
F,HI,M,Y,40,44.0,0,2080,1040
M,PR,S,N,21,0.0,0,0,0
M,OH,M,Y,34,15.0,0,2600,1300
M,LA,M,N,43,32.0,0,9000,0
M,MO,M,Y,43,32.0,0,4200,1200
F,WA,S,Y,28,0.0,0,0,0
F,IL,S,N,14,16.0,2000,0,0
F,MT,S,N,22,37.0,1900,0,0
F,NV,M,N,17,0.0,0,0,0
F,OH,S,N,15,8.0,1300,0,0
M,IA,M,N,19,33.0,0,80,0
M,SD,M,N,36,0.0,0,0,0
F,MN,S,N,2,28.0,3300,0,0
F,WV,M,N,9,19.0,0,4000,0
M,LA,S,N,47,32.0,4500,0,0
F,SD,M,Y,6,0.0,0,0,0
F,VT,S,Y,33,23.0,3300,0,3300
F,WY,M,Y,19,0.0,0,0,0
F,CO,M,N,38,24.0,0,0,0
F,WV,S,N,10,20.0,2000,0,0
F,NM,M,N,44,28.0,0,6600,0
M,UT,M,N,24,37.0,0,4950,0
M,VT,M,Y,23,21.0,0,6600,3300
F,PR,M,Y,7,0.0,0,0,0
F,ID,M,N,4,20.0,0,6600,0
M,LA,M,N,23,32.0,0,9000,0
F,MN,S,N,46,42.0,3300,0,0
M,ME,M,Y,37,45.0,0,5700,2850
F,FL,S,Y,19,0.0,0,0,0
M,NY,S,Y,21,22.0,0,0,1000
F,IN,M,Y,12,18.0,0,2000,1000
M,UT,S,N,24,37.0,2475,0,0
M,IN,M,Y,17,18.0,0,2000,1000
F,GA,S,N,14,32.0,2700,0,0
M,SC,S,Y,35,37.0,3300,0,3300
M,WI,S,N,19,27.0,700,0,0
F,OH,M,N,20,10.0,0,2600,0
M,MT,S,Y,22,37.0,1900,0,1900
M,DC,S,Y,9,34.0,1370,0,1370
M,MO,S,N,19,32.0,2100,0,0
F,MD,M,N,22,25.0,0,4800,0
F,DE,S,N,25,28.0,110,0,0
M,WY,S,N,28,0.0,0,0,0
M,OK,S,Y,43,33.0,1000,0,1000
F,ND,S,Y,7,11.0,3300,0,3300
M,NE,M,Y,39,36.0,0,206,103
M,OH,S,Y,12,7.0,1300,0,1300
F,NH,M,N,46,0.0,0,0,0
M,ND,S,N,36,14.0,3300,0,0
F,AL,M,N,31,26.0,0,3000,0
M,AZ,M,N,46,22.0,0,4200,0
M,AR,S,Y,20,37.0,20,0,20
M,AK,S,N,4,0.0,0,0,0
M,IA,M,N,48,48.0,0,80,0
M,MT,S,N,16,37.0,1900,0,0
F,NY,M,Y,5,21.0,0,0,1000
F,RI,M,N,2,0.0,0,0,0
M,CO,S,Y,36,24.0,0,0,0
M,KY,S,Y,39,32.0,20,0,20
F,WA,S,Y,16,0.0,0,0,0
M,DC,S,N,38,48.0,1370,0,0
M,HI,S,N,23,44.0,1040,0,0
F,GA,S,N,45,32.0,2700,0,0
M,IL,S,N,15,16.0,2000,0,0
M,OH,M,N,37,16.0,0,2600,0
F,NH,M,N,15,0.0,0,0,0
M,ND,M,N,36,13.0,0,6600,0
M,NH,M,Y,4,0.0,0,0,0
F,VA,M,Y,46,30.0,0,1800,900
F,HI,M,N,15,35.0,0,2080,0
F,MA,S,N,3,28.0,3575,0,0
F,WY,M,N,24,0.0,0,0,0
M,HI,S,Y,4,14.0,1040,0,1040
F,CA,M,Y,13,32.0,0,174,272
F,NV,S,N,10,0.0,0,0,0
M,FL,S,N,44,0.0,0,0,0
M,WA,S,N,19,0.0,0,0,0
F,CA,S,Y,12,30.0,87,0,272
M,VT,S,N,26,21.0,3300,0,0
F,NH,M,N,48,0.0,0,0,0
M,SD,M,N,42,0.0,0,0,0
F,VT,M,N,1,19.0,0,6600,0
M,OR,M,Y,19,48.0,0,318,159
F,NJ,S,Y,48,14.0,1000,0,1500
F,AK,S,Y,6,0.0,0,0,0
F,AZ,S,Y,15,17.0,2100,0,2300
M,AZ,S,Y,0,15.0,2100,0,2300
F,GA,M,Y,26,32.0,0,5400,3000
F,NE,S,N,36,36.0,103,0,0
F,FL,S,Y,44,0.0,0,0,0
F,OH,S,N,18,9.0,1300,0,0
M,MO,M,N,21,32.0,0,4200,0
F,TX,M,N,11,0.0,0,0,0
M,MD,S,Y,22,25.0,2400,0,2400
M,MI,S,Y,43,20.0,3100,0,3100
M,MS,S,N,37,26.0,6000,0,0
M,NV,M,Y,1,0.0,0,0,0
M,MT,M,Y,25,37.0,0,3800,1900
F,NE,M,N,4,19.0,0,206,0
M,CO,M,Y,33,24.0,0,0,0
F,MI,S,Y,34,20.0,3100,0,3100
F,WI,M,N,27,29.0,0,1400,0
F,ME,S,N,31,45.0,2850,0,0
M,WY,S,N,48,0.0,0,0,0
F,CO,S,N,42,24.0,0,0,0
M,PR,S,Y,46,0.0,0,0,0
M,CA,S,N,1,5.0,87,0,0
M,OK,M,Y,40,33.0,0,2000,1000
F,IL,S,Y,9,16.0,2000,0,2000
M,CT,S,Y,20,26.0,12750,0,0
M,MA,M,Y,37,28.0,0,7150,1000
F,KS,S,N,40,34.0,2250,0,0
F,LA,S,Y,2,10.0,4500,0,1000
M,FL,S,N,21,0.0,0,0,0
M,IN,M,N,20,18.0,0,2000,0
M,UT,S,Y,30,37.0,2475,0,2475
F,WI,M,N,42,31.0,0,1400,0
F,MD,M,N,0,18.0,0,4800,0
M,ME,M,Y,22,45.0,0,5700,2850
F,MT,S,Y,6,36.0,1900,0,1900
F,KS,S,N,8,21.0,2250,0,0
M,OR,M,Y,36,48.0,0,318,159
M,PR,S,N,12,0.0,0,0,0
M,RI,S,Y,18,0.0,0,0,0
F,OK,M,N,43,33.0,0,2000,0
M,FL,M,N,37,0.0,0,0,0
F,NC,M,N,1,32.0,0,6600,0
F,GA,M,N,28,32.0,0,5400,0
F,WI,M,N,4,24.0,0,1400,0
F,LA,S,N,49,32.0,4500,0,0
M,LA,S,Y,4,10.0,4500,0,1000
M,NM,S,Y,10,28.0,3300,0,3300
M,OK,S,Y,0,2.0,1000,0,1000
M,GA,S,N,12,32.0,2700,0,0
F,SD,S,N,46,0.0,0,0,0
M,DC,M,Y,18,48.0,0,2740,1370
F,NE,M,Y,23,36.0,0,206,103
F,AL,S,N,16,26.0,1500,0,0
F,NY,M,N,24,22.0,0,0,0
M,VT,M,Y,36,24.0,0,6600,3300
F,WI,M,Y,32,30.0,0,1400,400
M,WY,S,Y,10,0.0,0,0,0
M,DC,M,Y,46,48.0,0,2740,1370
M,NM,S,Y,23,28.0,3300,0,3300
F,WA,S,N,28,0.0,0,0,0
M,OR,M,N,36,48.0,0,318,0
M,DE,M,Y,18,23.0,0,220,110
M,OK,S,N,14,33.0,1000,0,0
M,PR,M,Y,28,0.0,0,0,0
F,WA,M,N,5,0.0,0,0,0
F,SD,S,N,10,0.0,0,0,0
M,MS,M,N,23,26.0,0,12000,0
F,MN,S,Y,4,28.0,3300,0,3300
M,TN,M,N,21,0.0,0,0,0
F,WI,S,N,11,26.0,700,0,0
F,DC,S,Y,23,48.0,1370,0,1370
M,IN,S,N,37,18.0,1000,0,0
F,MD,M,Y,27,25.0,0,4800,2400
F,AR,M,N,23,37.0,0,40,0
F,AZ,M,Y,43,21.0,0,4200,2300
F,ME,S,Y,38,45.0,2850,0,2850
M,WA,S,Y,28,0.0,0,0,0
F,NM,M,Y,44,28.0,0,6600,3300
M,MN,S,N,16,32.0,3300,0,0
F,RI,S,Y,31,0.0,0,0,0
M,KS,S,N,49,34.0,2250,0,0
M,ME,M,Y,43,45.0,0,5700,2850
F,MS,M,N,34,26.0,0,12000,0
M,NE,S,Y,3,18.0,103,0,103
F,UT,M,N,6,37.0,0,4950,0
F,LA,S,N,31,32.0,4500,0,0
F,OR,S,N,2,37.0,159,0,0
M,MD,S,Y,7,25.0,2400,0,2400
F,SC,S,Y,40,37.0,3300,0,3300
M,NH,S,N,33,0.0,0,0,0
F,DC,M,Y,43,48.0,0,2740,1370
M,UT,M,Y,17,37.0,0,4950,2475
F,KY,S,Y,8,14.0,20,0,20
M,RI,M,Y,39,0.0,0,0,0
F,CO,S,Y,16,24.0,0,0,0
F,CO,M,Y,6,24.0,0,0,0
M,CT,S,Y,41,26.0,12750,0,0
M,RI,M,N,31,0.0,0,0,0
F,PR,S,Y,29,0.0,0,0,0
F,OR,M,Y,10,48.0,0,318,159
M,SC,M,N,32,37.0,0,6600,0
F,OR,M,N,7,48.0,0,318,0
M,KY,S,Y,3,12.0,20,0,20
M,CT,M,Y,44,26.0,0,24500,0
M,MA,S,Y,37,28.0,3575,0,1000
M,TN,S,N,35,0.0,0,0,0
M,CO,S,Y,49,24.0,0,0,0
F,ID,S,N,25,41.0,3300,0,0
M,VT,M,Y,48,26.0,0,6600,3300
M,CO,M,N,7,24.0,0,0,0
M,TX,S,Y,6,0.0,0,0,0
F,MI,M,N,9,20.0,0,6200,0
F,WA,S,N,8,0.0,0,0,0
M,ND,M,N,8,11.0,0,6600,0
F,SC,S,Y,25,37.0,3300,0,3300
F,RI,S,N,42,0.0,0,0,0
M,OH,S,N,42,18.0,1300,0,0
F,TX,M,Y,20,0.0,0,0,0
F,AZ,S,N,32,20.0,2100,0,0
F,WA,M,N,10,0.0,0,0,0
M,LA,M,Y,12,31.0,0,9000,1000
F,NY,M,N,18,22.0,0,0,0
M,VA,M,N,37,30.0,0,1800,0
M,AK,S,N,10,0.0,0,0,0
F,WY,S,Y,39,0.0,0,0,0
M,MO,S,N,30,32.0,2100,0,0
F,WV,M,Y,40,34.0,0,4000,2000
F,NH,M,Y,32,0.0,0,0,0
F,VA,S,N,46,30.0,900,0,0
M,TN,M,N,20,0.0,0,0,0
F,SC,M,N,11,37.0,0,6600,0
F,WY,S,Y,32,0.0,0,0,0
M,NH,S,Y,43,0.0,0,0,0
M,OH,M,N,47,19.0,0,2600,0
M,NC,S,Y,27,37.0,3300,0,3300
F,SC,S,Y,0,13.0,3300,0,3300
F,NC,M,Y,29,37.0,0,6600,3300
F,PA,S,N,6,16.0,0,0,0
F,KY,M,Y,48,32.0,0,40,20
F,IN,S,N,47,18.0,1000,0,0
F,TX,M,N,29,0.0,0,0,0
F,NE,M,Y,10,31.0,0,206,103
M,OR,M,Y,14,48.0,0,318,159
M,SD,S,N,7,0.0,0,0,0
F,MS,S,Y,32,26.0,6000,0,1500
M,WA,S,N,21,0.0,0,0,0
M,TX,S,Y,34,0.0,0,0,0
M,FL,S,N,48,0.0,0,0,0
M,ID,S,Y,21,41.0,3300,0,3300
F,HI,M,N,32,44.0,0,2080,0
M,MD,S,N,13,25.0,2400,0,0
M,NY,M,N,12,22.0,0,0,0
F,ND,S,N,29,13.0,3300,0,0
F,NE,M,Y,7,25.0,0,206,103
F,OR,M,Y,13,48.0,0,318,159
F,MD,M,Y,17,25.0,0,4800,2400
M,MA,M,N,17,28.0,0,7150,0
F,SC,M,N,39,37.0,0,6600,0
M,OR,S,Y,35,48.0,159,0,159
M,HI,M,N,42,44.0,0,2080,0
F,SC,S,Y,31,37.0,3300,0,3300
M,RI,S,N,43,0.0,0,0,0
M,NE,M,N,27,36.0,0,206,0
M,AR,S,N,27,37.0,20,0,0
M,SC,S,Y,47,37.0,3300,0,3300
M,CT,M,N,35,26.0,0,24500,0
M,MO,M,Y,24,32.0,0,4200,1200
F,NV,M,Y,27,0.0,0,0,0
F,NY,S,N,16,22.0,0,0,0
F,AL,M,N,10,26.0,0,3000,0
F,MI,S,N,19,20.0,3100,0,0
F,WA,M,N,9,0.0,0,0,0
M,TN,S,Y,36,0.0,0,0,0
M,CO,M,N,9,24.0,0,0,0
F,NY,M,Y,37,23.0,0,0,1000
M,NH,M,N,34,0.0,0,0,0
F,OK,M,N,47,33.0,0,2000,0
F,AL,M,N,13,26.0,0,3000,0
M,ND,M,N,19,11.0,0,6600,0
F,MT,M,Y,24,37.0,0,3800,1900
F,FL,M,Y,43,0.0,0,0,0
F,SC,S,Y,24,37.0,3300,0,3300
M,CA,S,N,30,49.0,87,0,0
F,MI,S,Y,37,20.0,3100,0,3100
F,TN,S,Y,14,0.0,0,0,0
M,OK,S,Y,6,33.0,1000,0,1000
F,DC,S,N,1,24.0,1370,0,0
F,CA,M,N,35,49.0,0,174,0
F,RI,S,N,45,0.0,0,0,0
M,NM,M,N,23,28.0,0,6600,0
M,VT,S,Y,15,19.0,3300,0,3300
F,MS,S,N,30,26.0,6000,0,0
F,MS,M,N,0,16.0,0,12000,0
M,IA,M,N,16,28.0,0,80,0
M,OR,M,N,20,48.0,0,318,0
M,NE,M,Y,0,13.0,0,206,103
F,DE,M,Y,29,31.0,0,220,110
M,NE,M,N,15,36.0,0,206,0
M,IL,S,N,22,16.0,2000,0,0
F,CT,M,Y,21,26.0,0,24500,0
M,MA,M,N,9,28.0,0,7150,0
F,ND,S,N,11,11.0,3300,0,0
M,AZ,M,Y,39,21.0,0,4200,2300
F,ND,S,N,42,14.0,3300,0,0
F,UT,S,Y,26,37.0,2475,0,2475
F,HI,M,Y,45,44.0,0,2080,1040
M,TN,S,N,38,0.0,0,0,0
M,TX,M,Y,2,0.0,0,0,0
M,WV,M,Y,38,34.0,0,4000,2000
M,MT,S,N,45,37.0,1900,0,0
F,NV,M,Y,43,0.0,0,0,0
F,SC,M,Y,6,37.0,0,6600,3300
M,NH,M,N,0,0.0,0,0,0
F,DE,M,Y,27,30.0,0,220,110
F,PA,S,N,41,16.0,0,0,0
M,MI,M,Y,8,20.0,0,6200,3100
F,GA,S,Y,24,32.0,2700,0,3000
F,MD,S,Y,49,25.0,2400,0,2400
M,NJ,S,N,1,7.0,1000,0,0
F,MD,S,N,48,25.0,2400,0,0
F,NE,M,N,8,28.0,0,206,0
M,FL,M,Y,9,0.0,0,0,0
F,VT,S,N,27,22.0,3300,0,0
F,TX,S,N,30,0.0,0,0,0
M,MO,M,Y,30,32.0,0,4200,1200
M,WA,S,N,23,0.0,0,0,0
M,MA,M,N,16,28.0,0,7150,0
F,KY,S,Y,6,13.0,20,0,20
M,MO,S,Y,32,32.0,2100,0,1200
M,TN,S,N,6,0.0,0,0,0
F,AL,S,N,22,26.0,1500,0,0
F,KY,S,N,32,29.0,20,0,0
F,TX,S,Y,20,0.0,0,0,0
F,AR,M,Y,6,17.0,0,40,20
M,RI,M,N,4,0.0,0,0,0
F,IL,S,N,43,16.0,2000,0,0
F,NE,M,N,0,13.0,0,206,0
M,IN,M,Y,8,18.0,0,2000,1000
F,WY,S,Y,10,0.0,0,0,0
F,HI,S,N,38,44.0,1040,0,0
M,NM,S,N,41,28.0,3300,0,0
M,GA,S,N,3,32.0,2700,0,0
M,OR,M,Y,31,48.0,0,318,159
M,MI,S,Y,48,20.0,3100,0,3100
M,MO,M,N,11,32.0,0,4200,0
F,SD,S,Y,41,0.0,0,0,0
F,LA,S,N,30,32.0,4500,0,0
M,ME,M,Y,19,45.0,0,5700,2850
F,NC,S,Y,19,35.0,3300,0,3300
F,MA,S,Y,43,28.0,3575,0,1000
F,NJ,M,N,32,11.0,0,2000,0
M,OH,S,N,5,4.0,1300,0,0
M,IN,S,Y,8,18.0,1000,0,1000
M,VT,M,Y,4,19.0,0,6600,3300
M,MN,S,N,43,42.0,3300,0,0
M,IN,M,N,6,18.0,0,2000,0
F,ND,M,N,40,14.0,0,6600,0
F,MT,M,Y,44,37.0,0,3800,1900
M,VT,M,N,5,19.0,0,6600,0
M,IN,S,Y,22,18.0,1000,0,1000
M,MN,M,N,42,42.0,0,6600,0
M,PA,M,N,29,16.0,0,0,0
M,VA,M,Y,34,30.0,0,1800,900
M,GA,S,N,45,32.0,2700,0,0
F,CT,M,N,44,26.0,0,24500,0
F,WY,M,Y,36,0.0,0,0,0
F,ND,M,Y,17,11.0,0,6600,3300
M,CO,S,Y,11,24.0,0,0,0
M,DC,M,Y,3,24.0,0,2740,1370
F,ND,M,Y,23,12.0,0,6600,3300
M,DE,M,N,16,22.0,0,220,0
F,LA,M,N,33,32.0,0,9000,0
F,AL,S,N,27,26.0,1500,0,0
M,RI,S,N,31,0.0,0,0,0
F,NJ,M,Y,30,10.0,0,2000,1500
M,RI,S,N,29,0.0,0,0,0
M,OK,S,N,2,18.0,1000,0,0
M,TX,M,Y,48,0.0,0,0,0
M,IL,M,N,25,16.0,0,4000,0
F,GA,S,N,17,32.0,2700,0,0
M,NM,M,Y,26,28.0,0,6600,3300
F,ID,S,N,17,41.0,3300,0,0
M,WI,S,Y,0,24.0,700,0,400
F,CO,S,Y,38,24.0,0,0,0
M,TX,M,N,34,0.0,0,0,0
M,OR,M,N,37,48.0,0,318,0
F,UT,S,N,5,37.0,2475,0,0
M,TX,M,N,4,0.0,0,0,0
M,NC,S,Y,7,32.0,3300,0,3300
F,VA,M,Y,30,30.0,0,1800,900
M,NV,M,N,8,0.0,0,0,0
M,NC,S,Y,33,38.0,3300,0,3300
M,SC,S,N,30,37.0,3300,0,0
M,ME,M,Y,31,45.0,0,5700,2850
F,ND,S,N,21,12.0,3300,0,0
F,NH,S,N,22,0.0,0,0,0
F,MA,S,Y,8,28.0,3575,0,1000
F,NM,S,Y,49,28.0,3300,0,3300
F,WY,M,Y,38,0.0,0,0,0
M,MN,S,Y,14,31.0,3300,0,3300
F,OR,M,Y,6,48.0,0,318,159
F,WA,S,N,20,0.0,0,0,0
M,AK,M,Y,47,0.0,0,0,0
F,SC,S,N,37,37.0,3300,0,0
M,AL,S,N,21,26.0,1500,0,0
M,MD,M,N,6,25.0,0,4800,0
M,KY,S,Y,35,31.0,20,0,20
F,NC,M,Y,39,39.0,0,6600,3300
F,RI,M,Y,16,0.0,0,0,0
F,MA,M,N,38,28.0,0,7150,0
M,SC,M,N,44,37.0,0,6600,0
F,NV,S,N,16,0.0,0,0,0
M,NC,S,Y,8,32.0,3300,0,3300
F,MT,S,Y,8,37.0,1900,0,1900
F,FL,M,N,41,0.0,0,0,0
M,IA,S,Y,3,7.0,40,0,40
F,DC,M,Y,39,48.0,0,2740,1370
M,PA,M,N,14,16.0,0,0,0
F,NC,M,N,28,37.0,0,6600,0
M,OH,M,Y,32,14.0,0,2600,1300
M,NM,S,N,1,9.0,3300,0,0
F,IN,S,N,15,18.0,1000,0,0
M,MS,M,Y,11,26.0,0,12000,1500
F,IA,S,N,33,48.0,40,0,0
F,MT,M,N,46,37.0,0,3800,0
M,ND,M,Y,34,13.0,0,6600,3300
M,NE,M,Y,44,36.0,0,206,103
F,NM,M,N,36,28.0,0,6600,0
M,HI,M,Y,12,30.0,0,2080,1040
F,MN,M,N,44,42.0,0,6600,0
F,MA,S,Y,17,28.0,3575,0,1000
M,AL,S,N,30,26.0,1500,0,0
M,IL,M,Y,46,16.0,0,4000,2000
M,ME,S,N,8,41.0,2850,0,0
F,MT,S,N,34,37.0,1900,0,0
M,PA,M,Y,15,16.0,0,0,0
M,AZ,S,Y,28,19.0,2100,0,2300
M,MS,S,N,11,26.0,6000,0,0
F,MN,M,N,1,28.0,0,6600,0
M,DE,M,N,1,11.0,0,220,0
M,WA,S,N,5,0.0,0,0,0
M,FL,S,Y,46,0.0,0,0,0
F,OH,M,Y,40,17.0,0,2600,1300
F,NM,M,N,8,28.0,0,6600,0
M,UT,S,N,6,37.0,2475,0,0
M,ME,S,Y,11,45.0,2850,0,2850
F,ND,M,N,38,14.0,0,6600,0
M,ND,S,N,13,11.0,3300,0,0
F,NY,S,Y,49,24.0,0,0,1000
F,WA,M,Y,40,0.0,0,0,0
M,PR,S,Y,45,0.0,0,0,0
F,AL,S,N,11,26.0,1500,0,0
M,AR,S,N,1,6.0,20,0,0
F,PR,M,N,29,0.0,0,0,0
F,MS,S,Y,0,16.0,6000,0,1500
M,NY,M,N,1,21.0,0,0,0
F,MO,M,N,17,32.0,0,4200,0
M,PA,M,N,5,16.0,0,0,0
F,OH,M,N,40,17.0,0,2600,0
F,OR,M,N,15,48.0,0,318,0
M,MN,S,Y,10,28.0,3300,0,3300
M,SC,S,Y,8,37.0,3300,0,3300
F,CT,M,N,31,26.0,0,24500,0
M,MS,M,N,29,26.0,0,12000,0
M,MO,M,N,10,32.0,0,4200,0
M,MS,M,Y,15,26.0,0,12000,1500
F,DE,M,Y,0,11.0,0,220,110
M,CO,M,N,3,24.0,0,0,0
M,LA,M,Y,4,10.0,0,9000,1000
F,OK,S,N,35,33.0,1000,0,0
F,WA,M,N,13,0.0,0,0,0
M,AZ,S,Y,49,22.0,2100,0,2300
M,MO,S,Y,30,32.0,2100,0,1200
F,ME,S,N,7,37.0,2850,0,0
F,NC,S,N,47,41.0,3300,0,0
F,ND,M,N,44,14.0,0,6600,0
M,KS,M,Y,29,34.0,0,4500,2250
M,MD,M,Y,11,25.0,0,4800,2400
F,CT,S,N,3,16.0,12750,0,0
F,MO,M,Y,10,32.0,0,4200,1200
F,WA,M,Y,2,0.0,0,0,0
F,CA,M,N,5,10.0,0,174,0
M,NJ,M,Y,48,14.0,0,2000,1500
M,VA,S,N,33,30.0,900,0,0
M,PR,M,Y,40,0.0,0,0,0
F,FL,S,N,33,0.0,0,0,0
F,NE,S,N,12,34.0,103,0,0
M,SC,M,N,7,37.0,0,6600,0
F,DC,M,Y,14,48.0,0,2740,1370
F,ME,S,N,26,45.0,2850,0,0
M,IA,M,N,38,48.0,0,80,0
M,SC,S,N,48,37.0,3300,0,0
F,MN,M,Y,4,28.0,0,6600,3300
M,LA,M,Y,38,32.0,0,9000,1000
F,NJ,S,Y,33,11.0,1000,0,1500
M,KS,M,N,42,34.0,0,4500,0
M,DE,S,Y,33,31.0,110,0,110
F,MI,S,N,15,20.0,3100,0,0
F,WV,M,N,37,34.0,0,4000,0
M,NY,M,N,29,23.0,0,0,0
M,PR,S,N,45,0.0,0,0,0
F,CT,S,N,27,26.0,12750,0,0
M,CO,M,N,41,24.0,0,0,0
M,AL,M,Y,1,26.0,0,3000,300
F,MS,S,Y,3,22.0,6000,0,1500
M,CO,M,N,7,24.0,0,0,0
F,TX,M,Y,22,0.0,0,0,0
F,KY,M,Y,18,20.0,0,40,20
F,MI,M,Y,1,20.0,0,6200,3100
M,ME,M,N,42,45.0,0,5700,0
M,SD,M,N,48,0.0,0,0,0
M,DE,S,Y,12,19.0,110,0,110
F,IA,S,N,34,48.0,40,0,0
M,WA,S,N,33,0.0,0,0,0
M,ID,S,Y,12,41.0,3300,0,3300
M,MS,S,Y,38,26.0,6000,0,1500
F,NV,M,Y,8,0.0,0,0,0
M,VT,S,N,8,19.0,3300,0,0
F,OK,M,Y,1,7.0,0,2000,1000
F,ME,M,N,2,11.0,0,5700,0
F,VA,M,Y,40,30.0,0,1800,900
M,NC,S,N,39,39.0,3300,0,0
F,UT,S,N,48,37.0,2475,0,0
M,NV,M,Y,49,0.0,0,0,0
F,DE,S,N,0,11.0,110,0,0
M,WA,S,Y,36,0.0,0,0,0
F,MO,S,N,45,32.0,2100,0,0
F,MD,S,N,40,25.0,2400,0,0
F,AK,M,Y,28,0.0,0,0,0
M,SC,S,N,34,37.0,3300,0,0
F,WV,M,Y,9,19.0,0,4000,2000
F,MA,S,N,2,28.0,3575,0,0
F,MD,M,N,38,25.0,0,4800,0
F,MS,M,N,16,26.0,0,12000,0
F,PR,M,Y,40,0.0,0,0,0
M,NY,M,Y,34,23.0,0,0,1000
M,WV,S,Y,33,34.0,2000,0,2000
F,AL,M,N,20,26.0,0,3000,0
M,OH,M,N,26,12.0,0,2600,0
F,AL,M,N,30,26.0,0,3000,0
M,DC,M,Y,42,48.0,0,2740,1370
F,FL,S,N,44,0.0,0,0,0
F,NM,S,N,19,28.0,3300,0,0
F,CT,S,Y,49,26.0,12750,0,0
F,NH,S,Y,13,0.0,0,0,0
M,MS,S,Y,2,16.0,6000,0,1500
M,WV,S,N,8,18.0,2000,0,0
M,MD,M,N,44,25.0,0,4800,0
F,MS,S,N,27,26.0,6000,0,0
F,AZ,S,N,22,18.0,2100,0,0
M,VT,M,N,18,20.0,0,6600,0
M,OK,S,N,9,33.0,1000,0,0
M,GA,M,Y,13,32.0,0,5400,3000
F,ID,M,Y,0,9.0,0,6600,3300
F,UT,S,Y,41,37.0,2475,0,2475
M,MI,M,N,42,20.0,0,6200,0
F,IN,S,Y,18,18.0,1000,0,1000
M,MO,M,N,11,32.0,0,4200,0
M,GA,S,Y,20,32.0,2700,0,3000
F,OH,S,Y,20,10.0,1300,0,1300
F,WV,S,N,41,34.0,2000,0,0
F,DE,M,N,0,11.0,0,220,0
F,TX,M,Y,0,0.0,0,0,0
F,NM,S,Y,38,28.0,3300,0,3300
F,SC,M,N,22,37.0,0,6600,0
F,PR,M,Y,22,0.0,0,0,0
F,IA,M,Y,22,39.0,0,80,40
M,IN,S,N,19,18.0,1000,0,0
F,VT,S,Y,45,25.0,3300,0,3300
M,WI,S,Y,18,27.0,700,0,400
F,WA,M,Y,27,0.0,0,0,0
F,ND,M,Y,22,12.0,0,6600,3300
F,NJ,M,N,46,13.0,0,2000,0
M,MT,S,N,27,37.0,1900,0,0
M,AK,S,Y,48,0.0,0,0,0
M,SC,S,N,31,37.0,3300,0,0
M,ID,S,Y,2,15.0,3300,0,3300
M,TN,M,Y,39,0.0,0,0,0
F,SC,M,Y,24,37.0,0,6600,3300
F,TN,S,N,19,0.0,0,0,0
F,OR,S,Y,25,48.0,159,0,159
M,DE,M,Y,35,31.0,0,220,110
F,NY,M,Y,39,23.0,0,0,1000
F,VT,S,Y,3,19.0,3300,0,3300
F,CO,S,Y,41,24.0,0,0,0
M,MI,M,N,32,20.0,0,6200,0
F,RI,S,Y,44,0.0,0,0,0
F,TX,S,N,45,0.0,0,0,0
F,FL,S,N,40,0.0,0,0,0
F,KY,S,N,30,28.0,20,0,0
M,PR,S,Y,27,0.0,0,0,0
F,MN,M,Y,38,42.0,0,6600,3300
M,MS,M,N,36,26.0,0,12000,0
F,ID,S,Y,36,41.0,3300,0,3300
M,MA,S,Y,17,28.0,3575,0,1000
M,SD,M,Y,12,0.0,0,0,0
F,IA,S,N,11,20.0,40,0,0
M,FL,M,N,45,0.0,0,0,0
M,MI,S,Y,4,20.0,3100,0,3100
M,WA,M,N,38,0.0,0,0,0
F,TN,S,N,47,0.0,0,0,0
M,WY,M,N,26,0.0,0,0,0
F,MA,M,Y,12,28.0,0,7150,1000
F,NC,M,Y,9,32.0,0,6600,3300
F,NH,S,N,42,0.0,0,0,0
M,NH,S,Y,20,0.0,0,0,0
F,MI,M,Y,48,20.0,0,6200,3100
M,ND,S,N,15,11.0,3300,0,0
F,OH,S,Y,36,16.0,1300,0,1300
F,MD,M,N,12,25.0,0,4800,0
M,ID,S,N,29,41.0,3300,0,0
M,DC,S,Y,35,48.0,1370,0,1370
F,IA,M,Y,14,25.0,0,80,40
F,NV,M,N,3,0.0,0,0,0
F,LA,S,Y,30,32.0,4500,0,1000
F,ME,S,N,44,45.0,2850,0,0
F,ME,S,N,23,45.0,2850,0,0
M,IA,S,N,40,48.0,40,0,0
F,NJ,M,Y,7,7.0,0,2000,1500
F,AZ,M,N,4,15.0,0,4200,0
M,WY,M,N,17,0.0,0,0,0
F,WY,S,N,43,0.0,0,0,0
F,MI,S,N,10,20.0,3100,0,0
F,LA,S,N,41,32.0,4500,0,0
M,CO,S,N,36,24.0,0,0,0
M,TN,M,Y,23,0.0,0,0,0
M,OH,S,Y,7,5.0,1300,0,1300
M,NH,S,Y,7,0.0,0,0,0
F,DE,S,Y,27,29.0,110,0,110
F,ND,M,N,12,11.0,0,6600,0
F,PR,M,Y,27,0.0,0,0,0
F,GA,S,Y,36,32.0,2700,0,3000
M,IN,S,Y,20,18.0,1000,0,1000
F,WI,M,N,27,29.0,0,1400,0
F,VT,S,Y,29,22.0,3300,0,3300
M,ND,S,N,14,11.0,3300,0,0
F,DC,M,Y,1,24.0,0,2740,1370
M,VA,S,Y,10,30.0,900,0,900
F,MA,M,N,3,28.0,0,7150,0
M,ND,S,N,14,11.0,3300,0,0
F,HI,S,Y,27,44.0,1040,0,1040
F,NC,S,Y,22,35.0,3300,0,3300
M,ME,M,N,26,45.0,0,5700,0
M,UT,M,Y,36,37.0,0,4950,2475
F,IL,M,N,43,16.0,0,4000,0
F,FL,S,Y,29,0.0,0,0,0
M,NC,S,Y,43,40.0,3300,0,3300
M,ME,M,Y,21,45.0,0,5700,2850
M,OK,S,Y,5,33.0,1000,0,1000
M,CO,S,Y,36,24.0,0,0,0
M,FL,M,N,37,0.0,0,0,0
M,NJ,S,Y,24,10.0,1000,0,1500
F,OR,M,N,24,48.0,0,318,0
F,WV,S,N,16,24.0,2000,0,0
M,MA,M,Y,22,28.0,0,7150,1000
M,AK,M,Y,22,0.0,0,0,0
M,PA,S,N,32,16.0,0,0,0
M,NY,S,Y,21,22.0,0,0,1000
F,NV,M,N,35,0.0,0,0,0
M,ID,M,N,40,41.0,0,6600,0
F,NJ,S,Y,1,7.0,1000,0,1500
M,UT,M,Y,33,37.0,0,4950,2475
M,AZ,S,N,21,18.0,2100,0,0
F,PA,M,N,41,16.0,0,0,0
M,LA,S,Y,45,32.0,4500,0,1000
M,AZ,M,N,24,18.0,0,4200,0
F,MT,M,Y,39,37.0,0,3800,1900
M,DE,S,Y,20,25.0,110,0,110
M,IA,M,N,32,48.0,0,80,0
M,WI,M,Y,38,31.0,0,1400,400
F,RI,M,N,7,0.0,0,0,0
M,AR,M,N,5,15.0,0,40,0
M,MO,M,N,35,32.0,0,4200,0
F,ID,M,N,22,41.0,0,6600,0
M,AR,M,N,29,37.0,0,40,0
F,MO,M,N,39,32.0,0,4200,0
F,MS,M,N,29,26.0,0,12000,0
F,NJ,S,Y,39,12.0,1000,0,1500
M,KY,M,Y,22,23.0,0,40,20
F,ND,M,N,49,15.0,0,6600,0
F,AR,M,N,5,14.0,0,40,0
M,VA,M,N,7,28.0,0,1800,0
F,UT,S,N,12,37.0,2475,0,0
M,LA,M,Y,19,32.0,0,9000,1000
M,IN,M,N,40,18.0,0,2000,0
M,IL,S,N,21,16.0,2000,0,0
M,WV,M,Y,30,34.0,0,4000,2000
M,MO,M,N,32,32.0,0,4200,0
M,WI,S,N,39,31.0,700,0,0
M,OH,M,N,15,8.0,0,2600,0
M,CT,S,N,16,26.0,12750,0,0
F,AR,S,Y,23,37.0,20,0,20
F,NM,M,Y,8,28.0,0,6600,3300
M,ME,S,Y,18,45.0,2850,0,2850
F,VT,M,Y,2,19.0,0,6600,3300
M,VA,M,Y,31,30.0,0,1800,900
M,OR,S,N,2,45.0,159,0,0
F,NJ,M,N,0,7.0,0,2000,0
F,LA,S,Y,16,32.0,4500,0,1000
F,IA,S,N,6,11.0,40,0,0
M,OK,M,Y,49,33.0,0,2000,1000
M,WA,S,Y,25,0.0,0,0,0
F,OH,S,Y,2,4.0,1300,0,1300
F,SD,M,N,38,0.0,0,0,0
M,NH,M,Y,38,0.0,0,0,0
M,WV,M,N,17,25.0,0,4000,0
F,TN,M,Y,1,0.0,0,0,0
F,KY,M,Y,12,17.0,0,40,20
M,VT,M,N,44,25.0,0,6600,0
F,SD,M,Y,8,0.0,0,0,0
F,SD,S,N,34,0.0,0,0,0
M,MO,S,N,0,11.0,2100,0,0
F,GA,S,Y,38,32.0,2700,0,3000
M,PA,S,N,17,16.0,0,0,0
F,WV,S,N,49,34.0,2000,0,0
F,WA,M,N,39,0.0,0,0,0
F,WI,S,Y,32,29.0,700,0,400
F,VA,S,N,26,30.0,900,0,0
M,CA,S,N,7,17.0,87,0,0
M,VT,M,N,33,23.0,0,6600,0
F,VA,S,N,25,30.0,900,0,0
M,MN,M,N,38,42.0,0,6600,0
M,CT,M,N,18,26.0,0,24500,0
M,KS,M,N,38,34.0,0,4500,0
M,NM,S,Y,41,28.0,3300,0,3300
F,MD,M,Y,38,25.0,0,4800,2400
M,IN,S,Y,26,18.0,1000,0,1000
M,LA,M,N,0,10.0,0,9000,0
M,WI,S,Y,13,26.0,700,0,400
M,VT,S,Y,22,21.0,3300,0,3300
M,CA,S,Y,36,49.0,87,0,272
M,MO,S,N,3,26.0,2100,0,0
F,NY,S,Y,42,23.0,0,0,1000
M,CA,M,N,31,49.0,0,174,0
M,IN,S,N,10,18.0,1000,0,0
M,CO,M,Y,11,24.0,0,0,0
F,MA,M,N,11,28.0,0,7150,0
M,DC,S,Y,23,48.0,1370,0,1370
F,AR,M,Y,31,37.0,0,40,20
F,IA,S,Y,0,2.0,40,0,40
M,SC,M,Y,19,37.0,0,6600,3300
F,VA,M,N,28,30.0,0,1800,0
M,MN,S,Y,34,42.0,3300,0,3300
M,WV,S,Y,38,34.0,2000,0,2000
M,PR,S,Y,11,0.0,0,0,0
F,OK,S,Y,7,33.0,1000,0,1000
F,GA,M,Y,48,32.0,0,5400,3000
M,RI,S,Y,10,0.0,0,0,0
M,NH,S,Y,16,0.0,0,0,0
F,MO,S,Y,25,32.0,2100,0,1200
M,NH,S,Y,14,0.0,0,0,0
F,NJ,S,N,22,9.0,1000,0,0
F,CA,S,N,48,49.0,87,0,0
F,VA,S,Y,13,30.0,900,0,900
F,MT,S,N,41,37.0,1900,0,0
F,PA,S,Y,14,16.0,0,0,0
M,ND,S,Y,30,13.0,3300,0,3300
F,DE,S,Y,13,20.0,110,0,110
M,WA,S,N,46,0.0,0,0,0
M,OH,S,N,23,11.0,1300,0,0
F,MT,M,N,26,37.0,0,3800,0
M,ND,M,Y,2,11.0,0,6600,3300
M,DE,S,N,23,27.0,110,0,0
F,ME,S,N,32,45.0,2850,0,0
M,CA,S,Y,21,49.0,87,0,272
F,OK,M,Y,42,33.0,0,2000,1000
M,NY,S,Y,45,24.0,0,0,1000
F,OK,M,Y,5,33.0,0,2000,1000
M,UT,M,Y,41,37.0,0,4950,2475
F,VT,M,Y,18,20.0,0,6600,3300
F,AZ,M,N,15,17.0,0,4200,0
M,AR,S,Y,37,37.0,20,0,20
M,NH,M,Y,25,0.0,0,0,0
M,WY,M,N,32,0.0,0,0,0
F,NM,M,Y,20,28.0,0,6600,3300
M,MA,M,N,15,28.0,0,7150,0
F,OK,M,N,25,33.0,0,2000,0
F,UT,S,N,33,37.0,2475,0,0
M,VA,S,N,26,30.0,900,0,0
F,MA,M,N,16,28.0,0,7150,0
F,NY,S,N,5,21.0,0,0,0
F,GA,S,Y,27,32.0,2700,0,3000
F,MN,M,N,16,32.0,0,6600,0
M,WY,M,N,33,0.0,0,0,0
F,PA,M,N,45,16.0,0,0,0
F,OK,M,Y,40,33.0,0,2000,1000
M,NJ,M,N,0,7.0,0,2000,0
M,MN,S,N,34,42.0,3300,0,0
M,ID,M,N,28,41.0,0,6600,0
F,KS,M,N,25,34.0,0,4500,0
M,DE,S,Y,40,31.0,110,0,110
F,SD,S,Y,22,0.0,0,0,0
M,SC,M,Y,32,37.0,0,6600,3300
F,OK,S,Y,12,33.0,1000,0,1000
F,OH,S,Y,12,7.0,1300,0,1300
M,DC,M,Y,23,48.0,0,2740,1370
F,KS,M,Y,1,18.0,0,4500,2250
M,MN,S,Y,31,40.0,3300,0,3300
F,MT,M,Y,29,37.0,0,3800,1900
F,MT,M,Y,35,37.0,0,3800,1900
F,UT,S,Y,25,37.0,2475,0,2475
M,AR,S,Y,2,6.0,20,0,20
M,NV,M,Y,29,0.0,0,0,0
F,NM,S,N,35,28.0,3300,0,0
F,CA,M,Y,20,49.0,0,174,272
M,MN,M,Y,27,38.0,0,6600,3300
F,NM,S,Y,22,28.0,3300,0,3300
F,AZ,M,N,30,19.0,0,4200,0
F,PA,S,N,22,16.0,0,0,0
F,KY,M,N,42,32.0,0,40,0
F,AR,M,Y,19,37.0,0,40,20
F,SD,M,N,12,0.0,0,0,0
M,IN,S,N,47,18.0,1000,0,0
M,NJ,S,Y,24,9.0,1000,0,1500
M,NV,M,Y,46,0.0,0,0,0
F,AL,M,N,1,26.0,0,3000,0
F,IA,S,Y,17,29.0,40,0,40
M,DE,M,Y,1,11.0,0,220,110
M,PA,S,Y,14,16.0,0,0,0
F,IN,M,N,8,18.0,0,2000,0
M,MI,M,N,35,20.0,0,6200,0
F,MA,S,N,33,28.0,3575,0,0
M,AR,M,N,11,31.0,0,40,0
F,PR,S,N,31,0.0,0,0,0
F,WY,S,Y,9,0.0,0,0,0
F,NH,S,Y,2,0.0,0,0,0
F,NE,S,Y,46,36.0,103,0,103
F,AK,S,N,7,0.0,0,0,0
F,SC,S,N,46,37.0,3300,0,0
M,FL,M,Y,33,0.0,0,0,0
F,PA,M,N,0,16.0,0,0,0
M,IA,M,N,0,1.0,0,80,0
M,VA,M,Y,41,30.0,0,1800,900
M,KS,S,N,46,34.0,2250,0,0
M,NJ,M,Y,4,7.0,0,2000,1500
F,NE,S,N,23,36.0,103,0,0
F,AL,M,N,43,26.0,0,3000,0
M,NE,M,N,49,36.0,0,206,0
F,VT,S,Y,35,23.0,3300,0,3300
F,WV,M,Y,20,27.0,0,4000,2000
F,MT,S,Y,44,37.0,1900,0,1900
F,HI,S,Y,26,44.0,1040,0,1040
F,WA,M,Y,15,0.0,0,0,0
M,MD,M,N,9,25.0,0,4800,0
F,LA,M,Y,21,32.0,0,9000,1000
M,MS,M,Y,16,26.0,0,12000,1500
F,NM,S,Y,37,28.0,3300,0,3300
F,WA,M,N,26,0.0,0,0,0
F,MA,M,N,23,28.0,0,7150,0
F,NY,S,Y,31,23.0,0,0,1000
F,DC,M,N,38,48.0,0,2740,0
F,NH,S,N,36,0.0,0,0,0
M,IN,S,Y,30,18.0,1000,0,1000
F,PA,S,N,36,16.0,0,0,0
F,CT,S,N,9,26.0,12750,0,0
M,ID,M,Y,27,41.0,0,6600,3300
M,AR,S,Y,19,37.0,20,0,20
F,NJ,M,N,28,10.0,0,2000,0
F,AK,S,Y,11,0.0,0,0,0
F,ID,M,N,12,41.0,0,6600,0
F,MD,M,Y,10,25.0,0,4800,2400
M,NM,S,Y,12,28.0,3300,0,3300
M,TN,S,N,30,0.0,0,0,0
F,MS,S,Y,49,26.0,6000,0,1500
M,WV,M,Y,49,34.0,0,4000,2000
M,IN,M,N,30,18.0,0,2000,0
M,UT,M,N,1,31.0,0,4950,0
F,WY,S,N,17,0.0,0,0,0
M,IL,M,N,19,16.0,0,4000,0
M,WV,M,N,35,34.0,0,4000,0
M,NE,M,Y,35,36.0,0,206,103
M,PR,S,N,42,0.0,0,0,0
M,TX,M,Y,30,0.0,0,0,0
M,SD,S,Y,34,0.0,0,0,0
F,RI,S,Y,24,0.0,0,0,0
M,ME,M,N,17,45.0,0,5700,0
M,FL,S,Y,32,0.0,0,0,0
F,AR,M,N,37,37.0,0,40,0
F,MT,M,N,46,37.0,0,3800,0
M,CT,M,Y,31,26.0,0,24500,0
F,WI,S,Y,26,28.0,700,0,400
M,MI,M,Y,26,20.0,0,6200,3100
F,MI,S,Y,22,20.0,3100,0,3100
F,GA,S,Y,34,32.0,2700,0,3000
M,MD,M,N,36,25.0,0,4800,0
F,UT,M,N,45,37.0,0,4950,0
F,IL,S,N,43,16.0,2000,0,0
F,MA,S,N,48,28.0,3575,0,0
F,AK,M,Y,29,0.0,0,0,0
F,UT,S,N,6,37.0,2475,0,0
F,SC,S,N,2,17.0,3300,0,0
M,AK,S,Y,0,0.0,0,0,0
M,ND,S,Y,48,15.0,3300,0,3300
M,WA,S,Y,10,0.0,0,0,0
M,IL,S,Y,43,16.0,2000,0,2000
M,WA,S,Y,5,0.0,0,0,0
M,VT,S,N,26,21.0,3300,0,0
M,DC,M,N,21,48.0,0,2740,0
M,NC,S,N,18,35.0,3300,0,0
F,VA,M,Y,2,15.0,0,1800,900
M,MO,S,Y,30,32.0,2100,0,1200
M,OH,M,N,22,11.0,0,2600,0
F,WI,M,Y,41,31.0,0,1400,400
F,AR,M,N,11,30.0,0,40,0
M,CT,M,Y,38,26.0,0,24500,0
M,DC,M,N,9,35.0,0,2740,0
M,IA,S,Y,5,10.0,40,0,40
M,MN,S,Y,21,35.0,3300,0,3300
M,TN,M,Y,28,0.0,0,0,0
M,LA,S,N,30,32.0,4500,0,0
M,MO,S,Y,27,32.0,2100,0,1200
M,WI,M,Y,26,28.0,0,1400,400
F,NY,M,Y,25,22.0,0,0,1000
F,NY,M,N,0,21.0,0,0,0
F,DE,S,N,33,31.0,110,0,0
F,DE,M,N,24,27.0,0,220,0
M,ME,M,Y,0,10.0,0,5700,2850
M,MD,M,Y,25,25.0,0,4800,2400
M,WV,S,N,49,34.0,2000,0,0
F,DC,S,N,4,24.0,1370,0,0
F,MO,S,N,39,32.0,2100,0,0
M,CT,S,Y,48,26.0,12750,0,0
F,AR,M,Y,24,37.0,0,40,20
M,MI,M,Y,0,20.0,0,6200,3100
M,ND,M,N,22,12.0,0,6600,0
M,FL,M,N,29,0.0,0,0,0
F,VT,S,Y,35,23.0,3300,0,3300
M,FL,M,Y,47,0.0,0,0,0
F,PR,S,Y,5,0.0,0,0,0
F,NH,M,N,21,0.0,0,0,0
F,MN,S,Y,0,28.0,3300,0,3300
M,ME,S,Y,0,10.0,2850,0,2850
M,NV,S,Y,24,0.0,0,0,0
M,AR,M,N,0,5.0,0,40,0
M,WI,S,N,29,29.0,700,0,0
M,WI,S,N,47,32.0,700,0,0
M,LA,S,N,32,32.0,4500,0,0
F,MO,S,Y,33,32.0,2100,0,1200
F,RI,S,N,13,0.0,0,0,0
M,OH,M,Y,6,5.0,0,2600,1300
M,NY,S,Y,7,21.0,0,0,1000
M,NH,M,N,29,0.0,0,0,0
F,NC,S,N,40,40.0,3300,0,0
M,NE,S,Y,31,36.0,103,0,103
M,FL,S,N,27,0.0,0,0,0
M,DC,S,N,37,48.0,1370,0,0
M,IL,M,N,11,16.0,0,4000,0
M,TX,S,N,30,0.0,0,0,0
M,PA,S,Y,22,16.0,0,0,0
M,MI,S,Y,19,20.0,3100,0,3100
M,NC,S,N,26,36.0,3300,0,0
M,SC,S,Y,20,37.0,3300,0,3300
F,VA,M,Y,14,30.0,0,1800,900
M,NJ,S,N,29,10.0,1000,0,0
F,MO,M,N,47,32.0,0,4200,0
M,VT,S,Y,18,20.0,3300,0,3300
F,VA,M,Y,16,30.0,0,1800,900
M,MA,S,Y,23,28.0,3575,0,1000
M,SC,M,N,47,37.0,0,6600,0
F,NE,S,Y,45,36.0,103,0,103
F,OH,M,N,12,7.0,0,2600,0
F,LA,M,N,48,32.0,0,9000,0
M,IL,M,Y,15,16.0,0,4000,2000
M,AZ,M,Y,18,17.0,0,4200,2300
M,MN,S,N,35,42.0,3300,0,0
M,TN,M,Y,38,0.0,0,0,0
F,AZ,S,N,11,16.0,2100,0,0
M,AR,S,N,47,37.0,20,0,0
M,IL,S,Y,11,16.0,2000,0,2000
M,WI,S,N,35,30.0,700,0,0
M,KS,S,Y,4,18.0,2250,0,2250
M,MS,S,Y,47,26.0,6000,0,1500
M,NJ,M,N,15,8.0,0,2000,0
M,SC,S,Y,8,37.0,3300,0,3300
M,WI,S,N,20,27.0,700,0,0
M,AL,S,Y,33,26.0,1500,0,300
F,NY,M,Y,26,22.0,0,0,1000
F,KS,S,N,37,34.0,2250,0,0
M,MN,S,Y,9,28.0,3300,0,3300
M,WI,M,Y,19,27.0,0,1400,400
M,GA,S,Y,5,32.0,2700,0,3000
F,GA,M,Y,38,32.0,0,5400,3000
M,WA,S,N,18,0.0,0,0,0
F,VT,S,Y,20,20.0,3300,0,3300
M,SD,S,N,5,0.0,0,0,0
M,DC,S,N,24,48.0,1370,0,0
F,DC,M,Y,4,24.0,0,2740,1370
F,MN,S,N,44,42.0,3300,0,0
F,IA,S,Y,2,4.0,40,0,40
F,WV,M,N,5,16.0,0,4000,0
M,WV,S,Y,4,16.0,2000,0,2000
F,UT,M,N,35,37.0,0,4950,0
F,KY,S,Y,40,32.0,20,0,20
M,WI,S,Y,27,29.0,700,0,400
F,FL,S,N,6,0.0,0,0,0
M,OR,S,N,44,48.0,159,0,0
F,OK,S,Y,31,33.0,1000,0,1000
F,MT,M,N,32,37.0,0,3800,0
M,OR,S,Y,49,48.0,159,0,159
M,MO,M,Y,39,32.0,0,4200,1200
F,RI,S,Y,23,0.0,0,0,0
M,SD,S,Y,16,0.0,0,0,0
F,ME,S,N,31,45.0,2850,0,0
M,WY,M,N,30,0.0,0,0,0
M,MA,S,Y,21,28.0,3575,0,1000
M,FL,S,N,35,0.0,0,0,0
M,KY,M,N,9,15.0,0,40,0
F,TX,S,N,8,0.0,0,0,0
F,MN,S,Y,13,30.0,3300,0,3300
F,RI,M,N,12,0.0,0,0,0
F,CA,S,Y,1,5.0,87,0,272
F,HI,M,Y,20,44.0,0,2080,1040
F,AR,S,Y,31,37.0,20,0,20
M,OK,S,Y,4,33.0,1000,0,1000
M,MA,M,Y,25,28.0,0,7150,1000
F,NV,S,Y,2,0.0,0,0,0
M,UT,S,N,24,37.0,2475,0,0
F,VA,M,Y,20,30.0,0,1800,900
M,RI,S,N,17,0.0,0,0,0
M,CO,S,N,34,24.0,0,0,0
F,MD,M,N,22,25.0,0,4800,0
M,MN,S,N,49,42.0,3300,0,0
M,VT,S,Y,17,20.0,3300,0,3300
M,NV,S,Y,30,0.0,0,0,0
M,WA,S,Y,36,0.0,0,0,0
F,ME,M,Y,41,45.0,0,5700,2850
F,AZ,S,Y,18,17.0,2100,0,2300
F,SC,S,N,23,37.0,3300,0,0
F,AZ,S,Y,14,17.0,2100,0,2300
M,MA,M,N,41,28.0,0,7150,0
M,NC,S,N,37,39.0,3300,0,0
F,MO,S,N,38,32.0,2100,0,0
M,DC,M,Y,41,48.0,0,2740,1370
M,DE,M,Y,40,31.0,0,220,110
F,MT,S,Y,29,37.0,1900,0,1900
M,NM,M,Y,24,28.0,0,6600,3300
F,ME,S,Y,4,24.0,2850,0,2850
M,TN,M,N,36,0.0,0,0,0
M,CO,M,N,43,24.0,0,0,0
F,AR,M,Y,46,37.0,0,40,20
F,IA,M,Y,40,48.0,0,80,40
F,NM,M,N,15,28.0,0,6600,0
M,NH,M,N,23,0.0,0,0,0
F,DC,S,Y,12,43.0,1370,0,1370
F,IL,M,Y,20,16.0,0,4000,2000
F,DE,S,Y,15,21.0,110,0,110
F,GA,M,N,0,8.0,0,5400,0
M,PA,S,N,3,16.0,0,0,0
F,NH,S,N,6,0.0,0,0,0
M,NY,S,N,22,22.0,0,0,0
F,OR,S,Y,18,48.0,159,0,159
M,SD,S,N,43,0.0,0,0,0
M,GA,S,N,32,32.0,2700,0,0
F,MA,M,Y,4,28.0,0,7150,1000
M,OK,M,Y,25,33.0,0,2000,1000
M,PR,S,N,0,0.0,0,0,0
F,AR,S,Y,15,37.0,20,0,20
M,OH,M,Y,7,5.0,0,2600,1300
F,MI,S,N,28,20.0,3100,0,0
M,CA,S,Y,22,49.0,87,0,272
F,NH,M,Y,15,0.0,0,0,0
F,MD,S,N,37,25.0,2400,0,0
F,GA,S,N,5,32.0,2700,0,0
F,WY,S,N,14,0.0,0,0,0
M,TN,S,N,24,0.0,0,0,0
F,OK,M,N,20,33.0,0,2000,0
M,VT,S,N,2,19.0,3300,0,0
F,MN,M,N,45,42.0,0,6600,0
F,OH,S,Y,43,18.0,1300,0,1300
M,ME,S,Y,32,45.0,2850,0,2850
M,DC,M,Y,39,48.0,0,2740,1370
F,AR,S,Y,13,35.0,20,0,20
M,DC,S,N,43,48.0,1370,0,0
M,CT,M,N,15,26.0,0,24500,0
M,LA,S,N,31,32.0,4500,0,0
M,CT,S,N,16,26.0,12750,0,0
F,MS,S,Y,24,26.0,6000,0,1500
M,WI,M,Y,10,25.0,0,1400,400
F,MO,M,Y,38,32.0,0,4200,1200
F,AL,S,Y,15,26.0,1500,0,300
M,MS,S,Y,26,26.0,6000,0,1500
M,AZ,S,N,23,18.0,2100,0,0
M,MA,S,Y,5,28.0,3575,0,1000
F,RI,S,Y,28,0.0,0,0,0
M,MN,M,N,22,36.0,0,6600,0
M,MI,S,Y,28,20.0,3100,0,3100
M,MD,S,Y,41,25.0,2400,0,2400
M,MD,S,Y,36,25.0,2400,0,2400
M,IA,S,Y,49,48.0,40,0,40
M,IL,M,N,45,16.0,0,4000,0
F,NC,M,N,45,41.0,0,6600,0
M,DC,M,Y,21,48.0,0,2740,1370
M,OR,M,N,48,48.0,0,318,0
F,RI,M,Y,34,0.0,0,0,0
F,AK,S,Y,47,0.0,0,0,0
M,WV,S,Y,14,23.0,2000,0,2000
F,LA,S,N,35,32.0,4500,0,0
M,AZ,M,N,25,18.0,0,4200,0
F,MO,S,Y,30,32.0,2100,0,1200
F,WI,M,Y,45,32.0,0,1400,400
M,IN,M,Y,43,18.0,0,2000,1000
M,MT,S,N,30,37.0,1900,0,0
F,FL,S,N,10,0.0,0,0,0
F,FL,M,N,47,0.0,0,0,0
M,AK,S,Y,25,0.0,0,0,0
F,ID,M,N,24,41.0,0,6600,0
F,NV,M,N,12,0.0,0,0,0
F,IN,M,N,29,18.0,0,2000,0
F,NC,M,Y,42,40.0,0,6600,3300
M,GA,M,Y,26,32.0,0,5400,3000
M,ND,M,N,31,13.0,0,6600,0
M,NY,M,N,3,21.0,0,0,0
F,CO,M,N,23,24.0,0,0,0
M,ND,S,Y,39,14.0,3300,0,3300
F,MO,M,Y,40,32.0,0,4200,1200
F,MD,M,N,49,25.0,0,4800,0
M,MA,M,Y,2,28.0,0,7150,1000
F,MD,M,Y,3,25.0,0,4800,2400
F,KY,S,N,30,28.0,20,0,0
M,NY,M,N,35,23.0,0,0,0
M,SD,S,N,43,0.0,0,0,0
M,DE,M,N,6,14.0,0,220,0
M,NV,S,Y,37,0.0,0,0,0
M,CO,M,Y,49,24.0,0,0,0
M,PR,M,Y,34,0.0,0,0,0
F,MD,S,N,46,25.0,2400,0,0
M,VT,M,N,26,21.0,0,6600,0
M,RI,M,N,20,0.0,0,0,0
M,KY,M,N,9,15.0,0,40,0
F,GA,S,Y,5,32.0,2700,0,3000
F,TN,M,N,17,0.0,0,0,0
F,OR,S,N,32,48.0,159,0,0
M,IN,S,N,18,18.0,1000,0,0
F,AZ,S,Y,26,19.0,2100,0,2300
F,ME,S,Y,23,45.0,2850,0,2850
F,FL,S,N,36,0.0,0,0,0
M,LA,M,Y,20,32.0,0,9000,1000
F,VT,S,N,28,22.0,3300,0,0
M,MN,M,Y,31,40.0,0,6600,3300
F,AL,M,Y,34,26.0,0,3000,300
M,PA,M,N,2,16.0,0,0,0
F,RI,S,Y,19,0.0,0,0,0
F,KS,M,N,17,34.0,0,4500,0
M,UT,M,N,41,37.0,0,4950,0
M,MS,M,Y,27,26.0,0,12000,1500
M,SC,M,Y,42,37.0,0,6600,3300
M,CA,S,Y,22,49.0,87,0,272
M,FL,S,N,19,0.0,0,0,0
F,IN,M,N,25,18.0,0,2000,0
M,WY,S,N,31,0.0,0,0,0
F,LA,S,N,19,32.0,4500,0,0
F,PR,S,Y,22,0.0,0,0,0
F,OR,M,N,1,34.0,0,318,0
F,NJ,M,N,6,7.0,0,2000,0
F,KY,S,N,3,11.0,20,0,0
M,AR,S,Y,21,37.0,20,0,20
M,FL,S,Y,7,0.0,0,0,0
M,OK,M,N,29,33.0,0,2000,0
F,NV,S,Y,42,0.0,0,0,0
M,NH,M,Y,0,0.0,0,0,0
M,MA,M,N,24,28.0,0,7150,0
M,WA,M,N,17,0.0,0,0,0
F,AZ,S,N,22,18.0,2100,0,0
M,NH,S,Y,35,0.0,0,0,0
M,MI,M,Y,35,20.0,0,6200,3100
F,KY,M,N,28,27.0,0,40,0
M,IL,S,Y,3,16.0,2000,0,2000
F,OR,S,N,31,48.0,159,0,0
F,WA,M,Y,7,0.0,0,0,0
F,NV,M,Y,42,0.0,0,0,0
F,IA,S,N,4,8.0,40,0,0
M,CT,S,Y,41,26.0,12750,0,0
F,NJ,S,N,30,11.0,1000,0,0
M,ID,M,N,35,41.0,0,6600,0
F,WY,S,Y,4,0.0,0,0,0
F,ND,M,N,14,11.0,0,6600,0
M,SC,S,N,4,30.0,3300,0,0
M,OH,M,Y,14,8.0,0,2600,1300
F,SD,S,Y,44,0.0,0,0,0
F,PA,S,Y,32,16.0,0,0,0
M,OK,M,Y,28,33.0,0,2000,1000
F,FL,S,N,43,0.0,0,0,0
F,MN,M,Y,13,30.0,0,6600,3300
M,WY,M,N,4,0.0,0,0,0
M,WI,M,Y,39,31.0,0,1400,400
M,WV,S,Y,15,23.0,2000,0,2000
M,WI,S,Y,14,26.0,700,0,400
F,CA,M,N,16,39.0,0,174,0
F,PA,S,Y,0,16.0,0,0,0
F,IA,S,Y,18,31.0,40,0,40
F,MA,M,Y,48,28.0,0,7150,1000
F,NH,M,Y,5,0.0,0,0,0
M,MT,S,N,23,37.0,1900,0,0
F,ND,M,Y,32,13.0,0,6600,3300
F,NJ,S,Y,4,7.0,1000,0,1500
F,WY,S,N,30,0.0,0,0,0
M,FL,M,N,43,0.0,0,0,0
M,MS,S,Y,10,26.0,6000,0,1500
M,KY,S,Y,40,32.0,20,0,20
M,CT,M,Y,37,26.0,0,24500,0
F,WA,M,Y,38,0.0,0,0,0
F,SD,S,N,10,0.0,0,0,0
F,NH,M,N,30,0.0,0,0,0
M,IL,S,N,8,16.0,2000,0,0
M,NE,S,Y,19,36.0,103,0,103
F,NH,M,Y,10,0.0,0,0,0
M,ME,M,Y,3,18.0,0,5700,2850
F,FL,M,Y,37,0.0,0,0,0
M,AK,S,Y,17,0.0,0,0,0
M,VA,M,Y,31,30.0,0,1800,900
F,CA,M,Y,5,10.0,0,174,272
M,AR,S,Y,23,37.0,20,0,20
F,CA,S,Y,34,49.0,87,0,272
M,KS,M,N,5,18.0,0,4500,0
F,DC,M,N,42,48.0,0,2740,0
M,ID,S,N,32,41.0,3300,0,0
M,PA,M,Y,8,16.0,0,0,0
F,PR,S,N,44,0.0,0,0,0
F,FL,M,N,39,0.0,0,0,0
M,AR,S,Y,40,37.0,20,0,20
F,KS,M,N,22,34.0,0,4500,0
M,CA,S,N,46,49.0,87,0,0
M,KY,S,N,7,14.0,20,0,0
M,ID,S,N,15,41.0,3300,0,0
F,NV,M,N,41,0.0,0,0,0
F,HI,M,Y,44,44.0,0,2080,1040
M,OK,S,Y,44,33.0,1000,0,1000
F,MS,S,Y,17,26.0,6000,0,1500
M,WA,M,N,48,0.0,0,0,0
M,MN,M,N,35,42.0,0,6600,0
M,IA,M,N,19,34.0,0,80,0
F,ID,S,N,22,41.0,3300,0,0
M,WV,M,Y,24,30.0,0,4000,2000
M,MS,M,N,33,26.0,0,12000,0
M,PA,S,N,4,16.0,0,0,0
M,MS,S,N,27,26.0,6000,0,0
F,AK,S,Y,8,0.0,0,0,0
F,IA,M,Y,2,5.0,0,80,40
F,ND,S,Y,49,15.0,3300,0,3300
F,NY,M,Y,27,22.0,0,0,1000
F,UT,S,Y,17,37.0,2475,0,2475
M,IN,S,N,35,18.0,1000,0,0
F,DE,S,N,28,31.0,110,0,0
F,CT,S,N,16,26.0,12750,0,0
M,AL,S,Y,4,26.0,1500,0,300
M,DE,S,Y,30,31.0,110,0,110
M,IA,M,Y,37,48.0,0,80,40
F,MO,S,N,45,32.0,2100,0,0
M,NY,M,Y,10,21.0,0,0,1000
F,PA,M,Y,34,16.0,0,0,0
F,SC,M,Y,44,37.0,0,6600,3300
M,MN,M,Y,30,40.0,0,6600,3300
M,CT,S,N,21,26.0,12750,0,0
F,NC,M,N,39,39.0,0,6600,0
F,PR,M,Y,27,0.0,0,0,0
F,NH,M,N,30,0.0,0,0,0
M,ND,S,N,18,11.0,3300,0,0
F,WY,M,N,6,0.0,0,0,0
M,PR,S,N,37,0.0,0,0,0
F,MT,S,Y,8,37.0,1900,0,1900
M,WI,S,Y,8,25.0,700,0,400
M,WY,S,Y,19,0.0,0,0,0
M,GA,S,Y,36,32.0,2700,0,3000
M,NJ,M,N,30,10.0,0,2000,0
F,OH,M,Y,25,12.0,0,2600,1300
F,NM,M,N,11,28.0,0,6600,0
F,PR,S,N,36,0.0,0,0,0
F,CA,M,N,25,49.0,0,174,0
F,AR,S,Y,31,37.0,20,0,20
M,MS,M,N,19,26.0,0,12000,0
F,MO,S,Y,37,32.0,2100,0,1200
F,OR,S,N,15,48.0,159,0,0
M,WI,S,Y,32,30.0,700,0,400
M,WI,S,Y,11,26.0,700,0,400
M,OH,S,Y,47,19.0,1300,0,1300
M,MI,M,N,22,20.0,0,6200,0
M,NV,M,N,19,0.0,0,0,0
M,GA,M,Y,16,32.0,0,5400,3000
M,NE,S,N,14,36.0,103,0,0
M,CT,M,Y,44,26.0,0,24500,0
M,NM,M,Y,10,28.0,0,6600,3300
M,LA,S,Y,6,10.0,4500,0,1000
M,MO,S,N,4,32.0,2100,0,0
M,MO,S,N,4,32.0,2100,0,0
M,MO,M,Y,41,32.0,0,4200,1200
F,PA,S,Y,10,16.0,0,0,0
M,MD,S,N,1,25.0,2400,0,0
F,RI,S,N,39,0.0,0,0,0
M,VA,M,N,11,30.0,0,1800,0
M,KY,S,N,29,27.0,20,0,0
F,OR,M,Y,31,48.0,0,318,159
M,NV,S,N,15,0.0,0,0,0
M,IN,S,Y,24,18.0,1000,0,1000
M,NJ,S,Y,32,11.0,1000,0,1500
M,WA,S,N,23,0.0,0,0,0
F,RI,S,N,49,0.0,0,0,0
F,NJ,S,Y,11,7.0,1000,0,1500
M,UT,M,Y,21,37.0,0,4950,2475
M,GA,M,N,37,32.0,0,5400,0
M,KS,M,Y,20,34.0,0,4500,2250
M,ND,S,N,33,13.0,3300,0,0
M,DC,M,N,30,48.0,0,2740,0
F,AZ,M,N,0,15.0,0,4200,0
F,AL,S,N,29,26.0,1500,0,0
F,SD,S,N,5,0.0,0,0,0
M,MD,M,N,4,25.0,0,4800,0
F,RI,M,N,24,0.0,0,0,0
M,WY,S,N,2,0.0,0,0,0
M,RI,M,N,15,0.0,0,0,0
M,LA,M,N,39,32.0,0,9000,0
M,MA,S,N,47,28.0,3575,0,0
M,DC,S,N,33,48.0,1370,0,0
F,VA,S,N,49,30.0,900,0,0
M,NC,M,Y,39,39.0,0,6600,3300
F,VA,M,Y,28,30.0,0,1800,900
M,UT,S,N,20,37.0,2475,0,0
F,MO,S,N,16,32.0,2100,0,0
M,DC,S,Y,14,46.0,1370,0,1370
F,OK,S,N,42,33.0,1000,0,0
F,NM,M,Y,9,28.0,0,6600,3300
M,TN,S,N,20,0.0,0,0,0
F,VA,M,Y,16,30.0,0,1800,900
M,LA,M,N,27,32.0,0,9000,0
F,PR,M,N,35,0.0,0,0,0
F,CO,S,N,47,24.0,0,0,0
M,CT,M,N,43,26.0,0,24500,0
M,NM,S,Y,19,28.0,3300,0,3300
M,ID,S,Y,10,38.0,3300,0,3300
F,AR,M,Y,31,37.0,0,40,20
M,WA,M,Y,40,0.0,0,0,0
M,GA,S,Y,0,6.0,2700,0,3000
F,NM,S,N,9,28.0,3300,0,0
F,DE,M,Y,28,31.0,0,220,110
M,WI,S,Y,4,24.0,700,0,400
F,MD,M,Y,24,25.0,0,4800,2400
F,TX,M,N,27,0.0,0,0,0
M,PA,S,Y,33,16.0,0,0,0
F,IN,M,N,30,18.0,0,2000,0
M,WI,M,Y,25,28.0,0,1400,400
F,IN,M,Y,46,18.0,0,2000,1000
F,LA,M,Y,32,32.0,0,9000,1000
F,MT,S,N,2,11.0,1900,0,0
M,DE,M,N,35,31.0,0,220,0
F,AR,M,N,39,37.0,0,40,0
F,TN,M,N,17,0.0,0,0,0
M,NY,M,N,7,21.0,0,0,0
M,SC,S,N,32,37.0,3300,0,0
M,IL,M,N,1,16.0,0,4000,0
M,DC,S,Y,45,48.0,1370,0,1370
M,WI,M,N,45,32.0,0,1400,0
F,ID,S,N,7,28.0,3300,0,0
M,SD,M,Y,22,0.0,0,0,0
M,PR,M,N,44,0.0,0,0,0
F,NE,M,N,4,19.0,0,206,0
M,DE,M,Y,2,12.0,0,220,110
M,HI,M,N,39,44.0,0,2080,0
M,LA,S,N,7,16.0,4500,0,0
M,RI,M,Y,29,0.0,0,0,0
F,MN,M,N,22,35.0,0,6600,0
F,AR,S,Y,48,37.0,20,0,20
F,RI,M,Y,47,0.0,0,0,0
F,WI,S,N,46,32.0,700,0,0
F,MD,S,N,15,25.0,2400,0,0
M,OK,S,N,46,33.0,1000,0,0
F,LA,M,N,15,32.0,0,9000,0
M,MN,S,N,18,33.0,3300,0,0
F,SC,M,Y,22,37.0,0,6600,3300
F,CT,S,Y,48,26.0,12750,0,0
F,IA,M,N,30,48.0,0,80,0
F,NM,S,Y,29,28.0,3300,0,3300
M,MI,M,N,23,20.0,0,6200,0
M,NM,S,N,26,28.0,3300,0,0
M,HI,S,N,2,9.0,1040,0,0
F,OR,S,Y,41,48.0,159,0,159
F,UT,S,N,23,37.0,2475,0,0
M,MD,S,Y,27,25.0,2400,0,2400
M,OK,S,N,42,33.0,1000,0,0
F,FL,M,N,6,0.0,0,0,0
M,MD,S,Y,6,25.0,2400,0,2400
M,KS,M,Y,10,26.0,0,4500,2250
F,WA,M,Y,11,0.0,0,0,0
M,AR,M,Y,32,37.0,0,40,20
M,SD,M,N,38,0.0,0,0,0
F,NY,S,Y,27,22.0,0,0,1000
F,MO,S,Y,22,32.0,2100,0,1200
F,MT,M,Y,16,37.0,0,3800,1900
M,AL,M,N,16,26.0,0,3000,0
F,GA,S,N,31,32.0,2700,0,0
M,DC,M,N,1,24.0,0,2740,0
M,KS,S,N,0,18.0,2250,0,0
F,FL,S,N,30,0.0,0,0,0
F,FL,S,Y,39,0.0,0,0,0
M,MT,M,N,41,37.0,0,3800,0
M,VA,S,N,15,30.0,900,0,0
M,AK,S,N,36,0.0,0,0,0
M,ID,S,Y,32,41.0,3300,0,3300
F,CA,S,Y,14,33.0,87,0,272
M,MA,S,N,23,28.0,3575,0,0
F,AZ,S,Y,34,20.0,2100,0,2300
M,MD,M,N,13,25.0,0,4800,0
M,AK,S,Y,7,0.0,0,0,0
F,RI,M,Y,40,0.0,0,0,0
M,LA,M,N,15,32.0,0,9000,0
M,CT,M,N,28,26.0,0,24500,0
M,WY,M,Y,9,0.0,0,0,0
M,ME,M,Y,10,45.0,0,5700,2850
F,NC,M,N,24,36.0,0,6600,0
F,MO,M,Y,26,32.0,0,4200,1200
M,CT,M,N,27,26.0,0,24500,0
M,WV,M,Y,28,34.0,0,4000,2000
M,VT,M,N,11,19.0,0,6600,0
F,MA,M,Y,30,28.0,0,7150,1000
F,NH,M,Y,22,0.0,0,0,0
F,CT,M,N,26,26.0,0,24500,0
F,IL,M,N,3,16.0,0,4000,0
F,MO,S,Y,39,32.0,2100,0,1200
M,MD,M,Y,45,25.0,0,4800,2400
F,NH,S,N,15,0.0,0,0,0
M,WY,S,Y,42,0.0,0,0,0
M,IL,S,Y,5,16.0,2000,0,2000
F,DE,S,Y,3,12.0,110,0,110
F,ND,S,N,0,11.0,3300,0,0
M,AK,M,N,5,0.0,0,0,0
F,KY,M,Y,39,32.0,0,40,20
M,DC,M,Y,8,32.0,0,2740,1370
F,IA,S,N,43,48.0,40,0,0
F,UT,M,N,1,24.0,0,4950,0
M,PR,S,N,25,0.0,0,0,0
M,RI,M,N,14,0.0,0,0,0
F,DC,M,Y,12,42.0,0,2740,1370
M,NH,S,N,30,0.0,0,0,0
M,FL,M,N,44,0.0,0,0,0
F,MI,S,Y,5,20.0,3100,0,3100
F,NH,S,Y,37,0.0,0,0,0
F,VT,S,Y,23,21.0,3300,0,3300
F,IN,M,Y,9,18.0,0,2000,1000
F,AR,S,Y,3,11.0,20,0,20
M,HI,M,Y,45,44.0,0,2080,1040
F,VA,S,N,15,30.0,900,0,0
F,NY,S,Y,6,21.0,0,0,1000
M,MN,S,N,18,33.0,3300,0,0
M,SD,M,N,34,0.0,0,0,0
F,WA,M,Y,48,0.0,0,0,0
F,LA,S,Y,11,29.0,4500,0,1000
M,MS,M,Y,14,26.0,0,12000,1500
F,NV,S,N,25,0.0,0,0,0
M,SD,M,N,47,0.0,0,0,0
M,NE,M,Y,15,36.0,0,206,103
F,IN,M,Y,25,18.0,0,2000,1000
M,ID,M,Y,45,41.0,0,6600,3300
M,AL,M,Y,38,26.0,0,3000,300
F,AR,S,Y,14,37.0,20,0,20
F,MA,M,N,5,28.0,0,7150,0
F,MO,M,Y,9,32.0,0,4200,1200
F,MA,M,Y,42,28.0,0,7150,1000
F,PR,M,N,21,0.0,0,0,0
M,FL,M,N,40,0.0,0,0,0
F,IL,S,Y,48,16.0,2000,0,2000
M,AL,S,N,36,26.0,1500,0,0
M,PA,S,N,7,16.0,0,0,0
F,WV,S,Y,5,16.0,2000,0,2000
M,OR,S,Y,29,48.0,159,0,159
M,ME,S,N,10,45.0,2850,0,0
F,NV,M,N,30,0.0,0,0,0
M,IA,M,N,12,21.0,0,80,0
M,MI,M,Y,6,20.0,0,6200,3100
F,MS,S,N,16,26.0,6000,0,0
F,CT,S,Y,2,16.0,12750,0,0
M,MI,M,N,31,20.0,0,6200,0
F,VA,S,Y,20,30.0,900,0,900
F,NE,S,N,7,25.0,103,0,0
M,WV,M,Y,40,34.0,0,4000,2000
M,MD,S,Y,28,25.0,2400,0,2400
M,LA,M,N,3,10.0,0,9000,0
M,FL,S,Y,35,0.0,0,0,0
M,IA,M,N,34,48.0,0,80,0
M,OR,M,N,36,48.0,0,318,0
M,TX,M,Y,16,0.0,0,0,0
M,IA,S,N,11,19.0,40,0,0
F,DE,S,Y,47,31.0,110,0,110
F,WI,S,Y,3,24.0,700,0,400
F,OK,S,Y,22,33.0,1000,0,1000
F,WV,S,N,21,28.0,2000,0,0
F,IL,S,Y,37,16.0,2000,0,2000
F,CO,S,N,6,24.0,0,0,0
M,MT,S,N,26,37.0,1900,0,0
M,WA,S,Y,36,0.0,0,0,0
M,KS,S,Y,4,18.0,2250,0,2250
M,HI,M,Y,40,44.0,0,2080,1040
F,MA,S,N,44,28.0,3575,0,0
F,CA,M,N,8,19.0,0,174,0
M,OK,M,Y,14,33.0,0,2000,1000
M,SD,S,N,13,0.0,0,0,0
F,WI,M,Y,40,31.0,0,1400,400
M,UT,S,Y,37,37.0,2475,0,2475
M,NJ,M,Y,29,10.0,0,2000,1500
M,WI,M,N,37,30.0,0,1400,0
F,NV,M,N,3,0.0,0,0,0
M,NE,S,Y,15,36.0,103,0,103
M,TX,S,N,26,0.0,0,0,0
F,MO,M,Y,15,32.0,0,4200,1200
F,MI,M,Y,32,20.0,0,6200,3100
M,NM,M,Y,17,28.0,0,6600,3300
F,NH,S,N,8,0.0,0,0,0
M,NH,S,Y,40,0.0,0,0,0
F,NV,S,Y,28,0.0,0,0,0
M,HI,S,N,28,44.0,1040,0,0
M,AK,S,Y,7,0.0,0,0,0
M,RI,S,N,11,0.0,0,0,0
F,GA,M,N,31,32.0,0,5400,0
F,ME,S,Y,9,45.0,2850,0,2850
M,MO,S,N,12,32.0,2100,0,0
M,UT,S,N,35,37.0,2475,0,0
F,NM,M,N,36,28.0,0,6600,0
M,FL,S,N,25,0.0,0,0,0
M,CA,M,N,11,27.0,0,174,0
F,NJ,M,N,12,7.0,0,2000,0
F,OR,S,N,44,48.0,159,0,0
F,NY,S,Y,39,23.0,0,0,1000
M,AR,S,Y,43,37.0,20,0,20
M,AL,S,Y,17,26.0,1500,0,300
M,SD,S,Y,41,0.0,0,0,0
M,VT,S,N,11,19.0,3300,0,0
M,CO,S,Y,43,24.0,0,0,0
M,NV,S,N,6,0.0,0,0,0
M,WI,M,N,29,29.0,0,1400,0
F,PR,M,N,43,0.0,0,0,0
M,MS,M,N,46,26.0,0,12000,0
F,OR,M,Y,1,31.0,0,318,159
M,MO,S,N,28,32.0,2100,0,0
F,NE,S,N,45,36.0,103,0,0
F,NC,M,Y,6,32.0,0,6600,3300
F,DE,M,Y,44,31.0,0,220,110
M,IL,M,Y,43,16.0,0,4000,2000
F,AK,S,Y,49,0.0,0,0,0
M,IN,S,N,3,18.0,1000,0,0
M,FL,M,N,17,0.0,0,0,0
F,KY,S,N,19,21.0,20,0,0
M,PA,S,Y,12,16.0,0,0,0
F,DC,S,N,25,48.0,1370,0,0
F,DC,M,N,39,48.0,0,2740,0
M,PR,M,Y,4,0.0,0,0,0
F,KS,M,N,25,34.0,0,4500,0
F,MD,M,Y,44,25.0,0,4800,2400
F,SC,M,N,27,37.0,0,6600,0
M,OK,M,Y,43,33.0,0,2000,1000
F,IA,S,N,5,9.0,40,0,0
M,CA,S,N,21,49.0,87,0,0
F,CT,S,N,41,26.0,12750,0,0
M,OR,S,N,20,48.0,159,0,0
F,ME,M,Y,17,45.0,0,5700,2850
M,KY,S,Y,49,32.0,20,0,20
F,PA,M,Y,38,16.0,0,0,0
M,MA,M,Y,21,28.0,0,7150,1000
M,ND,M,N,18,11.0,0,6600,0
M,SD,S,Y,39,0.0,0,0,0
M,IN,S,Y,25,18.0,1000,0,1000
M,WA,S,Y,11,0.0,0,0,0
M,WY,M,Y,25,0.0,0,0,0
M,MI,M,Y,2,20.0,0,6200,3100
F,NE,S,N,18,36.0,103,0,0
M,PA,M,N,26,16.0,0,0,0
M,CO,M,N,44,24.0,0,0,0
M,TX,S,Y,18,0.0,0,0,0
F,NE,M,Y,47,36.0,0,206,103
M,AL,S,Y,34,26.0,1500,0,300
M,LA,M,Y,36,32.0,0,9000,1000
F,LA,M,Y,28,32.0,0,9000,1000
M,CT,S,Y,38,26.0,12750,0,0
M,IA,M,N,2,5.0,0,80,0
M,PA,M,Y,16,16.0,0,0,0
M,NC,M,Y,26,36.0,0,6600,3300
F,OK,M,Y,17,33.0,0,2000,1000
F,NJ,M,N,11,7.0,0,2000,0
M,NH,S,Y,31,0.0,0,0,0
M,IA,M,Y,15,27.0,0,80,40
F,IN,M,Y,25,18.0,0,2000,1000
M,NM,M,N,18,28.0,0,6600,0
F,DC,M,Y,32,48.0,0,2740,1370
F,LA,S,Y,42,32.0,4500,0,1000
F,AR,M,N,25,37.0,0,40,0
M,IN,M,Y,49,18.0,0,2000,1000
F,KY,S,Y,15,19.0,20,0,20
F,MS,S,N,16,26.0,6000,0,0
M,AK,S,Y,48,0.0,0,0,0
M,IA,S,N,15,26.0,40,0,0
M,MT,S,Y,5,29.0,1900,0,1900
F,WA,S,Y,25,0.0,0,0,0
F,VA,S,Y,14,30.0,900,0,900
M,SC,M,N,2,20.0,0,6600,0
F,IN,M,N,25,18.0,0,2000,0
F,IA,M,Y,13,22.0,0,80,40
F,WV,S,Y,21,28.0,2000,0,2000
M,SD,M,N,0,0.0,0,0,0
M,MS,S,Y,27,26.0,6000,0,1500
F,CO,M,Y,5,24.0,0,0,0
M,KY,M,Y,28,27.0,0,40,20
F,MI,M,N,13,20.0,0,6200,0
M,TX,M,N,12,0.0,0,0,0
M,FL,S,N,41,0.0,0,0,0
F,WV,M,N,12,22.0,0,4000,0
F,CO,S,N,21,24.0,0,0,0
F,VT,M,Y,4,19.0,0,6600,3300
F,VT,M,Y,3,19.0,0,6600,3300
M,NJ,M,Y,49,14.0,0,2000,1500
F,NE,S,Y,24,36.0,103,0,103
F,NJ,M,Y,26,10.0,0,2000,1500
F,TN,M,Y,33,0.0,0,0,0
F,WV,M,Y,24,31.0,0,4000,2000
M,MI,S,Y,11,20.0,3100,0,3100
M,VA,S,Y,24,30.0,900,0,900
M,RI,M,N,40,0.0,0,0,0
M,WA,S,N,36,0.0,0,0,0
F,TN,S,Y,5,0.0,0,0,0
F,NV,S,N,15,0.0,0,0,0
M,ND,M,N,21,12.0,0,6600,0
F,FL,M,Y,18,0.0,0,0,0
F,NC,M,N,43,40.0,0,6600,0
F,ND,S,Y,26,12.0,3300,0,3300
M,OR,M,Y,30,48.0,0,318,159
M,TN,M,Y,41,0.0,0,0,0
M,SD,S,N,5,0.0,0,0,0
F,NH,S,N,14,0.0,0,0,0
F,NC,S,Y,28,37.0,3300,0,3300
M,TN,M,N,33,0.0,0,0,0
F,DC,M,Y,49,48.0,0,2740,1370
F,PA,S,N,41,16.0,0,0,0
M,AL,M,Y,33,26.0,0,3000,300
M,IN,M,Y,33,18.0,0,2000,1000
F,NY,M,Y,18,22.0,0,0,1000
F,CA,M,Y,4,10.0,0,174,272
M,PA,S,N,8,16.0,0,0,0
M,DC,M,Y,3,24.0,0,2740,1370
F,MS,S,N,30,26.0,6000,0,0
M,MT,M,N,22,37.0,0,3800,0
M,AZ,M,Y,13,16.0,0,4200,2300
F,CA,M,N,19,46.0,0,174,0
F,CO,M,N,19,24.0,0,0,0
F,AR,M,N,37,37.0,0,40,0
F,TX,S,N,30,0.0,0,0,0
M,MO,S,N,46,32.0,2100,0,0
F,CO,S,Y,3,24.0,0,0,0
F,NM,M,N,44,28.0,0,6600,0
F,NC,M,Y,17,34.0,0,6600,3300
F,KY,S,Y,29,27.0,20,0,20
F,OH,S,N,22,11.0,1300,0,0
F,VT,M,Y,11,19.0,0,6600,3300
M,NH,S,Y,14,0.0,0,0,0
M,OH,S,Y,35,15.0,1300,0,1300
F,VA,M,Y,18,30.0,0,1800,900
F,TN,M,Y,39,0.0,0,0,0
F,DE,M,Y,26,29.0,0,220,110
F,NH,M,Y,22,0.0,0,0,0
M,OH,M,N,6,5.0,0,2600,0
F,AR,S,Y,7,20.0,20,0,20
M,NV,M,N,28,0.0,0,0,0
F,NY,M,Y,47,24.0,0,0,1000
F,AR,S,Y,0,5.0,20,0,20
F,NC,S,N,6,32.0,3300,0,0
F,AK,M,N,3,0.0,0,0,0
M,HI,S,N,28,44.0,1040,0,0
M,SD,S,Y,13,0.0,0,0,0
F,MO,M,Y,46,32.0,0,4200,1200
F,SC,M,N,41,37.0,0,6600,0
F,SD,S,Y,18,0.0,0,0,0
F,MT,S,Y,15,37.0,1900,0,1900
F,DC,M,Y,7,30.0,0,2740,1370
M,NC,M,Y,26,36.0,0,6600,3300
F,TX,M,Y,5,0.0,0,0,0
M,MO,M,Y,36,32.0,0,4200,1200
F,IL,S,Y,48,16.0,2000,0,2000
M,NM,M,N,23,28.0,0,6600,0
M,MD,S,Y,44,25.0,2400,0,2400
F,WA,S,Y,22,0.0,0,0,0
M,MD,S,N,19,25.0,2400,0,0
F,HI,S,N,47,44.0,1040,0,0
M,VA,M,N,42,30.0,0,1800,0
M,WV,M,N,23,30.0,0,4000,0
M,ID,M,N,18,41.0,0,6600,0
M,OK,M,Y,17,33.0,0,2000,1000
F,AZ,M,Y,40,21.0,0,4200,2300
M,LA,M,Y,41,32.0,0,9000,1000
M,OK,S,N,25,33.0,1000,0,0
M,DE,S,Y,49,31.0,110,0,110
M,IA,M,N,35,48.0,0,80,0
M,HI,M,Y,42,44.0,0,2080,1040
F,FL,S,Y,10,0.0,0,0,0
M,WY,S,Y,14,0.0,0,0,0
M,CO,M,N,23,24.0,0,0,0
F,GA,M,Y,23,32.0,0,5400,3000
F,TN,S,Y,25,0.0,0,0,0
M,IA,M,N,21,36.0,0,80,0
M,DE,M,N,30,31.0,0,220,0
M,AL,M,Y,33,26.0,0,3000,300
M,WY,M,Y,39,0.0,0,0,0
F,VA,S,N,43,30.0,900,0,0
M,IA,S,N,25,44.0,40,0,0
F,FL,S,Y,14,0.0,0,0,0
M,LA,S,N,40,32.0,4500,0,0
F,NE,S,N,45,36.0,103,0,0
F,NY,S,Y,6,21.0,0,0,1000
M,FL,S,Y,30,0.0,0,0,0
F,MT,S,N,27,37.0,1900,0,0
F,LA,M,Y,6,10.0,0,9000,1000
M,SD,M,Y,23,0.0,0,0,0
M,CA,S,N,48,49.0,87,0,0
F,AL,S,Y,27,26.0,1500,0,300
M,MD,M,Y,6,25.0,0,4800,2400
M,VA,M,Y,26,30.0,0,1800,900
M,FL,S,Y,21,0.0,0,0,0
M,GA,S,Y,9,32.0,2700,0,3000
M,PA,S,N,11,16.0,0,0,0
M,HI,M,N,33,44.0,0,2080,0
M,VT,S,Y,28,22.0,3300,0,3300
M,PA,S,Y,21,16.0,0,0,0
F,AR,S,Y,1,6.0,20,0,20
F,NY,M,Y,2,21.0,0,0,1000
F,NV,S,N,9,0.0,0,0,0
M,PA,S,Y,21,16.0,0,0,0
F,AR,M,Y,23,37.0,0,40,20
M,WV,M,Y,48,34.0,0,4000,2000
M,MN,S,N,19,33.0,3300,0,0
F,CA,M,N,23,49.0,0,174,0
M,KS,S,N,0,18.0,2250,0,0
M,NC,M,N,34,38.0,0,6600,0
M,SC,S,Y,15,37.0,3300,0,3300
F,ND,M,N,17,11.0,0,6600,0
M,DC,S,Y,13,44.0,1370,0,1370
F,MO,S,Y,20,32.0,2100,0,1200
F,CO,S,N,21,24.0,0,0,0
F,NE,S,Y,31,36.0,103,0,103
M,OH,M,N,5,4.0,0,2600,0
M,PA,S,Y,28,16.0,0,0,0
M,FL,M,Y,41,0.0,0,0,0
F,MO,M,Y,17,32.0,0,4200,1200
M,OK,M,N,48,33.0,0,2000,0
M,PA,M,N,15,16.0,0,0,0
M,CT,M,Y,35,26.0,0,24500,0
M,NM,S,N,8,28.0,3300,0,0
F,MT,M,N,44,37.0,0,3800,0
F,IL,M,N,22,16.0,0,4000,0
M,MT,S,N,27,37.0,1900,0,0
F,WY,S,Y,22,0.0,0,0,0
M,ND,M,N,14,11.0,0,6600,0
F,OK,S,N,12,33.0,1000,0,0
M,CA,M,N,43,49.0,0,174,0
F,TX,M,N,48,0.0,0,0,0
M,AZ,S,Y,15,17.0,2100,0,2300
F,PR,S,N,22,0.0,0,0,0
M,MS,M,Y,15,26.0,0,12000,1500
F,MN,M,N,6,28.0,0,6600,0
M,TX,S,N,18,0.0,0,0,0
F,TN,S,N,49,0.0,0,0,0
M,MS,S,N,1,16.0,6000,0,0
M,RI,S,Y,23,0.0,0,0,0
M,NV,S,Y,20,0.0,0,0,0
M,TX,M,N,10,0.0,0,0,0
M,VT,S,N,12,19.0,3300,0,0
M,NJ,M,Y,40,12.0,0,2000,1500
F,MD,M,Y,24,25.0,0,4800,2400
F,TN,S,N,24,0.0,0,0,0
M,SD,S,Y,1,0.0,0,0,0
F,WV,M,Y,4,16.0,0,4000,2000
M,NH,S,Y,5,0.0,0,0,0
F,NY,S,N,33,23.0,0,0,0
M,MI,M,N,36,20.0,0,6200,0
F,AR,M,N,48,37.0,0,40,0
M,NV,M,N,20,0.0,0,0,0
F,ND,M,Y,12,11.0,0,6600,3300
M,CT,M,N,25,26.0,0,24500,0
F,MT,M,N,26,37.0,0,3800,0
F,RI,S,N,23,0.0,0,0,0
F,TN,M,N,24,0.0,0,0,0
M,MT,S,N,47,37.0,1900,0,0
M,LA,S,Y,0,10.0,4500,0,1000
M,PA,M,N,39,16.0,0,0,0
F,NJ,M,N,33,11.0,0,2000,0
M,NJ,S,Y,22,9.0,1000,0,1500
M,NH,M,N,28,0.0,0,0,0
M,MS,S,Y,35,26.0,6000,0,1500
F,DE,S,N,1,11.0,110,0,0
M,NY,M,N,47,24.0,0,0,0
M,AL,M,Y,17,26.0,0,3000,300
M,ND,S,N,8,11.0,3300,0,0
F,LA,S,N,15,32.0,4500,0,0
F,NM,M,Y,13,28.0,0,6600,3300
M,CA,M,N,0,5.0,0,174,0
M,CO,S,N,39,24.0,0,0,0
F,MT,M,N,46,37.0,0,3800,0
M,ID,S,Y,25,41.0,3300,0,3300
F,TN,M,N,18,0.0,0,0,0
M,IA,M,N,27,46.0,0,80,0
F,WV,M,Y,19,27.0,0,4000,2000
F,GA,M,N,47,32.0,0,5400,0
F,DE,S,Y,38,31.0,110,0,110
M,PR,M,Y,33,0.0,0,0,0
F,AZ,M,N,3,15.0,0,4200,0
F,NY,M,N,42,23.0,0,0,0
M,ME,S,N,43,45.0,2850,0,0
M,MN,S,N,15,31.0,3300,0,0
F,WY,M,Y,33,0.0,0,0,0
F,GA,S,N,29,32.0,2700,0,0
F,NJ,M,N,47,13.0,0,2000,0
F,ME,S,N,16,45.0,2850,0,0
M,PA,M,Y,36,16.0,0,0,0
F,NM,M,N,35,28.0,0,6600,0
F,VA,M,Y,49,30.0,0,1800,900
F,UT,M,Y,12,37.0,0,4950,2475
M,WV,M,Y,22,29.0,0,4000,2000
F,NJ,M,N,37,12.0,0,2000,0
M,SC,M,Y,49,37.0,0,6600,3300
M,NV,S,N,21,0.0,0,0,0
F,NJ,S,N,31,11.0,1000,0,0
F,CT,S,N,23,26.0,12750,0,0
F,DC,M,N,30,48.0,0,2740,0
F,OH,M,N,27,12.0,0,2600,0
F,KY,S,N,24,24.0,20,0,0
M,HI,S,N,8,22.0,1040,0,0
F,OR,S,Y,38,48.0,159,0,159
F,NH,S,Y,31,0.0,0,0,0
F,NM,S,N,34,28.0,3300,0,0
F,AL,M,N,4,26.0,0,3000,0
M,NC,M,N,41,40.0,0,6600,0
M,ME,M,Y,46,45.0,0,5700,2850
F,OH,S,Y,31,14.0,1300,0,1300
M,NV,M,N,44,0.0,0,0,0
M,CO,S,Y,22,24.0,0,0,0
M,TX,M,Y,29,0.0,0,0,0
M,KS,S,N,10,24.0,2250,0,0
M,NC,S,N,6,32.0,3300,0,0
M,AL,M,Y,43,26.0,0,3000,300
F,DE,S,N,49,31.0,110,0,0
M,AL,S,N,11,26.0,1500,0,0
M,SD,M,Y,33,0.0,0,0,0
F,SC,M,N,6,37.0,0,6600,0
F,TX,M,Y,11,0.0,0,0,0
F,ID,S,Y,32,41.0,3300,0,3300
F,NJ,S,Y,36,12.0,1000,0,1500
M,KY,S,Y,10,15.0,20,0,20
M,DC,S,N,45,48.0,1370,0,0
F,DE,M,N,6,14.0,0,220,0
F,FL,M,N,34,0.0,0,0,0
F,OK,M,N,46,33.0,0,2000,0
M,AR,S,N,33,37.0,20,0,0
M,NY,M,N,4,21.0,0,0,0
M,ID,S,Y,22,41.0,3300,0,3300
M,AK,S,N,18,0.0,0,0,0
M,CO,M,Y,17,24.0,0,0,0
F,SD,M,Y,13,0.0,0,0,0
F,NV,S,N,29,0.0,0,0,0
F,MT,M,N,45,37.0,0,3800,0
F,IL,S,Y,28,16.0,2000,0,2000
F,MD,S,Y,23,25.0,2400,0,2400
F,IL,M,Y,4,16.0,0,4000,2000
M,CA,M,Y,47,49.0,0,174,272
F,NY,M,Y,25,22.0,0,0,1000
M,MO,M,N,17,32.0,0,4200,0
F,CO,S,Y,20,24.0,0,0,0
F,WY,S,Y,24,0.0,0,0,0
F,VA,M,N,43,30.0,0,1800,0
F,DE,M,Y,20,25.0,0,220,110
F,MT,S,Y,17,37.0,1900,0,1900
F,AZ,M,N,33,20.0,0,4200,0
M,NM,S,N,36,28.0,3300,0,0
F,MI,S,Y,3,20.0,3100,0,3100
M,FL,S,N,24,0.0,0,0,0
F,WV,S,Y,29,34.0,2000,0,2000
F,OR,M,Y,35,48.0,0,318,159
M,AL,M,Y,2,26.0,0,3000,300
M,ID,S,Y,33,41.0,3300,0,3300
M,FL,M,Y,40,0.0,0,0,0
F,WV,S,N,2,16.0,2000,0,0
F,SC,M,N,14,37.0,0,6600,0
F,AR,S,N,38,37.0,20,0,0
M,ME,S,N,6,31.0,2850,0,0
F,SD,M,N,15,0.0,0,0,0
F,IL,S,Y,2,16.0,2000,0,2000
M,RI,M,N,7,0.0,0,0,0
F,IL,M,N,29,16.0,0,4000,0
M,KS,S,N,35,34.0,2250,0,0
M,MN,S,N,3,28.0,3300,0,0
F,WA,M,N,45,0.0,0,0,0
F,LA,S,N,44,32.0,4500,0,0
M,NY,S,Y,12,22.0,0,0,1000
M,CT,S,N,34,26.0,12750,0,0
F,ND,S,Y,17,11.0,3300,0,3300
F,VT,S,N,21,20.0,3300,0,0
F,AK,S,N,2,0.0,0,0,0
F,MO,M,N,44,32.0,0,4200,0
F,OK,M,N,12,33.0,0,2000,0
M,WY,S,Y,35,0.0,0,0,0
M,MS,M,N,16,26.0,0,12000,0
F,MI,M,N,31,20.0,0,6200,0
F,SC,M,Y,5,32.0,0,6600,3300
M,AL,S,Y,5,26.0,1500,0,300
M,WV,M,Y,18,26.0,0,4000,2000
F,MD,S,N,23,25.0,2400,0,0
M,ME,S,Y,32,45.0,2850,0,2850
F,NH,S,N,47,0.0,0,0,0
M,VA,M,Y,32,30.0,0,1800,900
F,WY,M,Y,43,0.0,0,0,0
F,TN,S,Y,11,0.0,0,0,0
F,NC,M,Y,35,38.0,0,6600,3300
F,IL,M,N,48,16.0,0,4000,0
M,WA,S,N,47,0.0,0,0,0
F,ID,M,N,30,41.0,0,6600,0
F,AL,M,N,36,26.0,0,3000,0
M,KS,S,Y,47,34.0,2250,0,2250
M,TN,S,Y,14,0.0,0,0,0
F,WY,S,Y,40,0.0,0,0,0
M,DE,M,Y,42,31.0,0,220,110
M,WI,S,Y,47,32.0,700,0,400
M,ME,M,N,19,45.0,0,5700,0
F,AZ,S,Y,29,19.0,2100,0,2300
F,PA,S,Y,14,16.0,0,0,0
F,AZ,M,Y,30,19.0,0,4200,2300
M,NE,S,N,21,36.0,103,0,0
F,NE,M,Y,10,31.0,0,206,103
M,AZ,S,N,14,16.0,2100,0,0
M,AZ,M,Y,10,16.0,0,4200,2300
F,NC,S,N,30,37.0,3300,0,0
F,UT,M,Y,0,17.0,0,4950,2475
F,ID,S,Y,27,41.0,3300,0,3300
M,VA,M,N,38,30.0,0,1800,0
F,NM,S,N,8,28.0,3300,0,0
F,AZ,S,N,6,15.0,2100,0,0
M,MN,M,Y,15,31.0,0,6600,3300
M,WY,S,Y,14,0.0,0,0,0
M,MD,M,N,32,25.0,0,4800,0
M,HI,S,N,19,44.0,1040,0,0
M,RI,S,N,44,0.0,0,0,0
M,NC,S,N,34,38.0,3300,0,0
F,TN,M,N,18,0.0,0,0,0
M,KY,S,Y,11,17.0,20,0,20
M,SD,S,Y,30,0.0,0,0,0
M,NV,M,Y,12,0.0,0,0,0
M,AZ,S,N,48,22.0,2100,0,0
F,IL,M,N,5,16.0,0,4000,0
F,WV,S,N,26,32.0,2000,0,0
M,WI,M,Y,27,29.0,0,1400,400
F,WV,S,Y,1,16.0,2000,0,2000
F,NJ,M,Y,8,7.0,0,2000,1500
M,SD,S,Y,32,0.0,0,0,0
M,ND,M,Y,46,15.0,0,6600,3300
M,ME,M,Y,43,45.0,0,5700,2850
M,AL,S,Y,14,26.0,1500,0,300
M,IN,M,Y,38,18.0,0,2000,1000
M,PR,M,N,45,0.0,0,0,0
M,NH,M,Y,12,0.0,0,0,0
F,ND,M,Y,22,12.0,0,6600,3300
M,OK,S,Y,45,33.0,1000,0,1000
M,AR,S,N,5,14.0,20,0,0
F,IA,M,Y,31,48.0,0,80,40
M,MN,S,Y,37,42.0,3300,0,3300
M,MT,M,Y,4,25.0,0,3800,1900
F,DE,M,Y,45,31.0,0,220,110
M,MI,S,N,35,20.0,3100,0,0
M,MT,S,Y,49,37.0,1900,0,1900
F,HI,S,Y,49,44.0,1040,0,1040
F,OH,M,N,24,11.0,0,2600,0
F,NM,S,N,48,28.0,3300,0,0
M,DE,S,N,30,31.0,110,0,0
F,MT,M,N,4,26.0,0,3800,0
M,NJ,S,Y,5,7.0,1000,0,1500
M,KS,M,Y,7,18.0,0,4500,2250
M,IL,M,N,15,16.0,0,4000,0
M,RI,S,N,4,0.0,0,0,0
F,AK,M,Y,10,0.0,0,0,0
F,WA,S,Y,27,0.0,0,0,0
F,MS,M,N,1,16.0,0,12000,0
M,AK,M,N,26,0.0,0,0,0
M,ND,M,Y,24,12.0,0,6600,3300
F,KS,M,Y,3,18.0,0,4500,2250
F,MO,S,Y,11,32.0,2100,0,1200
M,CA,S,Y,32,49.0,87,0,272
F,KY,M,Y,29,27.0,0,40,20
F,IA,S,Y,37,48.0,40,0,40
M,IN,M,N,41,18.0,0,2000,0
M,TN,M,N,38,0.0,0,0,0
F,IA,M,Y,46,48.0,0,80,40
F,TX,M,N,12,0.0,0,0,0
M,VT,S,Y,12,19.0,3300,0,3300
F,AZ,S,N,17,17.0,2100,0,0
M,FL,M,N,36,0.0,0,0,0
M,NC,S,Y,9,33.0,3300,0,3300
F,PR,M,Y,25,0.0,0,0,0
F,MO,S,Y,25,32.0,2100,0,1200
M,NJ,S,N,40,12.0,1000,0,0
F,MI,S,N,43,20.0,3100,0,0
F,HI,M,N,11,28.0,0,2080,0
M,CA,S,Y,6,13.0,87,0,272
F,SC,S,N,48,37.0,3300,0,0
F,ME,M,Y,5,27.0,0,5700,2850
M,KS,S,N,47,34.0,2250,0,0
F,OH,M,N,17,9.0,0,2600,0
M,NE,M,N,3,17.0,0,206,0
F,OR,S,N,38,48.0,159,0,0
M,FL,M,N,44,0.0,0,0,0
F,CA,S,N,9,21.0,87,0,0
F,KY,S,Y,30,28.0,20,0,20
F,VA,S,N,43,30.0,900,0,0
M,PA,M,N,24,16.0,0,0,0
M,UT,S,N,15,37.0,2475,0,0
M,OR,M,N,2,45.0,0,318,0
F,DE,M,Y,3,12.0,0,220,110
F,DE,S,Y,43,31.0,110,0,110
M,MI,M,N,42,20.0,0,6200,0
F,CO,M,Y,45,24.0,0,0,0
M,ND,S,Y,3,11.0,3300,0,3300
F,CA,M,Y,26,49.0,0,174,272
M,OK,S,Y,43,33.0,1000,0,1000
M,CA,M,N,44,49.0,0,174,0
F,MI,M,N,49,20.0,0,6200,0
M,DC,M,N,9,36.0,0,2740,0
F,NE,S,Y,25,36.0,103,0,103
F,ND,S,Y,21,12.0,3300,0,3300
F,LA,M,N,15,32.0,0,9000,0
M,NJ,M,Y,13,8.0,0,2000,1500
F,LA,M,N,26,32.0,0,9000,0
F,SC,S,N,13,37.0,3300,0,0
M,PR,M,N,10,0.0,0,0,0
M,OR,M,Y,42,48.0,0,318,159
M,VA,M,N,20,30.0,0,1800,0
F,GA,S,N,5,32.0,2700,0,0
M,AK,S,Y,37,0.0,0,0,0
F,ID,M,Y,43,41.0,0,6600,3300
F,AR,M,Y,2,8.0,0,40,20
F,NM,S,Y,47,28.0,3300,0,3300
F,AL,M,Y,15,26.0,0,3000,300
M,KY,M,N,2,11.0,0,40,0
F,NV,S,N,18,0.0,0,0,0
M,MS,S,N,2,16.0,6000,0,0
M,MS,S,Y,28,26.0,6000,0,1500
M,NJ,M,N,27,10.0,0,2000,0
M,NC,M,Y,17,34.0,0,6600,3300
F,MI,M,Y,4,20.0,0,6200,3100
M,TN,M,N,38,0.0,0,0,0
M,AZ,S,N,23,18.0,2100,0,0
M,UT,M,Y,36,37.0,0,4950,2475
M,FL,S,Y,13,0.0,0,0,0
F,IA,S,N,41,48.0,40,0,0
M,WI,M,Y,11,26.0,0,1400,400
F,LA,M,N,9,23.0,0,9000,0
M,DE,S,N,5,14.0,110,0,0
F,VA,M,N,27,30.0,0,1800,0
M,ND,S,N,46,15.0,3300,0,0
M,PR,S,Y,31,0.0,0,0,0
F,OR,M,Y,13,48.0,0,318,159
M,MO,S,Y,18,32.0,2100,0,1200
F,NV,S,Y,0,0.0,0,0,0
F,HI,M,N,13,32.0,0,2080,0
M,WV,S,Y,5,16.0,2000,0,2000
F,PA,M,Y,31,16.0,0,0,0
M,MN,M,N,22,35.0,0,6600,0
F,HI,M,Y,17,39.0,0,2080,1040
M,TN,M,N,30,0.0,0,0,0
F,KY,M,N,47,32.0,0,40,0
M,KY,S,N,7,14.0,20,0,0
M,PA,M,Y,17,16.0,0,0,0
M,DC,M,Y,22,48.0,0,2740,1370
F,MN,M,N,48,42.0,0,6600,0
M,FL,M,N,49,0.0,0,0,0
F,UT,M,N,1,24.0,0,4950,0
F,TX,S,N,23,0.0,0,0,0
M,FL,S,N,40,0.0,0,0,0
M,SC,M,Y,35,37.0,0,6600,3300
M,MD,M,N,46,25.0,0,4800,0
F,NE,M,N,30,36.0,0,206,0
M,MA,M,Y,49,28.0,0,7150,1000
F,MI,S,N,7,20.0,3100,0,0
M,CA,M,Y,37,49.0,0,174,272
M,AK,S,Y,4,0.0,0,0,0
M,TX,S,N,11,0.0,0,0,0
F,KS,S,Y,32,34.0,2250,0,2250
M,KS,M,Y,23,34.0,0,4500,2250
M,SD,M,N,12,0.0,0,0,0
M,IL,M,N,19,16.0,0,4000,0
F,NE,M,N,10,32.0,0,206,0
F,VT,S,N,40,24.0,3300,0,0
F,IA,S,N,32,48.0,40,0,0
M,ME,M,Y,1,10.0,0,5700,2850
F,DC,S,N,7,31.0,1370,0,0
F,TX,S,N,18,0.0,0,0,0
F,ID,M,N,12,41.0,0,6600,0
M,NC,S,Y,35,38.0,3300,0,3300
F,MT,S,N,35,37.0,1900,0,0
M,FL,S,N,24,0.0,0,0,0
M,AL,S,Y,16,26.0,1500,0,300
M,UT,M,Y,46,37.0,0,4950,2475
M,ME,S,Y,41,45.0,2850,0,2850
M,CT,M,N,19,26.0,0,24500,0
M,SD,S,N,13,0.0,0,0,0
F,LA,M,Y,37,32.0,0,9000,1000
F,KS,M,N,44,34.0,0,4500,0
M,FL,S,Y,33,0.0,0,0,0
M,IL,S,N,5,16.0,2000,0,0
M,GA,M,N,27,32.0,0,5400,0
M,WV,S,Y,37,34.0,2000,0,2000
F,SD,M,N,44,0.0,0,0,0
F,KS,S,Y,48,34.0,2250,0,2250
M,WA,M,N,22,0.0,0,0,0
M,PA,S,Y,4,16.0,0,0,0
M,HI,M,N,21,44.0,0,2080,0
M,MD,S,Y,16,25.0,2400,0,2400
M,NY,M,N,29,23.0,0,0,0
M,PA,S,N,33,16.0,0,0,0
M,AZ,S,Y,3,15.0,2100,0,2300
F,CA,S,N,17,41.0,87,0,0
F,NJ,M,N,2,7.0,0,2000,0
F,HI,M,N,38,44.0,0,2080,0
F,PR,S,N,15,0.0,0,0,0
M,ID,S,Y,12,41.0,3300,0,3300
F,VT,M,Y,21,20.0,0,6600,3300
F,MT,S,N,36,37.0,1900,0,0
M,MI,M,N,14,20.0,0,6200,0
F,NC,M,Y,12,33.0,0,6600,3300
M,DE,M,Y,19,24.0,0,220,110
F,CT,M,N,37,26.0,0,24500,0
M,TX,M,Y,8,0.0,0,0,0
F,VT,S,Y,7,19.0,3300,0,3300
M,CT,M,Y,21,26.0,0,24500,0
F,TN,M,Y,17,0.0,0,0,0
F,OR,M,N,6,48.0,0,318,0
F,IN,M,N,49,18.0,0,2000,0
M,UT,S,N,40,37.0,2475,0,0
F,ND,M,Y,2,11.0,0,6600,3300
M,ID,M,Y,11,41.0,0,6600,3300
F,SD,S,N,14,0.0,0,0,0
F,SD,S,N,30,0.0,0,0,0
M,DE,S,Y,14,20.0,110,0,110
M,KY,S,Y,11,17.0,20,0,20
F,TN,M,Y,16,0.0,0,0,0
M,ME,S,Y,22,45.0,2850,0,2850
M,TX,S,N,12,0.0,0,0,0
F,KS,S,N,29,34.0,2250,0,0
M,NE,M,N,9,29.0,0,206,0
M,DE,M,Y,38,31.0,0,220,110
F,ME,S,N,1,10.0,2850,0,0
M,CA,S,N,36,49.0,87,0,0
M,IL,M,Y,32,16.0,0,4000,2000
F,HI,M,Y,44,44.0,0,2080,1040
F,IL,S,N,25,16.0,2000,0,0
F,MI,M,Y,29,20.0,0,6200,3100
F,DC,S,Y,2,24.0,1370,0,1370
F,NH,S,Y,8,0.0,0,0,0
M,CO,S,N,49,24.0,0,0,0
M,AR,M,N,22,37.0,0,40,0
F,NJ,S,Y,42,13.0,1000,0,1500
F,DE,M,N,42,31.0,0,220,0
F,NE,M,N,24,36.0,0,206,0
M,TX,S,Y,21,0.0,0,0,0
F,AL,M,Y,32,26.0,0,3000,300
F,MT,M,Y,7,37.0,0,3800,1900
F,MI,S,N,12,20.0,3100,0,0
F,SD,M,N,35,0.0,0,0,0
M,MT,S,Y,39,37.0,1900,0,1900
F,LA,S,Y,31,32.0,4500,0,1000
F,PA,S,Y,6,16.0,0,0,0
F,KS,S,N,27,34.0,2250,0,0
M,SD,M,Y,31,0.0,0,0,0
F,NH,M,Y,47,0.0,0,0,0
M,LA,M,N,0,10.0,0,9000,0
M,UT,S,Y,18,37.0,2475,0,2475
F,OR,M,Y,31,48.0,0,318,159
F,NY,M,N,3,21.0,0,0,0
M,OH,S,Y,46,19.0,1300,0,1300
M,KS,S,Y,49,34.0,2250,0,2250
F,PA,M,N,39,16.0,0,0,0
M,OK,M,Y,37,33.0,0,2000,1000
M,IL,S,Y,12,16.0,2000,0,2000
F,NE,M,N,13,36.0,0,206,0
F,AL,S,Y,44,26.0,1500,0,300
M,MN,S,N,15,31.0,3300,0,0
M,NH,M,Y,29,0.0,0,0,0
F,KY,S,Y,4,12.0,20,0,20
F,ID,M,N,11,41.0,0,6600,0
M,MO,M,Y,47,32.0,0,4200,1200
F,UT,M,Y,34,37.0,0,4950,2475
M,TX,M,N,15,0.0,0,0,0
M,IN,S,N,14,18.0,1000,0,0
M,WI,S,Y,33,30.0,700,0,400
F,MI,M,N,46,20.0,0,6200,0
M,UT,M,Y,2,37.0,0,4950,2475
F,MA,M,N,5,28.0,0,7150,0
M,WY,S,N,43,0.0,0,0,0
M,TX,M,Y,25,0.0,0,0,0
F,TN,M,Y,36,0.0,0,0,0
M,DE,M,N,0,11.0,0,220,0
M,FL,M,N,2,0.0,0,0,0
F,VT,M,N,28,22.0,0,6600,0
M,NV,M,Y,43,0.0,0,0,0
M,ID,S,Y,0,8.0,3300,0,3300
F,MD,S,N,37,25.0,2400,0,0
M,NV,S,Y,40,0.0,0,0,0
F,CA,M,Y,43,49.0,0,174,272
M,MT,S,N,16,37.0,1900,0,0
F,KS,S,Y,9,22.0,2250,0,2250
F,OH,M,Y,41,17.0,0,2600,1300
F,MA,S,N,18,28.0,3575,0,0
F,UT,S,Y,23,37.0,2475,0,2475
M,MD,S,N,3,25.0,2400,0,0
F,AK,S,Y,46,0.0,0,0,0
F,PA,M,N,1,16.0,0,0,0
F,FL,S,N,11,0.0,0,0,0
F,MD,M,N,23,25.0,0,4800,0
M,DE,M,N,5,13.0,0,220,0
M,OR,S,Y,23,48.0,159,0,159
M,MS,M,N,16,26.0,0,12000,0
F,VT,S,N,32,23.0,3300,0,0
F,KS,S,Y,47,34.0,2250,0,2250
F,WY,M,N,18,0.0,0,0,0
M,OR,M,Y,41,48.0,0,318,159
F,MN,M,Y,20,34.0,0,6600,3300
M,MO,S,N,37,32.0,2100,0,0
M,NJ,S,N,27,10.0,1000,0,0
F,DC,S,N,28,48.0,1370,0,0
M,MS,M,Y,28,26.0,0,12000,1500
M,NH,M,N,30,0.0,0,0,0
M,TN,S,Y,3,0.0,0,0,0
F,ME,S,N,36,45.0,2850,0,0
F,ME,M,Y,18,45.0,0,5700,2850
F,OH,S,Y,45,19.0,1300,0,1300
M,OH,M,Y,28,13.0,0,2600,1300
F,FL,M,Y,13,0.0,0,0,0
M,PR,M,Y,3,0.0,0,0,0
M,PR,S,Y,18,0.0,0,0,0
F,MS,M,N,16,26.0,0,12000,0
M,PR,M,Y,23,0.0,0,0,0
F,TN,S,Y,6,0.0,0,0,0
F,MT,M,N,37,37.0,0,3800,0
M,ID,M,Y,48,41.0,0,6600,3300
M,CT,S,Y,19,26.0,12750,0,0
M,OR,S,Y,35,48.0,159,0,159
M,PA,S,N,26,16.0,0,0,0
F,AL,M,N,47,26.0,0,3000,0
F,ME,S,Y,34,45.0,2850,0,2850
F,KY,M,N,4,12.0,0,40,0
M,NH,M,N,17,0.0,0,0,0
M,WV,M,N,43,34.0,0,4000,0
F,IL,M,N,45,16.0,0,4000,0
F,NH,S,N,44,0.0,0,0,0
F,PR,M,Y,13,0.0,0,0,0
M,AL,S,N,42,26.0,1500,0,0
F,DE,M,Y,21,25.0,0,220,110
M,ME,M,Y,44,45.0,0,5700,2850
F,NH,M,Y,27,0.0,0,0,0
F,SC,S,N,23,37.0,3300,0,0
M,TN,M,N,22,0.0,0,0,0
M,WY,S,N,28,0.0,0,0,0
M,NH,S,N,2,0.0,0,0,0
M,CT,M,N,31,26.0,0,24500,0
M,AR,S,N,22,37.0,20,0,0
M,MO,S,Y,32,32.0,2100,0,1200
M,SC,M,Y,37,37.0,0,6600,3300
M,IL,S,N,25,16.0,2000,0,0
M,ND,S,N,48,15.0,3300,0,0
M,CA,S,N,32,49.0,87,0,0
F,KS,S,N,11,27.0,2250,0,0
F,NJ,S,N,43,13.0,1000,0,0
F,ND,S,N,29,13.0,3300,0,0
M,WY,S,N,28,0.0,0,0,0
M,NY,S,Y,40,23.0,0,0,1000
F,OR,M,N,15,48.0,0,318,0
F,WA,M,Y,45,0.0,0,0,0
F,GA,M,Y,36,32.0,0,5400,3000
F,RI,S,N,42,0.0,0,0,0
F,NM,M,Y,11,28.0,0,6600,3300
F,LA,M,Y,12,32.0,0,9000,1000
F,NY,S,N,24,22.0,0,0,0
F,VA,M,N,15,30.0,0,1800,0
F,LA,S,N,49,32.0,4500,0,0
F,MO,S,Y,19,32.0,2100,0,1200
M,DE,M,N,24,27.0,0,220,0
F,KY,S,N,18,21.0,20,0,0
F,MS,S,N,16,26.0,6000,0,0
M,OH,M,Y,25,12.0,0,2600,1300
M,ND,M,N,37,14.0,0,6600,0
M,IN,M,N,1,18.0,0,2000,0
F,FL,S,Y,42,0.0,0,0,0
F,WI,M,Y,2,24.0,0,1400,400
M,NH,S,Y,3,0.0,0,0,0
M,ND,S,Y,0,11.0,3300,0,3300
M,IL,S,Y,22,16.0,2000,0,2000
F,MD,S,N,47,25.0,2400,0,0
M,DC,S,Y,13,44.0,1370,0,1370
M,AK,M,Y,9,0.0,0,0,0
F,AR,M,Y,16,37.0,0,40,20
F,CT,M,Y,46,26.0,0,24500,0
F,ME,S,Y,12,45.0,2850,0,2850
M,NC,S,Y,21,35.0,3300,0,3300
M,NJ,M,Y,9,7.0,0,2000,1500
F,IA,S,N,26,44.0,40,0,0
M,CT,S,Y,3,16.0,12750,0,0
M,NE,M,Y,9,30.0,0,206,103
M,GA,S,Y,45,32.0,2700,0,3000
M,WA,M,Y,24,0.0,0,0,0
M,MT,M,N,38,37.0,0,3800,0
F,OK,S,Y,22,33.0,1000,0,1000
M,MT,M,N,22,37.0,0,3800,0
M,CO,M,N,42,24.0,0,0,0
M,VT,M,Y,9,19.0,0,6600,3300
F,SD,M,N,27,0.0,0,0,0
F,NM,M,N,46,28.0,0,6600,0
F,GA,S,N,6,32.0,2700,0,0
F,WY,M,N,39,0.0,0,0,0
M,WV,S,Y,41,34.0,2000,0,2000
M,SC,S,N,19,37.0,3300,0,0
F,WV,S,N,1,16.0,2000,0,0
M,HI,S,Y,6,17.0,1040,0,1040
M,NH,S,Y,24,0.0,0,0,0
F,NC,M,N,5,32.0,0,6600,0
F,NJ,S,Y,45,13.0,1000,0,1500
M,GA,S,Y,45,32.0,2700,0,3000
M,IL,S,N,21,16.0,2000,0,0
F,WY,S,N,24,0.0,0,0,0
F,WI,M,Y,47,32.0,0,1400,400
F,ID,S,Y,13,41.0,3300,0,3300
F,AK,S,N,20,0.0,0,0,0
F,MN,S,Y,4,28.0,3300,0,3300
M,NC,M,Y,20,35.0,0,6600,3300
F,WY,M,Y,31,0.0,0,0,0
M,AR,S,Y,39,37.0,20,0,20
M,AK,S,Y,21,0.0,0,0,0
M,LA,S,N,20,32.0,4500,0,0
F,TN,M,N,13,0.0,0,0,0
F,SD,S,Y,13,0.0,0,0,0
F,ME,M,N,37,45.0,0,5700,0
F,KS,M,Y,37,34.0,0,4500,2250
M,WY,S,Y,41,0.0,0,0,0
M,VA,M,Y,24,30.0,0,1800,900
F,CT,S,N,6,26.0,12750,0,0
F,GA,S,Y,33,32.0,2700,0,3000
M,VT,M,Y,18,20.0,0,6600,3300
F,DC,M,N,39,48.0,0,2740,0
F,GA,M,Y,32,32.0,0,5400,3000
M,AZ,S,Y,34,20.0,2100,0,2300
F,MD,S,Y,19,25.0,2400,0,2400
F,WA,S,Y,20,0.0,0,0,0
F,OR,M,N,10,48.0,0,318,0
F,LA,S,Y,17,32.0,4500,0,1000
M,MS,M,Y,9,26.0,0,12000,1500
F,OH,M,Y,33,15.0,0,2600,1300
M,OK,S,N,22,33.0,1000,0,0
F,IN,S,Y,23,18.0,1000,0,1000
F,PR,M,Y,22,0.0,0,0,0
M,NC,M,N,15,34.0,0,6600,0
M,MT,M,N,25,37.0,0,3800,0
M,ID,M,Y,8,32.0,0,6600,3300
M,RI,M,N,36,0.0,0,0,0
F,WI,M,N,22,28.0,0,1400,0
M,PA,M,N,6,16.0,0,0,0
M,CA,M,N,6,13.0,0,174,0
F,HI,M,N,8,21.0,0,2080,0
M,IL,M,Y,44,16.0,0,4000,2000
M,UT,M,Y,29,37.0,0,4950,2475
F,TN,M,Y,14,0.0,0,0,0
F,WV,S,N,48,34.0,2000,0,0
F,NV,M,Y,34,0.0,0,0,0
M,MT,S,Y,45,37.0,1900,0,1900
F,MD,M,N,20,25.0,0,4800,0
M,WA,M,N,43,0.0,0,0,0
F,NJ,M,Y,20,9.0,0,2000,1500
F,OR,S,Y,40,48.0,159,0,159
F,NE,M,Y,28,36.0,0,206,103
M,MD,M,N,30,25.0,0,4800,0
F,MO,S,N,1,17.0,2100,0,0
F,NY,S,N,2,21.0,0,0,0
M,SD,M,N,21,0.0,0,0,0
F,OK,M,N,43,33.0,0,2000,0
M,ND,M,Y,15,11.0,0,6600,3300
M,MI,M,N,49,20.0,0,6200,0
M,WA,S,Y,19,0.0,0,0,0
F,SD,S,Y,48,0.0,0,0,0
M,OH,S,N,39,17.0,1300,0,0
F,NE,S,N,29,36.0,103,0,0
M,OK,S,N,35,33.0,1000,0,0
M,WI,M,N,22,28.0,0,1400,0
F,NJ,M,N,21,9.0,0,2000,0
M,NJ,S,N,37,12.0,1000,0,0
F,NE,S,N,15,36.0,103,0,0
F,MA,M,Y,48,28.0,0,7150,1000
M,TN,M,N,35,0.0,0,0,0
F,NH,S,Y,47,0.0,0,0,0
M,DE,M,Y,39,31.0,0,220,110
F,TN,S,N,11,0.0,0,0,0
F,PA,M,N,12,16.0,0,0,0
F,WI,S,N,0,24.0,700,0,0
M,VA,M,N,40,30.0,0,1800,0
F,CO,M,Y,20,24.0,0,0,0
F,WA,M,Y,15,0.0,0,0,0
M,NM,M,Y,41,28.0,0,6600,3300
M,CT,M,Y,33,26.0,0,24500,0
F,HI,M,N,4,14.0,0,2080,0
M,RI,M,N,37,0.0,0,0,0
F,OR,M,N,29,48.0,0,318,0
M,WY,M,Y,25,0.0,0,0,0
F,GA,S,N,30,32.0,2700,0,0
M,ND,M,N,28,12.0,0,6600,0
M,AK,S,N,41,0.0,0,0,0
M,RI,M,Y,25,0.0,0,0,0
M,MD,M,Y,7,25.0,0,4800,2400
M,PA,M,Y,30,16.0,0,0,0
F,UT,M,N,7,37.0,0,4950,0
M,TN,S,N,16,0.0,0,0,0
F,MT,M,N,44,37.0,0,3800,0
F,NY,M,N,18,22.0,0,0,0
F,HI,M,N,34,44.0,0,2080,0
M,TN,S,N,22,0.0,0,0,0
M,KY,M,Y,2,11.0,0,40,20
M,NJ,S,N,3,7.0,1000,0,0
F,CO,S,N,6,24.0,0,0,0
M,IA,M,Y,19,32.0,0,80,40
F,NV,M,N,22,0.0,0,0,0
F,AK,S,Y,30,0.0,0,0,0
M,MN,M,N,35,42.0,0,6600,0
M,TN,M,Y,25,0.0,0,0,0
F,ND,S,Y,8,11.0,3300,0,3300
F,LA,S,Y,14,32.0,4500,0,1000
F,WV,S,Y,18,26.0,2000,0,2000
M,KY,S,N,38,32.0,20,0,0
M,MO,M,Y,4,32.0,0,4200,1200
M,AR,M,N,28,37.0,0,40,0
F,ME,M,N,48,45.0,0,5700,0
F,PA,S,Y,19,16.0,0,0,0
M,AR,M,N,45,37.0,0,40,0
M,VT,M,N,28,22.0,0,6600,0
M,LA,M,N,44,32.0,0,9000,0
M,NH,S,Y,22,0.0,0,0,0
F,TX,S,N,28,0.0,0,0,0
F,SC,M,Y,21,37.0,0,6600,3300
M,MO,S,Y,19,32.0,2100,0,1200
M,AR,S,Y,12,32.0,20,0,20
F,OH,S,Y,4,4.0,1300,0,1300
F,KY,S,Y,15,19.0,20,0,20
F,TN,S,N,36,0.0,0,0,0
M,NE,M,N,47,36.0,0,206,0
F,AK,M,N,12,0.0,0,0,0
M,WV,M,Y,13,22.0,0,4000,2000
M,TX,S,Y,0,0.0,0,0,0
M,NV,S,N,18,0.0,0,0,0
F,CT,M,N,16,26.0,0,24500,0
M,OK,S,N,3,21.0,1000,0,0
M,DE,S,Y,27,29.0,110,0,110
F,OH,M,Y,37,16.0,0,2600,1300
M,VT,S,Y,47,26.0,3300,0,3300
M,AL,S,N,37,26.0,1500,0,0
M,SC,M,N,3,23.0,0,6600,0
M,DC,S,Y,31,48.0,1370,0,1370
F,VA,M,N,41,30.0,0,1800,0
F,MI,S,N,47,20.0,3100,0,0
M,AZ,M,N,47,22.0,0,4200,0
F,MO,S,N,39,32.0,2100,0,0
M,HI,S,N,21,44.0,1040,0,0
F,MS,S,N,47,26.0,6000,0,0
F,PA,M,Y,30,16.0,0,0,0
F,NJ,S,N,26,10.0,1000,0,0
F,LA,M,N,45,32.0,0,9000,0
F,CA,M,Y,32,49.0,0,174,272
M,AZ,M,Y,12,16.0,0,4200,2300
M,OH,S,Y,24,11.0,1300,0,1300
F,HI,S,Y,28,44.0,1040,0,1040
F,OH,S,N,36,16.0,1300,0,0
F,UT,S,N,43,37.0,2475,0,0
F,AR,M,Y,44,37.0,0,40,20
F,NC,M,Y,37,39.0,0,6600,3300
F,NE,M,Y,29,36.0,0,206,103
F,ND,S,Y,2,11.0,3300,0,3300
M,ME,S,Y,21,45.0,2850,0,2850
M,CT,M,N,29,26.0,0,24500,0
M,LA,M,N,43,32.0,0,9000,0
F,MT,S,Y,21,37.0,1900,0,1900
F,IN,M,N,14,18.0,0,2000,0
M,MO,S,Y,33,32.0,2100,0,1200
F,MS,S,Y,33,26.0,6000,0,1500
F,SC,S,Y,12,37.0,3300,0,3300
F,NY,M,N,7,21.0,0,0,0
F,ND,M,N,39,14.0,0,6600,0
M,MI,S,N,4,20.0,3100,0,0
F,OK,M,Y,21,33.0,0,2000,1000
M,MT,M,N,35,37.0,0,3800,0
M,HI,M,Y,29,44.0,0,2080,1040
M,IA,M,Y,46,48.0,0,80,40
F,UT,M,N,14,37.0,0,4950,0
M,WY,S,N,12,0.0,0,0,0
F,NY,S,Y,40,23.0,0,0,1000
M,TX,M,N,43,0.0,0,0,0
M,TN,M,Y,33,0.0,0,0,0
F,AK,S,N,2,0.0,0,0,0
F,LA,S,N,11,28.0,4500,0,0
M,NH,M,Y,45,0.0,0,0,0
F,FL,S,N,30,0.0,0,0,0
M,OK,S,Y,22,33.0,1000,0,1000
M,MS,S,N,26,26.0,6000,0,0
F,DC,M,N,17,48.0,0,2740,0
M,MT,M,Y,30,37.0,0,3800,1900
M,OH,S,N,2,3.0,1300,0,0
M,KS,M,Y,0,18.0,0,4500,2250
M,DE,S,Y,48,31.0,110,0,110
M,NC,S,Y,27,37.0,3300,0,3300
M,UT,S,Y,39,37.0,2475,0,2475
M,MA,M,Y,1,28.0,0,7150,1000
F,SC,M,N,6,37.0,0,6600,0
M,FL,M,Y,11,0.0,0,0,0
F,CA,S,N,15,37.0,87,0,0
M,ID,S,Y,10,38.0,3300,0,3300
M,ID,M,Y,12,41.0,0,6600,3300
F,OR,S,N,6,48.0,159,0,0
F,ND,M,N,27,12.0,0,6600,0
M,OH,S,N,20,10.0,1300,0,0
F,DE,M,N,23,27.0,0,220,0
M,IN,S,Y,0,18.0,1000,0,1000
F,MT,S,N,43,37.0,1900,0,0
F,NH,S,Y,32,0.0,0,0,0
M,CA,M,N,32,49.0,0,174,0
F,SD,M,N,12,0.0,0,0,0
M,CT,S,Y,37,26.0,12750,0,0
F,NM,M,N,41,28.0,0,6600,0
M,IL,M,Y,20,16.0,0,4000,2000
F,SC,M,N,15,37.0,0,6600,0
M,NE,S,N,33,36.0,103,0,0
F,TX,S,N,16,0.0,0,0,0
M,DE,S,Y,11,18.0,110,0,110
M,DE,S,Y,0,11.0,110,0,110
F,DE,M,Y,5,14.0,0,220,110
F,UT,S,Y,0,17.0,2475,0,2475
F,VT,M,Y,14,19.0,0,6600,3300
M,PR,M,Y,49,0.0,0,0,0
F,TX,S,Y,49,0.0,0,0,0
F,SC,M,Y,44,37.0,0,6600,3300
F,MN,S,Y,42,42.0,3300,0,3300
M,IN,S,N,9,18.0,1000,0,0
M,CT,S,Y,13,26.0,12750,0,0
M,AK,S,Y,40,0.0,0,0,0
M,LA,S,Y,43,32.0,4500,0,1000
M,RI,S,N,9,0.0,0,0,0
F,IL,S,N,37,16.0,2000,0,0
M,GA,S,N,29,32.0,2700,0,0
M,WA,M,N,34,0.0,0,0,0
M,DE,S,N,31,31.0,110,0,0
F,KS,S,Y,35,34.0,2250,0,2250
M,ND,S,N,15,11.0,3300,0,0
M,IN,S,N,19,18.0,1000,0,0
F,KY,S,Y,36,31.0,20,0,20
M,MA,M,N,41,28.0,0,7150,0
F,NV,S,N,5,0.0,0,0,0
M,AK,S,Y,10,0.0,0,0,0
M,SC,S,Y,38,37.0,3300,0,3300
M,KS,S,N,14,33.0,2250,0,0
M,AK,M,Y,43,0.0,0,0,0
M,MS,S,Y,39,26.0,6000,0,1500
M,UT,M,N,13,37.0,0,4950,0
M,PA,M,N,4,16.0,0,0,0
M,NV,M,Y,43,0.0,0,0,0
M,CO,S,N,12,24.0,0,0,0
F,ID,S,N,4,20.0,3300,0,0
F,PA,M,Y,40,16.0,0,0,0
M,RI,S,N,25,0.0,0,0,0
M,DE,M,N,20,25.0,0,220,0
M,AR,M,N,36,37.0,0,40,0
M,LA,M,Y,44,32.0,0,9000,1000
F,MN,M,Y,13,30.0,0,6600,3300
F,HI,M,Y,7,19.0,0,2080,1040
M,OR,M,Y,49,48.0,0,318,159
F,PA,S,Y,42,16.0,0,0,0
M,WY,S,N,39,0.0,0,0,0
M,DC,S,N,26,48.0,1370,0,0
M,IL,S,N,44,16.0,2000,0,0
F,WI,M,N,10,25.0,0,1400,0
F,NH,M,Y,13,0.0,0,0,0
M,MN,M,N,44,42.0,0,6600,0
M,IN,M,N,19,18.0,0,2000,0
M,WI,S,N,26,28.0,700,0,0
M,AK,S,Y,0,0.0,0,0,0
F,MT,S,Y,36,37.0,1900,0,1900
M,WY,S,Y,29,0.0,0,0,0
F,SD,S,Y,11,0.0,0,0,0
M,NH,S,Y,21,0.0,0,0,0
F,CT,S,Y,17,26.0,12750,0,0
M,AL,S,N,45,26.0,1500,0,0
F,NC,M,Y,4,32.0,0,6600,3300
M,SC,M,N,1,13.0,0,6600,0
M,ID,S,N,27,41.0,3300,0,0
F,MT,M,Y,40,37.0,0,3800,1900
F,MT,M,Y,8,37.0,0,3800,1900
M,VT,M,N,22,20.0,0,6600,0
M,MI,M,N,33,20.0,0,6200,0
F,CA,M,N,12,29.0,0,174,0
M,IL,S,N,36,16.0,2000,0,0
M,MI,S,N,37,20.0,3100,0,0
F,DC,M,N,30,48.0,0,2740,0
M,DE,S,Y,18,23.0,110,0,110
M,NJ,S,Y,41,12.0,1000,0,1500
F,GA,S,Y,30,32.0,2700,0,3000
M,NE,M,N,3,19.0,0,206,0
M,IA,M,N,7,13.0,0,80,0
M,OK,M,N,42,33.0,0,2000,0
M,RI,S,Y,26,0.0,0,0,0
M,FL,S,Y,30,0.0,0,0,0
F,TN,S,N,16,0.0,0,0,0
M,NE,M,Y,40,36.0,0,206,103
M,AR,M,Y,11,31.0,0,40,20
M,DC,M,N,40,48.0,0,2740,0
M,ID,S,Y,13,41.0,3300,0,3300
F,VT,M,N,29,22.0,0,6600,0
F,ME,M,N,32,45.0,0,5700,0
F,NE,M,Y,10,32.0,0,206,103
F,ND,S,Y,6,11.0,3300,0,3300
M,SC,S,N,35,37.0,3300,0,0
M,RI,M,Y,27,0.0,0,0,0
F,DE,S,Y,36,31.0,110,0,110
F,WA,M,Y,42,0.0,0,0,0
F,NY,M,N,34,23.0,0,0,0
F,SC,S,N,1,15.0,3300,0,0
F,HI,M,N,21,44.0,0,2080,0
M,UT,M,Y,43,37.0,0,4950,2475
F,MA,S,Y,23,28.0,3575,0,1000
M,LA,M,Y,41,32.0,0,9000,1000
F,ND,M,N,22,12.0,0,6600,0
M,ND,S,Y,43,14.0,3300,0,3300
M,RI,M,N,12,0.0,0,0,0
M,NE,M,N,18,36.0,0,206,0
F,MS,S,N,7,26.0,6000,0,0
F,VT,M,Y,41,24.0,0,6600,3300
F,MI,S,Y,29,20.0,3100,0,3100
F,WI,S,N,49,33.0,700,0,0
F,WV,S,N,43,34.0,2000,0,0
M,MO,S,N,41,32.0,2100,0,0
M,PR,S,N,1,0.0,0,0,0
F,NV,M,N,30,0.0,0,0,0
F,IL,S,N,49,16.0,2000,0,0
F,IA,S,N,5,10.0,40,0,0
F,UT,S,Y,7,37.0,2475,0,2475
F,DC,M,Y,47,48.0,0,2740,1370
F,NE,M,N,8,28.0,0,206,0
F,MT,S,N,4,25.0,1900,0,0
F,TN,S,N,16,0.0,0,0,0
F,ND,M,N,35,13.0,0,6600,0
F,TN,S,Y,7,0.0,0,0,0
F,KY,S,N,28,27.0,20,0,0
M,TX,M,N,22,0.0,0,0,0
M,MI,S,Y,23,20.0,3100,0,3100
M,NJ,S,Y,5,7.0,1000,0,1500
M,AZ,S,N,41,21.0,2100,0,0
M,RI,M,Y,39,0.0,0,0,0
F,MO,S,N,27,32.0,2100,0,0
F,SC,S,Y,23,37.0,3300,0,3300
M,OK,S,Y,43,33.0,1000,0,1000
M,NV,M,Y,31,0.0,0,0,0
F,WA,S,N,15,0.0,0,0,0
F,AK,M,N,41,0.0,0,0,0
F,CO,S,N,3,24.0,0,0,0
F,NM,S,N,15,28.0,3300,0,0
F,HI,S,Y,28,44.0,1040,0,1040
M,KY,M,Y,9,15.0,0,40,20
M,ND,M,Y,31,13.0,0,6600,3300
M,WI,S,N,0,24.0,700,0,0
F,DE,M,N,13,20.0,0,220,0
F,MA,M,N,35,28.0,0,7150,0
F,MN,M,N,30,40.0,0,6600,0
F,GA,M,Y,18,32.0,0,5400,3000
M,MT,S,N,44,37.0,1900,0,0
M,OR,M,Y,47,48.0,0,318,159
M,ID,S,Y,6,26.0,3300,0,3300
F,ME,S,Y,9,45.0,2850,0,2850
M,WV,M,N,40,34.0,0,4000,0
M,MT,S,N,18,37.0,1900,0,0
M,WV,M,Y,41,34.0,0,4000,2000
M,SC,M,N,38,37.0,0,6600,0
F,DC,S,N,48,48.0,1370,0,0
M,MN,M,N,13,30.0,0,6600,0
F,WV,M,N,23,30.0,0,4000,0
M,MI,S,N,23,20.0,3100,0,0
F,MS,S,N,29,26.0,6000,0,0
F,LA,M,N,29,32.0,0,9000,0
F,DC,S,Y,22,48.0,1370,0,1370
M,OK,M,N,38,33.0,0,2000,0
M,UT,S,N,39,37.0,2475,0,0
F,CO,S,Y,11,24.0,0,0,0
M,VA,S,N,15,30.0,900,0,0
F,AL,M,Y,20,26.0,0,3000,300
M,WY,S,N,18,0.0,0,0,0
M,TN,S,Y,18,0.0,0,0,0
F,LA,S,Y,20,32.0,4500,0,1000
F,NJ,M,N,4,7.0,0,2000,0
F,AR,M,Y,20,37.0,0,40,20
F,MO,M,N,48,32.0,0,4200,0
M,ID,S,Y,33,41.0,3300,0,3300
M,AR,S,Y,43,37.0,20,0,20
F,MI,M,Y,9,20.0,0,6200,3100
M,VA,S,N,43,30.0,900,0,0
F,IA,S,Y,36,48.0,40,0,40
F,NM,M,Y,26,28.0,0,6600,3300
F,ND,M,Y,23,12.0,0,6600,3300
F,MI,S,Y,1,20.0,3100,0,3100
M,NC,S,Y,34,38.0,3300,0,3300
F,TX,M,Y,28,0.0,0,0,0
F,AR,M,Y,4,13.0,0,40,20
F,AR,M,Y,39,37.0,0,40,20
M,IL,S,Y,4,16.0,2000,0,2000
M,NJ,S,Y,3,7.0,1000,0,1500
M,IN,S,Y,48,18.0,1000,0,1000
M,IL,M,Y,4,16.0,0,4000,2000
M,ID,S,N,3,19.0,3300,0,0
F,GA,S,N,28,32.0,2700,0,0
F,AK,S,Y,15,0.0,0,0,0
M,TX,M,N,22,0.0,0,0,0
F,TX,S,Y,3,0.0,0,0,0
M,SD,M,N,24,0.0,0,0,0
F,AZ,M,Y,45,22.0,0,4200,2300
M,NJ,S,N,21,9.0,1000,0,0
F,DC,S,Y,39,48.0,1370,0,1370
M,ID,S,N,47,41.0,3300,0,0
M,VT,M,N,21,20.0,0,6600,0
M,ME,S,N,27,45.0,2850,0,0
F,OR,M,Y,31,48.0,0,318,159
F,ID,S,Y,43,41.0,3300,0,3300
F,HI,M,N,36,44.0,0,2080,0
M,FL,S,Y,13,0.0,0,0,0
M,IL,S,Y,39,16.0,2000,0,2000
F,MA,S,Y,34,28.0,3575,0,1000
M,VT,S,N,31,22.0,3300,0,0
M,KY,M,N,46,32.0,0,40,0
M,TX,M,Y,10,0.0,0,0,0
M,SD,S,Y,26,0.0,0,0,0
M,ME,M,N,49,45.0,0,5700,0
F,VT,S,Y,3,19.0,3300,0,3300
F,KY,S,Y,11,16.0,20,0,20
F,VT,M,N,29,22.0,0,6600,0
M,KY,S,Y,47,32.0,20,0,20
F,CT,M,N,0,16.0,0,24500,0
M,NH,M,N,21,0.0,0,0,0
F,SD,M,N,14,0.0,0,0,0
M,OK,M,Y,9,33.0,0,2000,1000
F,OK,M,N,48,33.0,0,2000,0
M,MD,S,Y,5,25.0,2400,0,2400
M,DE,S,N,6,14.0,110,0,0
F,MI,M,Y,12,20.0,0,6200,3100
F,CA,M,N,37,49.0,0,174,0
F,MN,S,Y,16,32.0,3300,0,3300
F,RI,S,Y,34,0.0,0,0,0
M,LA,M,Y,5,10.0,0,9000,1000
M,KS,S,N,30,34.0,2250,0,0
F,TX,M,Y,43,0.0,0,0,0
M,MN,S,Y,2,28.0,3300,0,3300
M,LA,M,N,3,10.0,0,9000,0
M,WY,S,N,26,0.0,0,0,0
M,NJ,S,Y,15,8.0,1000,0,1500
F,ME,S,Y,5,27.0,2850,0,2850
F,OR,M,Y,20,48.0,0,318,159
M,LA,M,Y,14,32.0,0,9000,1000
F,RI,M,N,15,0.0,0,0,0
M,NJ,M,N,28,10.0,0,2000,0
M,AK,M,Y,49,0.0,0,0,0
F,TX,S,Y,8,0.0,0,0,0
F,NC,S,N,17,34.0,3300,0,0
F,RI,S,N,35,0.0,0,0,0
F,GA,S,N,8,32.0,2700,0,0
M,NM,M,Y,21,28.0,0,6600,3300
M,CO,M,N,24,24.0,0,0,0
F,NC,S,N,7,32.0,3300,0,0
M,NE,M,N,23,36.0,0,206,0
M,NV,S,N,46,0.0,0,0,0
M,NM,M,N,43,28.0,0,6600,0
F,FL,M,N,35,0.0,0,0,0
M,NM,M,N,20,28.0,0,6600,0
F,AR,S,Y,42,37.0,20,0,20
F,UT,M,Y,0,12.0,0,4950,2475
M,MI,M,N,5,20.0,0,6200,0
F,AL,S,Y,25,26.0,1500,0,300
M,GA,S,N,36,32.0,2700,0,0
F,DC,S,N,27,48.0,1370,0,0
F,MA,M,N,12,28.0,0,7150,0
F,ID,M,N,14,41.0,0,6600,0
M,IA,S,Y,27,46.0,40,0,40
F,AR,M,N,24,37.0,0,40,0
M,VA,M,Y,28,30.0,0,1800,900
F,IN,S,Y,12,18.0,1000,0,1000
M,ND,S,N,6,11.0,3300,0,0
M,CA,S,N,48,49.0,87,0,0
F,CT,M,Y,14,26.0,0,24500,0
M,RI,M,N,7,0.0,0,0,0
M,MN,M,N,20,34.0,0,6600,0
M,AR,M,N,30,37.0,0,40,0
M,AK,S,N,16,0.0,0,0,0
F,PR,S,N,34,0.0,0,0,0
F,NJ,M,N,45,13.0,0,2000,0
F,KY,M,Y,26,25.0,0,40,20
F,NV,S,N,19,0.0,0,0,0
M,KY,M,Y,8,15.0,0,40,20
F,WY,M,Y,42,0.0,0,0,0
M,VA,S,Y,10,30.0,900,0,900
F,TN,M,N,31,0.0,0,0,0
F,IL,M,Y,15,16.0,0,4000,2000
F,MT,S,Y,42,37.0,1900,0,1900
M,OH,M,Y,17,9.0,0,2600,1300
F,NM,S,Y,35,28.0,3300,0,3300
F,WV,M,N,20,28.0,0,4000,0
F,ND,S,N,38,14.0,3300,0,0
M,MT,M,Y,0,5.0,0,3800,1900
M,KY,M,N,0,10.0,0,40,0
M,OR,M,Y,9,48.0,0,318,159
M,MN,M,Y,20,34.0,0,6600,3300
F,AL,M,Y,15,26.0,0,3000,300
M,MN,M,N,41,42.0,0,6600,0
M,ME,M,N,24,45.0,0,5700,0
M,ME,M,Y,13,45.0,0,5700,2850
F,ID,S,Y,26,41.0,3300,0,3300
F,NV,M,N,25,0.0,0,0,0
F,VT,M,N,28,22.0,0,6600,0
M,PR,M,N,20,0.0,0,0,0
F,CA,S,N,5,12.0,87,0,0
M,NJ,M,N,3,7.0,0,2000,0
F,AR,S,N,18,37.0,20,0,0
F,OR,M,Y,2,42.0,0,318,159
F,MI,S,N,18,20.0,3100,0,0
F,MS,S,N,7,26.0,6000,0,0
M,NC,S,N,3,32.0,3300,0,0
F,MA,M,Y,49,28.0,0,7150,1000
F,IA,S,N,18,32.0,40,0,0
M,NC,M,Y,27,37.0,0,6600,3300
M,UT,S,N,25,37.0,2475,0,0
F,VT,M,Y,13,19.0,0,6600,3300
F,MT,M,N,36,37.0,0,3800,0
F,NC,M,N,4,32.0,0,6600,0
M,KS,M,N,11,28.0,0,4500,0
F,MN,M,N,44,42.0,0,6600,0
F,PR,M,Y,40,0.0,0,0,0
F,ND,S,Y,9,11.0,3300,0,3300
F,HI,M,N,26,44.0,0,2080,0
F,WI,M,N,22,28.0,0,1400,0
M,OK,M,Y,4,31.0,0,2000,1000
M,NM,S,Y,26,28.0,3300,0,3300
F,DE,S,Y,20,25.0,110,0,110
F,MS,S,Y,9,26.0,6000,0,1500
M,NE,S,Y,9,30.0,103,0,103
M,NH,S,Y,31,0.0,0,0,0
M,CA,M,N,28,49.0,0,174,0
M,PA,S,N,4,16.0,0,0,0
F,VA,S,Y,44,30.0,900,0,900
F,MT,S,N,25,37.0,1900,0,0
F,ND,S,Y,42,14.0,3300,0,3300
F,NC,M,N,18,34.0,0,6600,0
F,SC,S,Y,42,37.0,3300,0,3300
M,OR,S,N,12,48.0,159,0,0
F,NJ,S,Y,26,10.0,1000,0,1500
M,VT,M,Y,0,19.0,0,6600,3300
M,WA,M,Y,3,0.0,0,0,0
M,MI,S,Y,28,20.0,3100,0,3100
F,KS,S,N,45,34.0,2250,0,0
M,WA,S,N,37,0.0,0,0,0
F,HI,S,Y,41,44.0,1040,0,1040
F,WY,M,N,19,0.0,0,0,0
F,TX,S,N,44,0.0,0,0,0
M,GA,S,N,44,32.0,2700,0,0
M,ID,S,Y,7,29.0,3300,0,3300
F,VT,S,N,39,24.0,3300,0,0
M,DE,M,Y,4,13.0,0,220,110
M,WY,S,N,12,0.0,0,0,0
F,MD,M,Y,8,25.0,0,4800,2400
M,MA,M,N,48,28.0,0,7150,0
F,ME,S,Y,34,45.0,2850,0,2850
M,TN,S,Y,47,0.0,0,0,0
M,WI,S,N,19,27.0,700,0,0
M,OR,S,Y,30,48.0,159,0,159
F,VT,M,Y,13,19.0,0,6600,3300
M,DE,S,Y,30,31.0,110,0,110
F,WI,S,N,36,30.0,700,0,0
M,AZ,M,Y,28,19.0,0,4200,2300
F,MT,M,N,1,10.0,0,3800,0
M,NE,M,N,17,36.0,0,206,0
F,MD,S,Y,42,25.0,2400,0,2400
M,OR,M,Y,42,48.0,0,318,159
F,TN,M,N,41,0.0,0,0,0
F,OR,S,Y,10,48.0,159,0,159
M,CA,M,N,38,49.0,0,174,0
M,MD,S,Y,36,25.0,2400,0,2400
M,MT,M,Y,44,37.0,0,3800,1900
F,IL,M,Y,6,16.0,0,4000,2000
F,WI,S,Y,43,31.0,700,0,400
F,AL,S,N,41,26.0,1500,0,0
F,DC,M,N,45,48.0,0,2740,0
F,KS,M,Y,27,34.0,0,4500,2250
M,DE,S,Y,24,28.0,110,0,110
F,WA,M,Y,31,0.0,0,0,0
M,NE,S,N,7,26.0,103,0,0
F,AZ,S,Y,41,21.0,2100,0,2300
M,CA,S,Y,8,20.0,87,0,272
M,GA,M,Y,38,32.0,0,5400,3000
F,VA,S,N,46,30.0,900,0,0
F,WY,S,N,34,0.0,0,0,0
F,AR,M,N,1,5.0,0,40,0
M,ND,S,Y,8,11.0,3300,0,3300
F,TN,M,N,18,0.0,0,0,0
F,WA,S,Y,28,0.0,0,0,0
F,NY,S,N,29,23.0,0,0,0
M,CO,M,Y,18,24.0,0,0,0
F,FL,M,N,33,0.0,0,0,0
F,VA,M,N,29,30.0,0,1800,0
M,NM,S,N,32,28.0,3300,0,0
F,AR,S,Y,1,6.0,20,0,20
M,MS,M,Y,24,26.0,0,12000,1500
F,OH,S,N,46,19.0,1300,0,0
M,OK,M,Y,46,33.0,0,2000,1000
F,CA,M,N,35,49.0,0,174,0
M,CO,M,N,21,24.0,0,0,0
M,OR,S,N,43,48.0,159,0,0
M,FL,S,Y,6,0.0,0,0,0
M,WI,M,N,41,31.0,0,1400,0
M,MN,S,N,30,40.0,3300,0,0
F,TN,M,Y,42,0.0,0,0,0
M,KS,M,N,6,18.0,0,4500,0
M,SD,S,N,36,0.0,0,0,0
M,NV,S,N,11,0.0,0,0,0
F,IL,S,N,34,16.0,2000,0,0
M,DC,M,Y,27,48.0,0,2740,1370
F,WI,M,Y,41,31.0,0,1400,400
M,CO,S,Y,3,24.0,0,0,0
F,NE,S,N,35,36.0,103,0,0
M,VA,S,Y,31,30.0,900,0,900
M,SC,S,Y,34,37.0,3300,0,3300
F,AL,M,Y,26,26.0,0,3000,300
M,UT,S,N,41,37.0,2475,0,0
F,OK,S,Y,11,33.0,1000,0,1000
F,PA,M,Y,0,16.0,0,0,0
M,NE,M,N,0,13.0,0,206,0
F,ND,M,N,26,12.0,0,6600,0
M,NH,S,Y,47,0.0,0,0,0
M,SD,S,N,47,0.0,0,0,0
M,VA,M,N,40,30.0,0,1800,0
M,PR,S,N,41,0.0,0,0,0
F,MN,S,N,1,28.0,3300,0,0
F,AL,M,N,3,26.0,0,3000,0
M,SC,S,Y,36,37.0,3300,0,3300
M,MD,M,Y,4,25.0,0,4800,2400
M,OK,M,N,48,33.0,0,2000,0
F,NJ,S,N,29,10.0,1000,0,0
F,WY,M,N,10,0.0,0,0,0
M,NE,S,N,41,36.0,103,0,0
M,MT,S,N,34,37.0,1900,0,0
M,CA,S,N,18,43.0,87,0,0
M,CT,M,Y,8,26.0,0,24500,0
M,NC,S,Y,21,35.0,3300,0,3300
M,UT,M,N,20,37.0,0,4950,0
F,NJ,S,Y,28,10.0,1000,0,1500
M,GA,M,N,22,32.0,0,5400,0
F,IN,M,Y,3,18.0,0,2000,1000
F,LA,M,Y,25,32.0,0,9000,1000
M,HI,M,Y,38,44.0,0,2080,1040
F,OK,M,Y,5,33.0,0,2000,1000
F,SC,S,Y,47,37.0,3300,0,3300
M,OH,M,N,48,20.0,0,2600,0
M,AR,M,Y,9,25.0,0,40,20
M,GA,S,Y,41,32.0,2700,0,3000
M,WY,S,Y,19,0.0,0,0,0
M,OR,M,N,23,48.0,0,318,0
F,OK,M,Y,10,33.0,0,2000,1000
M,AZ,S,Y,43,21.0,2100,0,2300
M,HI,S,N,15,35.0,1040,0,0
M,MA,M,N,32,28.0,0,7150,0
M,IL,S,Y,45,16.0,2000,0,2000
F,MD,S,Y,16,25.0,2400,0,2400
F,SD,M,Y,29,0.0,0,0,0
F,VA,M,Y,2,13.0,0,1800,900
M,ND,M,N,18,11.0,0,6600,0
F,OR,S,N,3,48.0,159,0,0
F,ND,M,Y,25,12.0,0,6600,3300
M,IA,M,Y,25,42.0,0,80,40
F,VT,S,N,18,20.0,3300,0,0
F,GA,S,N,8,32.0,2700,0,0
F,CT,M,N,4,16.0,0,24500,0
F,WV,S,Y,9,19.0,2000,0,2000
F,IA,S,N,21,36.0,40,0,0
M,HI,M,Y,5,16.0,0,2080,1040
M,VT,M,Y,31,23.0,0,6600,3300
M,VA,M,N,36,30.0,0,1800,0
F,MT,M,N,0,5.0,0,3800,0
F,MT,S,N,13,37.0,1900,0,0
F,MA,M,N,24,28.0,0,7150,0
F,DE,S,Y,1,11.0,110,0,110
M,WA,M,N,40,0.0,0,0,0
M,TN,M,N,46,0.0,0,0,0
M,KS,S,N,1,18.0,2250,0,0
F,MS,M,Y,15,26.0,0,12000,1500
F,MA,S,Y,16,28.0,3575,0,1000
F,MD,M,Y,31,25.0,0,4800,2400
F,PA,S,N,42,16.0,0,0,0
F,SC,M,N,21,37.0,0,6600,0
F,PR,M,Y,33,0.0,0,0,0
M,AZ,S,Y,25,18.0,2100,0,2300
F,SD,M,Y,37,0.0,0,0,0
F,PA,M,N,31,16.0,0,0,0
M,DC,S,N,5,26.0,1370,0,0
M,MT,S,N,27,37.0,1900,0,0
M,ME,M,N,21,45.0,0,5700,0
M,CO,S,N,28,24.0,0,0,0
F,AZ,M,N,41,21.0,0,4200,0
F,AZ,M,Y,5,15.0,0,4200,2300
F,NV,S,Y,38,0.0,0,0,0
F,NV,S,Y,45,0.0,0,0,0
F,WA,S,Y,6,0.0,0,0,0
M,TX,S,Y,46,0.0,0,0,0
M,LA,M,Y,39,32.0,0,9000,1000
F,NE,M,Y,17,36.0,0,206,103
M,ID,M,Y,33,41.0,0,6600,3300
M,CO,S,Y,0,24.0,0,0,0
M,VA,S,N,26,30.0,900,0,0
M,VA,S,N,30,30.0,900,0,0
F,KS,S,N,49,34.0,2250,0,0
M,NC,M,Y,2,32.0,0,6600,3300
F,OK,S,N,27,33.0,1000,0,0
F,WI,M,Y,30,29.0,0,1400,400
F,NV,M,N,41,0.0,0,0,0
M,NC,S,N,41,40.0,3300,0,0
M,IL,S,N,42,16.0,2000,0,0
M,WV,M,Y,0,16.0,0,4000,2000
F,NV,M,N,18,0.0,0,0,0
M,NV,M,Y,47,0.0,0,0,0
F,NY,M,Y,10,21.0,0,0,1000
M,TX,M,Y,49,0.0,0,0,0
M,TN,S,Y,46,0.0,0,0,0
M,NE,S,N,26,36.0,103,0,0
M,AZ,M,Y,40,21.0,0,4200,2300
F,NM,S,Y,8,28.0,3300,0,3300
F,WA,M,Y,27,0.0,0,0,0
F,MO,S,N,30,32.0,2100,0,0
M,RI,S,Y,18,0.0,0,0,0
F,OH,S,N,7,5.0,1300,0,0
M,VA,S,Y,17,30.0,900,0,900
M,UT,S,N,12,37.0,2475,0,0
M,PA,S,N,45,16.0,0,0,0
M,PR,M,Y,22,0.0,0,0,0
M,MA,S,N,26,28.0,3575,0,0
F,OR,M,Y,45,48.0,0,318,159
F,IN,S,Y,3,18.0,1000,0,1000
F,DE,M,Y,6,14.0,0,220,110
F,NV,M,Y,24,0.0,0,0,0
F,IL,S,N,3,16.0,2000,0,0
M,NC,S,Y,35,38.0,3300,0,3300
M,NY,M,Y,5,21.0,0,0,1000
F,MS,S,N,34,26.0,6000,0,0
M,UT,M,Y,22,37.0,0,4950,2475
M,VA,M,N,11,30.0,0,1800,0
F,OK,S,N,1,7.0,1000,0,0
M,AZ,S,N,27,19.0,2100,0,0
F,WV,M,N,33,34.0,0,4000,0
F,PA,M,Y,26,16.0,0,0,0
M,AZ,M,N,3,15.0,0,4200,0
M,CT,M,N,4,16.0,0,24500,0
M,OK,S,Y,6,33.0,1000,0,1000
F,CO,M,Y,29,24.0,0,0,0
F,MO,M,N,34,32.0,0,4200,0
F,VA,M,N,11,30.0,0,1800,0
M,MD,S,Y,13,25.0,2400,0,2400
F,IL,S,N,30,16.0,2000,0,0
F,WI,M,N,3,24.0,0,1400,0
F,MA,S,N,43,28.0,3575,0,0
F,MN,S,Y,24,37.0,3300,0,3300
M,NC,S,Y,29,37.0,3300,0,3300
M,TN,M,N,25,0.0,0,0,0
F,ID,S,N,41,41.0,3300,0,0
F,CA,M,N,16,40.0,0,174,0
M,MN,M,N,13,30.0,0,6600,0
F,NJ,M,Y,4,7.0,0,2000,1500
M,NJ,M,N,3,7.0,0,2000,0
M,CA,M,N,9,20.0,0,174,0
F,NE,S,Y,43,36.0,103,0,103
F,NJ,S,N,15,8.0,1000,0,0
M,OH,S,Y,36,15.0,1300,0,1300
M,WV,S,Y,46,34.0,2000,0,2000
F,WY,M,N,30,0.0,0,0,0
M,CA,S,N,4,10.0,87,0,0
F,NV,M,N,17,0.0,0,0,0
F,UT,S,Y,0,12.0,2475,0,2475
M,PR,M,N,4,0.0,0,0,0
M,IA,M,Y,32,48.0,0,80,40
F,CO,S,N,31,24.0,0,0,0
F,MI,S,Y,41,20.0,3100,0,3100
M,NV,M,N,18,0.0,0,0,0
F,AZ,M,N,41,21.0,0,4200,0
F,IN,S,Y,17,18.0,1000,0,1000
M,AR,M,Y,30,37.0,0,40,20
F,MS,M,Y,42,26.0,0,12000,1500
F,OH,S,Y,38,16.0,1300,0,1300
F,SD,S,Y,33,0.0,0,0,0
F,MN,S,Y,31,40.0,3300,0,3300
M,SC,M,Y,4,27.0,0,6600,3300
M,NJ,M,Y,32,11.0,0,2000,1500
M,GA,M,Y,36,32.0,0,5400,3000
F,MI,M,Y,49,20.0,0,6200,3100
F,GA,S,N,10,32.0,2700,0,0
M,AZ,S,Y,16,17.0,2100,0,2300
M,VT,S,Y,2,19.0,3300,0,3300
M,VA,S,N,30,30.0,900,0,0
M,MO,M,N,7,32.0,0,4200,0
F,WA,M,Y,13,0.0,0,0,0
M,NY,S,N,6,21.0,0,0,0
F,RI,M,N,5,0.0,0,0,0
M,AL,S,Y,38,26.0,1500,0,300
F,OR,S,Y,11,48.0,159,0,159
F,PA,S,Y,16,16.0,0,0,0
M,CA,S,N,14,35.0,87,0,0
M,OH,S,Y,34,15.0,1300,0,1300
M,HI,M,Y,38,44.0,0,2080,1040
M,HI,M,N,22,44.0,0,2080,0
M,GA,S,N,34,32.0,2700,0,0
M,OR,M,Y,2,37.0,0,318,159
F,LA,S,N,48,32.0,4500,0,0
M,NJ,M,Y,8,7.0,0,2000,1500
M,MS,M,N,4,23.0,0,12000,0
M,CT,S,Y,16,26.0,12750,0,0
M,RI,M,Y,26,0.0,0,0,0
F,LA,M,Y,25,32.0,0,9000,1000
M,NY,M,N,43,23.0,0,0,0
M,SC,M,Y,22,37.0,0,6600,3300
M,WI,M,N,20,27.0,0,1400,0
F,CT,M,Y,25,26.0,0,24500,0
M,MD,M,Y,26,25.0,0,4800,2400
M,MD,M,Y,32,25.0,0,4800,2400
M,NC,M,N,15,34.0,0,6600,0
F,AZ,M,Y,37,20.0,0,4200,2300
M,ID,M,Y,35,41.0,0,6600,3300
F,MN,M,N,27,38.0,0,6600,0
M,AL,S,N,7,26.0,1500,0,0
M,MI,S,N,8,20.0,3100,0,0
F,LA,M,N,18,32.0,0,9000,0
F,MT,M,Y,20,37.0,0,3800,1900
F,PR,M,N,19,0.0,0,0,0
M,AK,M,Y,8,0.0,0,0,0
M,IL,S,Y,15,16.0,2000,0,2000
F,SD,M,N,49,0.0,0,0,0
M,NM,S,Y,9,28.0,3300,0,3300
F,WI,M,N,44,32.0,0,1400,0
F,PR,S,Y,36,0.0,0,0,0
F,AR,S,Y,9,25.0,20,0,20
F,KY,M,Y,34,30.0,0,40,20
M,MI,S,Y,39,20.0,3100,0,3100
M,SD,M,Y,39,0.0,0,0,0
M,TX,M,N,3,0.0,0,0,0
M,NE,S,N,28,36.0,103,0,0
M,MT,S,Y,44,37.0,1900,0,1900
M,MD,M,N,28,25.0,0,4800,0
M,WY,M,Y,38,0.0,0,0,0
M,TN,S,Y,18,0.0,0,0,0
M,PA,S,N,17,16.0,0,0,0
F,AR,M,Y,20,37.0,0,40,20
M,PR,S,N,6,0.0,0,0,0
F,TN,M,N,35,0.0,0,0,0
F,NY,S,N,12,22.0,0,0,0
M,ME,M,Y,49,45.0,0,5700,2850
M,MA,S,N,3,28.0,3575,0,0
M,DE,M,Y,39,31.0,0,220,110
F,MS,S,Y,2,17.0,6000,0,1500
F,TN,M,N,32,0.0,0,0,0
F,NC,M,N,17,34.0,0,6600,0
M,OH,M,Y,26,12.0,0,2600,1300
M,IL,S,Y,4,16.0,2000,0,2000
M,IN,S,Y,3,18.0,1000,0,1000
M,AZ,M,N,24,18.0,0,4200,0
F,KY,S,N,27,26.0,20,0,0
F,FL,M,Y,39,0.0,0,0,0
F,OH,M,Y,47,19.0,0,2600,1300
F,WA,M,N,18,0.0,0,0,0
M,NJ,M,Y,41,12.0,0,2000,1500
M,IA,M,Y,8,14.0,0,80,40
M,OR,S,N,44,48.0,159,0,0
M,GA,M,Y,18,32.0,0,5400,3000
F,CA,S,N,5,11.0,87,0,0
F,ND,S,N,24,12.0,3300,0,0
F,OH,M,Y,28,13.0,0,2600,1300
M,WY,M,N,11,0.0,0,0,0
F,IN,S,Y,1,18.0,1000,0,1000
F,WV,M,Y,34,34.0,0,4000,2000
M,WY,M,Y,13,0.0,0,0,0
F,AR,S,Y,5,14.0,20,0,20
M,MT,S,N,22,37.0,1900,0,0
F,RI,S,Y,24,0.0,0,0,0
F,MS,M,N,45,26.0,0,12000,0
F,DE,M,N,27,30.0,0,220,0
M,WA,M,N,43,0.0,0,0,0
M,OR,M,Y,7,48.0,0,318,159
M,KY,M,N,12,17.0,0,40,0
M,NH,M,Y,48,0.0,0,0,0
M,PR,M,Y,25,0.0,0,0,0
M,FL,M,Y,24,0.0,0,0,0
F,NH,M,N,3,0.0,0,0,0
F,NH,S,N,34,0.0,0,0,0
M,AR,S,Y,14,37.0,20,0,20
M,WY,M,Y,39,0.0,0,0,0
F,IA,M,Y,40,48.0,0,80,40
M,TN,S,Y,15,0.0,0,0,0
F,OH,S,N,28,13.0,1300,0,0
M,VA,M,N,3,16.0,0,1800,0
M,CO,S,N,11,24.0,0,0,0
M,NY,S,Y,36,23.0,0,0,1000
F,CT,S,Y,23,26.0,12750,0,0
F,NC,S,Y,30,37.0,3300,0,3300
F,NH,S,Y,2,0.0,0,0,0
M,CT,S,Y,11,26.0,12750,0,0
F,NJ,S,N,1,7.0,1000,0,0
F,VA,M,Y,30,30.0,0,1800,900
M,WY,M,N,8,0.0,0,0,0
M,MS,M,N,28,26.0,0,12000,0
M,FL,M,N,26,0.0,0,0,0
F,AR,M,Y,38,37.0,0,40,20
F,CO,M,N,38,24.0,0,0,0
M,MI,M,Y,29,20.0,0,6200,3100
M,KS,M,N,20,34.0,0,4500,0
M,PR,S,Y,45,0.0,0,0,0
M,SD,M,N,49,0.0,0,0,0
F,NM,S,N,9,28.0,3300,0,0
M,CA,M,Y,10,25.0,0,174,272
M,NJ,S,N,3,7.0,1000,0,0
M,WI,S,Y,47,32.0,700,0,400
F,NE,M,N,20,36.0,0,206,0
F,LA,S,Y,14,32.0,4500,0,1000
F,OR,M,Y,41,48.0,0,318,159
M,MI,M,N,48,20.0,0,6200,0
F,ID,S,Y,5,25.0,3300,0,3300
F,DC,S,N,32,48.0,1370,0,0
F,VT,M,N,11,19.0,0,6600,0
F,MS,M,Y,38,26.0,0,12000,1500
M,MN,M,N,12,30.0,0,6600,0
M,CO,M,Y,20,24.0,0,0,0
M,DE,S,Y,8,16.0,110,0,110
M,NH,S,Y,45,0.0,0,0,0
M,NV,M,N,17,0.0,0,0,0
F,IL,S,N,20,16.0,2000,0,0
F,CO,S,N,27,24.0,0,0,0
F,AZ,M,N,1,15.0,0,4200,0
F,TN,S,Y,26,0.0,0,0,0
F,AK,M,Y,47,0.0,0,0,0
F,MN,M,N,27,38.0,0,6600,0
M,WA,S,N,47,0.0,0,0,0
F,MA,S,N,18,28.0,3575,0,0
F,AZ,S,N,46,22.0,2100,0,0
F,MS,S,N,18,26.0,6000,0,0
M,NJ,S,Y,43,13.0,1000,0,1500
F,PA,M,N,14,16.0,0,0,0
M,MD,S,Y,45,25.0,2400,0,2400
F,KS,M,Y,7,19.0,0,4500,2250
F,SD,M,Y,43,0.0,0,0,0
M,OK,M,N,34,33.0,0,2000,0
F,KY,M,Y,37,32.0,0,40,20
F,NY,S,Y,27,22.0,0,0,1000
M,OR,M,N,24,48.0,0,318,0
M,CA,S,Y,35,49.0,87,0,272
M,LA,M,Y,30,32.0,0,9000,1000
M,OH,M,N,33,14.0,0,2600,0
F,NV,M,N,7,0.0,0,0,0
F,FL,S,Y,17,0.0,0,0,0
F,MN,M,Y,41,42.0,0,6600,3300
M,NM,M,Y,33,28.0,0,6600,3300
F,NJ,S,Y,32,11.0,1000,0,1500
M,ME,S,Y,16,45.0,2850,0,2850
M,MO,S,N,49,32.0,2100,0,0
F,ND,S,Y,36,14.0,3300,0,3300
M,DC,M,N,40,48.0,0,2740,0
F,MT,M,Y,8,37.0,0,3800,1900
F,DC,S,Y,48,48.0,1370,0,1370
F,IN,M,Y,7,18.0,0,2000,1000
M,ME,M,N,32,45.0,0,5700,0
M,LA,M,Y,7,15.0,0,9000,1000
M,VT,M,N,3,19.0,0,6600,0
M,MD,M,Y,5,25.0,0,4800,2400
F,HI,S,N,31,44.0,1040,0,0
F,NC,M,N,20,35.0,0,6600,0
M,OR,M,Y,35,48.0,0,318,159
M,DC,S,N,48,48.0,1370,0,0
M,PR,S,N,29,0.0,0,0,0
F,MT,S,N,14,37.0,1900,0,0
F,SC,M,N,5,34.0,0,6600,0
M,AK,M,N,1,0.0,0,0,0
M,WI,M,Y,46,32.0,0,1400,400
M,MA,S,Y,18,28.0,3575,0,1000
M,WA,S,Y,15,0.0,0,0,0
F,KY,M,N,26,25.0,0,40,0
F,AR,S,N,36,37.0,20,0,0
M,AK,S,Y,46,0.0,0,0,0
M,ND,S,N,26,12.0,3300,0,0
F,CT,S,N,36,26.0,12750,0,0
F,MO,S,N,37,32.0,2100,0,0
M,AR,S,N,29,37.0,20,0,0
M,AZ,S,N,3,15.0,2100,0,0
M,NH,S,Y,47,0.0,0,0,0
M,CA,M,N,14,33.0,0,174,0
F,CA,M,N,14,33.0,0,174,0
M,MA,S,N,45,28.0,3575,0,0
F,NJ,M,Y,1,7.0,0,2000,1500
F,LA,M,N,42,32.0,0,9000,0
M,MD,S,Y,21,25.0,2400,0,2400
M,FL,M,Y,45,0.0,0,0,0
M,FL,M,N,41,0.0,0,0,0
F,NH,S,Y,16,0.0,0,0,0
F,DC,S,N,44,48.0,1370,0,0
F,TX,M,N,19,0.0,0,0,0
M,MD,S,N,37,25.0,2400,0,0
M,WA,M,N,22,0.0,0,0,0
F,DE,M,Y,23,27.0,0,220,110
M,TX,S,N,16,0.0,0,0,0
F,CT,M,N,42,26.0,0,24500,0
F,PA,M,Y,12,16.0,0,0,0
M,KS,S,N,32,34.0,2250,0,0
M,SC,S,N,42,37.0,3300,0,0
F,OR,M,N,11,48.0,0,318,0
M,MT,S,N,48,37.0,1900,0,0
F,PR,M,N,25,0.0,0,0,0
M,PR,S,N,14,0.0,0,0,0
M,ID,M,Y,28,41.0,0,6600,3300
M,AL,S,Y,37,26.0,1500,0,300
M,RI,M,N,28,0.0,0,0,0
F,MA,M,N,4,28.0,0,7150,0
M,WI,M,N,20,27.0,0,1400,0
M,TN,S,Y,10,0.0,0,0,0
F,AL,S,N,25,26.0,1500,0,0
M,NM,M,N,0,9.0,0,6600,0
M,MN,M,Y,25,37.0,0,6600,3300
M,TX,S,N,18,0.0,0,0,0
F,ID,S,N,6,25.0,3300,0,0
M,MS,S,N,18,26.0,6000,0,0
F,DC,S,Y,0,24.0,1370,0,1370
F,DE,M,N,31,31.0,0,220,0
M,KS,S,N,5,18.0,2250,0,0
M,WY,S,Y,36,0.0,0,0,0
F,IL,M,Y,37,16.0,0,4000,2000
M,LA,M,Y,43,32.0,0,9000,1000
M,WA,M,Y,16,0.0,0,0,0
F,NH,S,Y,1,0.0,0,0,0
F,MI,S,Y,46,20.0,3100,0,3100
M,NC,S,Y,11,33.0,3300,0,3300
M,IA,S,N,36,48.0,40,0,0
M,IL,S,Y,26,16.0,2000,0,2000
M,WV,S,Y,29,34.0,2000,0,2000
F,WI,M,Y,12,26.0,0,1400,400
M,NM,M,Y,17,28.0,0,6600,3300
M,IA,S,Y,29,48.0,40,0,40
F,CA,M,N,3,6.0,0,174,0
M,KY,S,N,29,27.0,20,0,0
M,KS,S,Y,37,34.0,2250,0,2250
F,NJ,M,N,24,10.0,0,2000,0
F,MO,S,Y,31,32.0,2100,0,1200
F,AR,S,N,49,37.0,20,0,0
F,MN,M,N,47,42.0,0,6600,0
F,MO,M,Y,47,32.0,0,4200,1200
F,MA,M,N,45,28.0,0,7150,0
F,MS,S,Y,1,16.0,6000,0,1500
M,NJ,S,N,26,10.0,1000,0,0
F,CA,S,Y,40,49.0,87,0,272
F,NJ,S,N,18,8.0,1000,0,0
M,HI,M,N,33,44.0,0,2080,0
F,AZ,S,N,46,22.0,2100,0,0
M,ID,S,Y,13,41.0,3300,0,3300
F,IN,M,Y,49,18.0,0,2000,1000
F,PA,S,N,16,16.0,0,0,0
F,TN,M,Y,12,0.0,0,0,0
F,MT,S,Y,25,37.0,1900,0,1900
M,NH,M,N,14,0.0,0,0,0
F,MS,S,N,30,26.0,6000,0,0
M,PR,S,Y,2,0.0,0,0,0
F,AR,S,Y,20,37.0,20,0,20
F,VT,S,N,49,26.0,3300,0,0
M,OR,M,Y,46,48.0,0,318,159
M,GA,M,Y,29,32.0,0,5400,3000
F,IA,M,N,40,48.0,0,80,0
F,KS,S,N,8,20.0,2250,0,0
M,GA,S,N,5,32.0,2700,0,0
F,ME,M,Y,12,45.0,0,5700,2850
F,KS,S,N,18,34.0,2250,0,0
F,TN,S,N,43,0.0,0,0,0
F,CT,M,N,22,26.0,0,24500,0
F,NJ,M,Y,39,12.0,0,2000,1500
M,VT,S,N,6,19.0,3300,0,0
F,ME,M,Y,17,45.0,0,5700,2850
M,AR,M,N,13,35.0,0,40,0
M,IN,M,N,37,18.0,0,2000,0
M,MA,M,Y,38,28.0,0,7150,1000
F,RI,M,Y,45,0.0,0,0,0
M,WY,M,Y,7,0.0,0,0,0
F,WY,M,N,35,0.0,0,0,0
M,MN,S,Y,33,42.0,3300,0,3300
F,UT,S,N,43,37.0,2475,0,0
M,WI,M,Y,25,28.0,0,1400,400
F,NC,S,Y,36,39.0,3300,0,3300
M,MO,M,N,40,32.0,0,4200,0
F,MS,M,N,41,26.0,0,12000,0
M,PA,M,N,22,16.0,0,0,0
F,WA,S,Y,11,0.0,0,0,0
F,TN,M,Y,23,0.0,0,0,0
M,NC,M,Y,13,33.0,0,6600,3300
M,GA,M,N,27,32.0,0,5400,0
M,WI,S,Y,19,27.0,700,0,400
M,PA,S,Y,22,16.0,0,0,0
M,UT,S,N,46,37.0,2475,0,0
M,WI,S,N,22,28.0,700,0,0
M,MI,M,Y,26,20.0,0,6200,3100
M,MT,M,N,37,37.0,0,3800,0
M,IN,S,Y,19,18.0,1000,0,1000
F,OH,S,Y,13,7.0,1300,0,1300
M,NM,S,N,48,28.0,3300,0,0
F,NM,M,N,37,28.0,0,6600,0
M,HI,S,N,18,41.0,1040,0,0
M,NH,M,N,23,0.0,0,0,0
M,AK,M,Y,31,0.0,0,0,0
M,MN,M,N,41,42.0,0,6600,0
M,AR,S,N,46,37.0,20,0,0
F,ND,S,Y,11,11.0,3300,0,3300
M,HI,M,Y,21,44.0,0,2080,1040
F,AZ,M,N,49,22.0,0,4200,0
M,CO,M,N,17,24.0,0,0,0
F,RI,M,N,34,0.0,0,0,0
M,IN,S,N,42,18.0,1000,0,0
M,RI,M,N,10,0.0,0,0,0
M,TX,M,N,22,0.0,0,0,0
M,KY,S,Y,14,18.0,20,0,20
M,AK,M,N,40,0.0,0,0,0
M,CO,M,Y,22,24.0,0,0,0
F,NJ,S,N,39,12.0,1000,0,0
M,WA,M,Y,37,0.0,0,0,0
F,DC,S,N,44,48.0,1370,0,0
F,NM,S,N,13,28.0,3300,0,0
F,MO,S,Y,43,32.0,2100,0,1200
M,PA,M,N,3,16.0,0,0,0
M,SD,M,N,22,0.0,0,0,0
M,IA,S,Y,33,48.0,40,0,40
F,AR,S,N,10,29.0,20,0,0
M,ND,M,Y,27,12.0,0,6600,3300
M,TN,M,Y,28,0.0,0,0,0
F,RI,S,N,46,0.0,0,0,0
F,IN,M,Y,22,18.0,0,2000,1000
M,MD,M,N,44,25.0,0,4800,0
M,WI,M,N,21,28.0,0,1400,0
F,WV,M,N,24,30.0,0,4000,0
F,MS,M,Y,35,26.0,0,12000,1500
M,ME,M,N,6,32.0,0,5700,0
F,OR,S,Y,32,48.0,159,0,159
F,MD,S,Y,43,25.0,2400,0,2400
F,CO,S,N,34,24.0,0,0,0
M,NY,M,Y,34,23.0,0,0,1000
M,MD,M,N,23,25.0,0,4800,0
M,NE,M,N,49,36.0,0,206,0
M,GA,S,N,32,32.0,2700,0,0
F,NV,S,N,7,0.0,0,0,0
F,IL,S,Y,34,16.0,2000,0,2000
M,DC,S,N,48,48.0,1370,0,0
M,LA,M,N,18,32.0,0,9000,0
M,NC,M,Y,33,38.0,0,6600,3300
F,MS,M,N,14,26.0,0,12000,0
F,OH,S,N,39,17.0,1300,0,0
F,TX,S,N,3,0.0,0,0,0
M,OR,S,Y,43,48.0,159,0,159
F,VA,M,Y,8,30.0,0,1800,900
F,MA,M,Y,3,28.0,0,7150,1000
M,NM,M,Y,17,28.0,0,6600,3300
M,ID,S,Y,18,41.0,3300,0,3300
F,IA,M,N,19,32.0,0,80,0
M,CA,M,N,3,5.0,0,174,0
F,MN,S,Y,2,28.0,3300,0,3300
F,TX,M,N,13,0.0,0,0,0
F,NC,S,N,26,36.0,3300,0,0
M,MN,M,Y,48,42.0,0,6600,3300
M,TN,S,N,13,0.0,0,0,0
F,CO,S,N,8,24.0,0,0,0
F,AR,S,Y,46,37.0,20,0,20
F,AR,S,N,20,37.0,20,0,0
M,AZ,S,N,8,15.0,2100,0,0
M,OH,M,N,42,18.0,0,2600,0
M,MT,S,N,17,37.0,1900,0,0
M,TN,S,N,21,0.0,0,0,0
F,MN,S,N,30,40.0,3300,0,0
F,WI,S,N,13,26.0,700,0,0
F,MT,S,N,13,37.0,1900,0,0
F,MT,M,N,31,37.0,0,3800,0
F,MI,M,Y,29,20.0,0,6200,3100
M,MS,S,N,11,26.0,6000,0,0
M,TX,S,N,19,0.0,0,0,0
F,MD,M,N,30,25.0,0,4800,0
M,MD,M,Y,42,25.0,0,4800,2400
M,MA,M,N,13,28.0,0,7150,0
F,SC,M,Y,15,37.0,0,6600,3300
F,TX,M,Y,14,0.0,0,0,0
M,MI,S,Y,35,20.0,3100,0,3100
F,NV,M,Y,6,0.0,0,0,0
F,MT,M,N,41,37.0,0,3800,0
F,KS,M,N,37,34.0,0,4500,0
M,OK,S,Y,40,33.0,1000,0,1000
M,DE,S,Y,31,31.0,110,0,110
F,KY,S,Y,1,11.0,20,0,20
F,SC,S,Y,26,37.0,3300,0,3300
F,NH,S,N,11,0.0,0,0,0
M,VA,M,N,20,30.0,0,1800,0
F,VA,M,N,22,30.0,0,1800,0
F,VA,S,Y,30,30.0,900,0,900
M,IL,M,N,35,16.0,0,4000,0
F,TN,M,Y,13,0.0,0,0,0
F,MA,M,Y,10,28.0,0,7150,1000
F,IA,M,N,38,48.0,0,80,0
F,WI,S,N,45,32.0,700,0,0
F,GA,M,N,8,32.0,0,5400,0
M,KY,M,N,21,22.0,0,40,0
M,NM,S,Y,19,28.0,3300,0,3300
M,KY,M,N,32,29.0,0,40,0
M,WV,M,N,9,19.0,0,4000,0
F,ME,M,N,6,33.0,0,5700,0
F,NC,S,N,48,41.0,3300,0,0
F,NE,M,N,24,36.0,0,206,0
M,TN,M,Y,31,0.0,0,0,0
M,MS,M,N,17,26.0,0,12000,0
F,NY,S,N,21,22.0,0,0,0
M,WY,M,N,12,0.0,0,0,0
M,WA,M,N,9,0.0,0,0,0
M,VA,M,N,24,30.0,0,1800,0
M,OH,M,N,43,18.0,0,2600,0
M,KY,M,N,3,11.0,0,40,0
F,AL,M,Y,35,26.0,0,3000,300
F,IA,M,N,40,48.0,0,80,0
M,MA,M,N,23,28.0,0,7150,0
M,MD,S,N,2,25.0,2400,0,0
F,HI,M,N,2,11.0,0,2080,0
F,IN,S,N,1,18.0,1000,0,0
M,MT,S,Y,17,37.0,1900,0,1900
F,AZ,M,N,4,15.0,0,4200,0
F,GA,S,Y,29,32.0,2700,0,3000
M,DE,M,N,42,31.0,0,220,0
F,CT,M,Y,38,26.0,0,24500,0
F,MS,M,N,10,26.0,0,12000,0
F,FL,S,N,17,0.0,0,0,0
M,MD,S,Y,37,25.0,2400,0,2400
M,MO,M,Y,23,32.0,0,4200,1200
M,ME,S,Y,9,45.0,2850,0,2850
F,OR,M,Y,0,26.0,0,318,159
M,KS,M,N,3,18.0,0,4500,0
F,IA,S,Y,17,29.0,40,0,40
F,NE,M,Y,34,36.0,0,206,103
F,OR,S,Y,32,48.0,159,0,159
M,SC,M,Y,21,37.0,0,6600,3300
M,MO,S,Y,22,32.0,2100,0,1200
M,AR,S,N,20,37.0,20,0,0
M,AR,S,N,40,37.0,20,0,0
M,KY,S,Y,28,27.0,20,0,20
F,ME,S,Y,29,45.0,2850,0,2850
F,OK,S,Y,17,33.0,1000,0,1000
M,MS,M,N,30,26.0,0,12000,0
F,MA,S,Y,46,28.0,3575,0,1000
F,MN,S,Y,38,42.0,3300,0,3300
F,KY,S,N,7,14.0,20,0,0
M,SC,S,Y,0,13.0,3300,0,3300
M,NC,M,N,29,37.0,0,6600,0
F,OR,S,Y,33,48.0,159,0,159
M,WA,S,Y,11,0.0,0,0,0
M,VT,S,N,8,19.0,3300,0,0
M,MS,M,Y,1,16.0,0,12000,1500
M,NJ,M,Y,32,11.0,0,2000,1500
F,AK,S,Y,7,0.0,0,0,0
M,CT,S,Y,46,26.0,12750,0,0
M,ME,M,N,2,10.0,0,5700,0
F,TN,M,N,49,0.0,0,0,0
F,NC,S,N,34,38.0,3300,0,0
F,CA,M,Y,20,49.0,0,174,272
M,MD,M,Y,49,25.0,0,4800,2400
M,GA,M,Y,6,32.0,0,5400,3000
M,IA,M,N,29,48.0,0,80,0
M,KS,S,N,44,34.0,2250,0,0
F,AL,M,N,28,26.0,0,3000,0
F,DE,M,Y,25,28.0,0,220,110
F,PA,M,N,14,16.0,0,0,0
F,IL,M,N,9,16.0,0,4000,0
M,NH,M,N,42,0.0,0,0,0
M,WY,S,N,42,0.0,0,0,0
F,CT,M,N,7,26.0,0,24500,0
M,AL,M,N,25,26.0,0,3000,0
M,MS,S,Y,38,26.0,6000,0,1500
M,HI,S,Y,12,29.0,1040,0,1040
F,KY,M,Y,36,31.0,0,40,20
M,WV,S,N,37,34.0,2000,0,0
F,DE,S,Y,47,31.0,110,0,110
M,RI,S,Y,40,0.0,0,0,0
M,UT,M,Y,42,37.0,0,4950,2475
F,VA,M,N,38,30.0,0,1800,0
F,TX,M,N,4,0.0,0,0,0
F,PR,S,N,35,0.0,0,0,0
M,NY,S,N,41,23.0,0,0,0
F,IL,S,N,36,16.0,2000,0,0
M,NY,S,N,3,21.0,0,0,0
F,ND,S,Y,6,11.0,3300,0,3300
F,WI,M,Y,46,32.0,0,1400,400
F,OR,M,Y,2,39.0,0,318,159
F,ID,M,N,15,41.0,0,6600,0
M,IN,S,Y,2,18.0,1000,0,1000
F,IA,S,Y,39,48.0,40,0,40
M,IL,M,Y,4,16.0,0,4000,2000
M,WY,M,Y,0,0.0,0,0,0
M,CT,S,N,19,26.0,12750,0,0
M,IL,M,N,27,16.0,0,4000,0
M,WV,S,N,38,34.0,2000,0,0
M,AL,S,Y,7,26.0,1500,0,300
M,KY,M,Y,12,17.0,0,40,20
M,MN,S,Y,23,36.0,3300,0,3300
M,AZ,M,N,5,15.0,0,4200,0
F,RI,S,N,27,0.0,0,0,0
F,MN,S,Y,18,33.0,3300,0,3300
M,WA,S,Y,12,0.0,0,0,0
M,VT,M,Y,32,23.0,0,6600,3300
F,NJ,S,N,19,9.0,1000,0,0
F,NE,S,Y,13,36.0,103,0,103
F,AR,M,N,43,37.0,0,40,0
M,WA,S,N,9,0.0,0,0,0
F,MI,M,N,46,20.0,0,6200,0
M,OH,M,N,6,5.0,0,2600,0
M,KS,M,Y,46,34.0,0,4500,2250
F,TX,M,N,23,0.0,0,0,0
F,TX,M,Y,31,0.0,0,0,0
M,HI,S,N,35,44.0,1040,0,0
M,SC,M,Y,19,37.0,0,6600,3300
M,DC,M,Y,40,48.0,0,2740,1370
M,CA,M,Y,39,49.0,0,174,272
F,PR,M,N,41,0.0,0,0,0
F,NJ,S,N,20,9.0,1000,0,0
M,IA,S,Y,16,28.0,40,0,40
M,NM,M,Y,37,28.0,0,6600,3300
M,AK,S,Y,8,0.0,0,0,0
F,WI,S,N,43,32.0,700,0,0
M,NH,M,N,2,0.0,0,0,0
M,OR,S,Y,12,48.0,159,0,159
M,UT,M,Y,9,37.0,0,4950,2475
M,KS,S,Y,0,18.0,2250,0,2250
F,WV,M,Y,3,16.0,0,4000,2000
M,LA,M,Y,40,32.0,0,9000,1000
M,HI,M,N,21,44.0,0,2080,0
F,WA,M,N,45,0.0,0,0,0
F,SC,M,Y,26,37.0,0,6600,3300
M,NY,S,N,39,23.0,0,0,0
M,UT,M,N,49,37.0,0,4950,0
F,DC,M,N,1,24.0,0,2740,0
M,PA,M,N,30,16.0,0,0,0
M,TX,M,Y,37,0.0,0,0,0
F,OR,S,N,8,48.0,159,0,0
F,CO,M,N,36,24.0,0,0,0
M,VT,M,Y,36,24.0,0,6600,3300
F,MN,S,Y,6,28.0,3300,0,3300
M,PR,M,Y,32,0.0,0,0,0
M,NC,M,N,22,35.0,0,6600,0
M,MA,M,Y,16,28.0,0,7150,1000
M,NV,S,Y,20,0.0,0,0,0
F,AR,S,N,4,13.0,20,0,0
M,GA,M,Y,36,32.0,0,5400,3000
F,MO,M,N,46,32.0,0,4200,0
M,IN,S,N,5,18.0,1000,0,0
F,ID,M,Y,7,30.0,0,6600,3300
F,NH,M,N,28,0.0,0,0,0
F,AL,M,Y,37,26.0,0,3000,300
M,MA,S,N,44,28.0,3575,0,0
M,ID,S,Y,17,41.0,3300,0,3300
F,CT,S,N,25,26.0,12750,0,0
F,UT,M,Y,0,12.0,0,4950,2475
M,CT,S,N,9,26.0,12750,0,0
F,MS,S,N,32,26.0,6000,0,0
M,MN,S,Y,18,33.0,3300,0,3300
F,KY,S,Y,49,32.0,20,0,20
F,VT,S,Y,13,19.0,3300,0,3300
M,UT,S,N,27,37.0,2475,0,0
M,AK,S,N,49,0.0,0,0,0
M,ND,M,N,42,14.0,0,6600,0
M,PR,M,N,17,0.0,0,0,0
F,OH,M,N,27,12.0,0,2600,0
F,IL,S,N,14,16.0,2000,0,0
F,LA,M,Y,34,32.0,0,9000,1000
F,WI,M,Y,45,32.0,0,1400,400
F,OK,S,N,29,33.0,1000,0,0
M,AZ,S,N,25,18.0,2100,0,0
M,TX,M,N,19,0.0,0,0,0
F,ID,M,Y,14,41.0,0,6600,3300
M,NY,M,N,42,23.0,0,0,0
F,MO,S,N,14,32.0,2100,0,0
F,MS,M,N,16,26.0,0,12000,0
M,PR,M,N,45,0.0,0,0,0
M,WA,S,Y,25,0.0,0,0,0
F,UT,S,Y,34,37.0,2475,0,2475
F,NM,S,N,10,28.0,3300,0,0
F,WA,S,N,43,0.0,0,0,0
F,WI,S,Y,47,32.0,700,0,400
F,CO,S,Y,48,24.0,0,0,0
F,TX,S,Y,14,0.0,0,0,0
F,DE,S,Y,3,12.0,110,0,110
F,MD,M,Y,25,25.0,0,4800,2400
M,KS,S,Y,39,34.0,2250,0,2250
M,MT,M,Y,29,37.0,0,3800,1900
M,MS,M,Y,44,26.0,0,12000,1500
F,IA,S,Y,42,48.0,40,0,40
F,MI,M,N,2,20.0,0,6200,0
F,KS,M,Y,9,23.0,0,4500,2250
M,LA,M,Y,18,32.0,0,9000,1000
F,NY,M,Y,4,21.0,0,0,1000
F,ID,M,Y,22,41.0,0,6600,3300
F,DE,S,Y,34,31.0,110,0,110
M,NM,M,N,38,28.0,0,6600,0
M,NH,M,Y,14,0.0,0,0,0
F,FL,S,N,18,0.0,0,0,0
M,PA,M,N,17,16.0,0,0,0
F,MN,S,Y,25,37.0,3300,0,3300
F,PR,S,N,10,0.0,0,0,0
F,ID,S,Y,23,41.0,3300,0,3300
F,MS,M,Y,20,26.0,0,12000,1500
M,AK,M,N,42,0.0,0,0,0
M,AL,M,Y,28,26.0,0,3000,300
M,AL,M,Y,47,26.0,0,3000,300
M,PR,M,Y,30,0.0,0,0,0
F,NE,M,Y,28,36.0,0,206,103
M,SC,S,Y,44,37.0,3300,0,3300
M,KS,S,Y,15,34.0,2250,0,2250
M,OH,S,N,1,3.0,1300,0,0
F,TX,M,Y,14,0.0,0,0,0
M,NY,M,N,25,22.0,0,0,0
F,KS,M,Y,4,18.0,0,4500,2250
F,ID,S,N,10,38.0,3300,0,0
F,KY,S,Y,13,18.0,20,0,20
F,WV,S,Y,30,34.0,2000,0,2000
M,VA,S,Y,47,30.0,900,0,900
M,NY,M,Y,35,23.0,0,0,1000
F,NY,S,N,11,22.0,0,0,0
F,MT,S,Y,16,37.0,1900,0,1900
F,NE,S,Y,41,36.0,103,0,103
M,WY,M,Y,3,0.0,0,0,0
M,DC,S,Y,5,26.0,1370,0,1370
M,TN,S,N,32,0.0,0,0,0
M,ME,S,Y,33,45.0,2850,0,2850
M,RI,M,Y,23,0.0,0,0,0
F,DC,M,Y,10,38.0,0,2740,1370
M,MN,S,N,27,38.0,3300,0,0
F,MT,S,N,30,37.0,1900,0,0
F,ME,S,N,18,45.0,2850,0,0
F,IA,S,N,14,25.0,40,0,0
F,NH,M,N,2,0.0,0,0,0
M,NY,S,N,25,22.0,0,0,0
M,OH,S,Y,23,11.0,1300,0,1300
M,WY,S,N,43,0.0,0,0,0
M,NY,M,N,1,21.0,0,0,0
F,AK,S,N,0,0.0,0,0,0
M,CO,S,Y,18,24.0,0,0,0
M,NV,S,Y,8,0.0,0,0,0
M,NE,M,Y,48,36.0,0,206,103
M,SC,M,Y,12,37.0,0,6600,3300
F,VA,S,Y,18,30.0,900,0,900
M,ND,S,Y,32,13.0,3300,0,3300
M,ND,M,Y,10,11.0,0,6600,3300
M,UT,S,N,34,37.0,2475,0,0
F,AZ,S,N,30,19.0,2100,0,0
F,CO,M,Y,12,24.0,0,0,0
M,OK,S,N,18,33.0,1000,0,0
F,WV,M,N,39,34.0,0,4000,0
F,IN,M,Y,37,18.0,0,2000,1000
F,KY,S,Y,47,32.0,20,0,20
F,RI,S,Y,37,0.0,0,0,0
M,SC,S,N,10,37.0,3300,0,0
M,CT,M,Y,46,26.0,0,24500,0
F,UT,M,Y,11,37.0,0,4950,2475
F,FL,M,Y,29,0.0,0,0,0
F,WA,M,N,25,0.0,0,0,0
F,MI,S,Y,27,20.0,3100,0,3100
M,MS,S,N,31,26.0,6000,0,0
F,VA,S,N,21,30.0,900,0,0
M,PA,M,N,43,16.0,0,0,0
M,IA,M,Y,25,42.0,0,80,40
M,NV,M,N,5,0.0,0,0,0
M,GA,S,Y,22,32.0,2700,0,3000
M,WY,M,Y,47,0.0,0,0,0
M,MD,S,Y,17,25.0,2400,0,2400
M,IL,S,N,19,16.0,2000,0,0
M,IA,S,N,18,32.0,40,0,0
M,ME,S,Y,18,45.0,2850,0,2850
M,AR,S,Y,2,8.0,20,0,20
M,NV,M,N,47,0.0,0,0,0
F,IA,S,N,33,48.0,40,0,0
M,CA,S,N,8,19.0,87,0,0
M,CT,M,N,23,26.0,0,24500,0
F,AZ,S,Y,42,21.0,2100,0,2300
F,MI,M,Y,5,20.0,0,6200,3100
F,TN,S,N,48,0.0,0,0,0
M,IA,S,N,43,48.0,40,0,0
F,VT,S,N,42,25.0,3300,0,0
M,LA,M,Y,7,14.0,0,9000,1000
F,OK,M,Y,43,33.0,0,2000,1000
F,ME,M,N,5,29.0,0,5700,0
F,ID,M,N,30,41.0,0,6600,0
M,NV,S,Y,23,0.0,0,0,0
M,MO,M,Y,22,32.0,0,4200,1200
M,SC,M,N,30,37.0,0,6600,0
M,IN,M,Y,20,18.0,0,2000,1000
M,IL,M,N,31,16.0,0,4000,0
M,SC,M,N,5,33.0,0,6600,0
M,IL,S,N,40,16.0,2000,0,0
F,MS,S,Y,19,26.0,6000,0,1500
M,LA,M,N,36,32.0,0,9000,0
F,AZ,S,Y,1,15.0,2100,0,2300
F,NM,M,Y,38,28.0,0,6600,3300
F,SD,M,N,13,0.0,0,0,0
M,VT,S,Y,48,26.0,3300,0,3300
F,AL,S,Y,12,26.0,1500,0,300
F,RI,M,N,25,0.0,0,0,0
M,OK,M,Y,13,33.0,0,2000,1000
M,ID,M,Y,22,41.0,0,6600,3300
F,CT,S,N,39,26.0,12750,0,0
M,WY,M,N,33,0.0,0,0,0
F,WV,S,N,37,34.0,2000,0,0
M,KY,M,N,47,32.0,0,40,0
F,WI,S,Y,36,30.0,700,0,400
M,KY,S,Y,42,32.0,20,0,20
M,GA,S,Y,21,32.0,2700,0,3000
M,ID,S,N,28,41.0,3300,0,0
M,OR,M,Y,30,48.0,0,318,159
F,WY,S,N,8,0.0,0,0,0
F,OK,S,N,10,33.0,1000,0,0
F,GA,S,Y,41,32.0,2700,0,3000
M,WY,M,N,14,0.0,0,0,0
F,DC,M,Y,9,35.0,0,2740,1370
M,TX,S,Y,19,0.0,0,0,0
F,DC,S,N,37,48.0,1370,0,0
F,MA,S,Y,14,28.0,3575,0,1000
F,AR,M,N,41,37.0,0,40,0
M,MN,S,Y,21,35.0,3300,0,3300
F,IA,S,N,34,48.0,40,0,0
F,OK,S,Y,23,33.0,1000,0,1000
M,OK,S,N,23,33.0,1000,0,0
F,WI,M,N,38,31.0,0,1400,0
F,ND,S,N,1,11.0,3300,0,0
M,TN,M,N,47,0.0,0,0,0
F,NJ,M,Y,26,10.0,0,2000,1500
F,OR,M,Y,18,48.0,0,318,159
F,ID,S,N,45,41.0,3300,0,0
F,SD,S,Y,13,0.0,0,0,0
M,WI,M,Y,15,26.0,0,1400,400
M,LA,M,Y,15,32.0,0,9000,1000
F,NE,M,Y,27,36.0,0,206,103
F,AZ,M,Y,10,16.0,0,4200,2300
F,GA,M,Y,33,32.0,0,5400,3000
F,ME,M,N,23,45.0,0,5700,0
M,NM,S,Y,38,28.0,3300,0,3300
M,CA,M,N,47,49.0,0,174,0
F,ND,M,Y,29,13.0,0,6600,3300
M,AZ,M,N,40,21.0,0,4200,0
M,NC,M,N,49,41.0,0,6600,0
F,AR,S,N,12,33.0,20,0,0
F,MN,S,Y,7,28.0,3300,0,3300
F,KS,M,Y,34,34.0,0,4500,2250
M,SD,S,Y,6,0.0,0,0,0
F,NE,M,Y,47,36.0,0,206,103
M,OK,S,Y,42,33.0,1000,0,1000
F,ME,M,Y,21,45.0,0,5700,2850
F,AL,M,N,16,26.0,0,3000,0
F,TX,S,Y,26,0.0,0,0,0
F,KS,M,N,0,18.0,0,4500,0
M,IA,M,Y,16,28.0,0,80,40
M,VA,M,N,2,14.0,0,1800,0
F,KY,S,N,36,31.0,20,0,0
M,KS,S,Y,41,34.0,2250,0,2250
M,MT,S,N,19,37.0,1900,0,0
F,WV,M,Y,7,18.0,0,4000,2000
M,WV,M,Y,18,26.0,0,4000,2000
M,RI,S,Y,31,0.0,0,0,0
F,SD,S,Y,42,0.0,0,0,0
F,GA,S,N,17,32.0,2700,0,0
M,NY,M,Y,3,21.0,0,0,1000
F,NV,M,N,7,0.0,0,0,0
F,CA,S,N,12,29.0,87,0,0
F,KY,S,Y,38,32.0,20,0,20
F,ND,S,Y,36,14.0,3300,0,3300
F,MS,S,Y,45,26.0,6000,0,1500
M,CT,S,N,38,26.0,12750,0,0
M,FL,M,Y,38,0.0,0,0,0
F,WI,M,Y,36,30.0,0,1400,400
M,CO,S,N,20,24.0,0,0,0
F,NE,S,N,43,36.0,103,0,0
M,ID,M,N,42,41.0,0,6600,0
F,MN,S,N,30,40.0,3300,0,0
F,IL,M,Y,25,16.0,0,4000,2000
F,ND,S,Y,15,11.0,3300,0,3300
F,OK,M,N,27,33.0,0,2000,0
F,UT,M,Y,12,37.0,0,4950,2475
M,OK,M,Y,2,19.0,0,2000,1000
M,NM,S,Y,5,19.0,3300,0,3300
M,OR,M,Y,42,48.0,0,318,159
M,IA,S,N,46,48.0,40,0,0
F,VA,S,Y,29,30.0,900,0,900
M,UT,M,N,29,37.0,0,4950,0
M,MT,M,N,19,37.0,0,3800,0
F,MD,S,Y,47,25.0,2400,0,2400
F,MA,S,Y,48,28.0,3575,0,1000
M,WI,M,N,26,28.0,0,1400,0
M,UT,S,Y,22,37.0,2475,0,2475
F,NC,M,N,25,36.0,0,6600,0
F,NM,M,N,27,28.0,0,6600,0
F,HI,M,Y,26,44.0,0,2080,1040
F,OH,S,Y,31,14.0,1300,0,1300
M,VT,M,N,3,19.0,0,6600,0
M,AL,M,N,36,26.0,0,3000,0
M,KS,M,Y,18,34.0,0,4500,2250
F,PR,S,Y,2,0.0,0,0,0
F,CO,S,N,43,24.0,0,0,0
M,VA,M,N,6,24.0,0,1800,0
M,IA,M,Y,17,30.0,0,80,40
F,NJ,M,N,27,10.0,0,2000,0
M,MD,M,Y,3,25.0,0,4800,2400
M,IN,M,Y,14,18.0,0,2000,1000
F,TX,S,Y,25,0.0,0,0,0
M,FL,S,N,18,0.0,0,0,0
M,LA,S,Y,36,32.0,4500,0,1000
F,NE,S,N,49,36.0,103,0,0
F,WI,M,Y,5,24.0,0,1400,400
M,OK,M,N,2,14.0,0,2000,0
M,MO,M,N,36,32.0,0,4200,0
F,ME,M,N,13,45.0,0,5700,0
M,NE,M,Y,37,36.0,0,206,103
F,HI,M,Y,19,44.0,0,2080,1040
F,IA,S,N,38,48.0,40,0,0
F,MD,M,Y,49,25.0,0,4800,2400
M,MS,S,N,30,26.0,6000,0,0
M,PA,S,Y,23,16.0,0,0,0
M,MN,M,Y,12,30.0,0,6600,3300
F,NE,S,Y,47,36.0,103,0,103
F,OK,S,Y,34,33.0,1000,0,1000
F,VA,M,Y,25,30.0,0,1800,900
M,OH,S,Y,45,19.0,1300,0,1300
M,NM,S,Y,33,28.0,3300,0,3300
F,KS,M,N,34,34.0,0,4500,0
F,HI,M,N,49,44.0,0,2080,0
M,WV,S,Y,0,16.0,2000,0,2000
F,OH,S,N,8,5.0,1300,0,0
M,AZ,M,N,42,21.0,0,4200,0
F,MD,M,N,38,25.0,0,4800,0
M,NC,M,N,18,35.0,0,6600,0
F,SD,S,Y,43,0.0,0,0,0
F,NY,M,Y,43,23.0,0,0,1000
F,AR,S,N,20,37.0,20,0,0
M,AZ,S,Y,23,18.0,2100,0,2300
F,NE,M,Y,30,36.0,0,206,103
M,FL,M,Y,33,0.0,0,0,0
M,GA,S,Y,1,15.0,2700,0,3000
F,AZ,M,N,41,21.0,0,4200,0
F,NH,S,N,40,0.0,0,0,0
M,SD,S,Y,7,0.0,0,0,0
F,MI,M,N,25,20.0,0,6200,0
F,ND,M,Y,15,11.0,0,6600,3300
M,NV,S,N,6,0.0,0,0,0
M,MO,M,Y,48,32.0,0,4200,1200
F,SD,M,Y,26,0.0,0,0,0
F,DC,M,N,16,48.0,0,2740,0
M,ID,M,Y,24,41.0,0,6600,3300
M,OR,S,N,28,48.0,159,0,0
M,AR,S,N,22,37.0,20,0,0
M,AL,M,Y,35,26.0,0,3000,300
F,OH,M,Y,32,14.0,0,2600,1300
M,AL,S,N,48,26.0,1500,0,0
F,NJ,M,N,1,7.0,0,2000,0
F,ND,M,Y,29,13.0,0,6600,3300
M,ID,S,Y,32,41.0,3300,0,3300
M,OH,M,Y,15,8.0,0,2600,1300
F,ME,S,Y,18,45.0,2850,0,2850
F,IL,S,Y,23,16.0,2000,0,2000
F,AR,M,N,7,20.0,0,40,0
M,GA,M,N,43,32.0,0,5400,0
M,RI,M,Y,33,0.0,0,0,0
M,NM,S,Y,31,28.0,3300,0,3300
F,WY,S,N,47,0.0,0,0,0
M,MN,M,N,34,42.0,0,6600,0
F,MT,M,N,49,37.0,0,3800,0
F,NE,S,N,21,36.0,103,0,0
M,WA,S,Y,22,0.0,0,0,0
F,ND,M,N,19,11.0,0,6600,0
M,RI,M,N,7,0.0,0,0,0
F,OR,M,N,8,48.0,0,318,0
F,UT,S,N,9,37.0,2475,0,0
M,TX,M,Y,41,0.0,0,0,0
M,AL,S,N,27,26.0,1500,0,0
F,MO,S,Y,4,30.0,2100,0,1200
F,MI,S,N,22,20.0,3100,0,0
F,MT,M,Y,20,37.0,0,3800,1900
F,VT,S,Y,5,19.0,3300,0,3300
F,TN,M,N,17,0.0,0,0,0
M,RI,S,Y,1,0.0,0,0,0
F,SC,M,N,43,37.0,0,6600,0
F,ND,M,N,12,11.0,0,6600,0
F,ID,M,N,43,41.0,0,6600,0
M,LA,S,Y,6,11.0,4500,0,1000
M,AK,M,N,49,0.0,0,0,0
M,VA,S,Y,36,30.0,900,0,900
M,MI,M,Y,40,20.0,0,6200,3100
F,NV,S,N,20,0.0,0,0,0
F,LA,M,N,20,32.0,0,9000,0
M,TX,S,N,14,0.0,0,0,0
F,WV,M,Y,44,34.0,0,4000,2000
M,OH,M,Y,25,12.0,0,2600,1300
F,CA,M,Y,36,49.0,0,174,272
M,RI,M,Y,3,0.0,0,0,0
F,CT,M,N,26,26.0,0,24500,0
F,WY,M,N,48,0.0,0,0,0
F,PR,S,N,6,0.0,0,0,0
M,TN,S,N,34,0.0,0,0,0
M,MD,S,Y,6,25.0,2400,0,2400
M,KS,S,N,34,34.0,2250,0,0
M,NH,S,Y,35,0.0,0,0,0
M,VT,M,N,6,19.0,0,6600,0
F,PA,M,N,18,16.0,0,0,0
M,MD,M,N,1,21.0,0,4800,0
M,AK,S,Y,8,0.0,0,0,0
F,OR,M,N,4,48.0,0,318,0
F,VA,M,N,0,10.0,0,1800,0
F,HI,M,N,47,44.0,0,2080,0
M,FL,S,Y,22,0.0,0,0,0
M,NM,M,Y,25,28.0,0,6600,3300
F,WV,M,N,28,33.0,0,4000,0
M,RI,S,N,9,0.0,0,0,0
F,ME,S,N,38,45.0,2850,0,0
F,MI,S,Y,25,20.0,3100,0,3100
F,MA,M,Y,3,28.0,0,7150,1000
M,NJ,S,Y,0,7.0,1000,0,1500
F,NV,S,N,14,0.0,0,0,0
M,VA,S,N,21,30.0,900,0,0
M,MO,S,Y,16,32.0,2100,0,1200
M,AZ,S,Y,7,15.0,2100,0,2300
M,CO,M,N,28,24.0,0,0,0
M,IN,S,N,26,18.0,1000,0,0
M,DC,S,Y,24,48.0,1370,0,1370
M,ME,M,N,35,45.0,0,5700,0
M,LA,S,Y,18,32.0,4500,0,1000
M,ID,S,Y,28,41.0,3300,0,3300
M,ME,M,N,26,45.0,0,5700,0
M,CA,M,Y,11,27.0,0,174,272
F,HI,M,Y,35,44.0,0,2080,1040
F,MT,M,Y,7,37.0,0,3800,1900
M,IN,M,N,37,18.0,0,2000,0
M,FL,S,N,49,0.0,0,0,0
F,TN,S,N,30,0.0,0,0,0
F,DE,S,Y,13,20.0,110,0,110
M,OK,M,Y,6,33.0,0,2000,1000
F,FL,M,N,2,0.0,0,0,0
F,CO,M,N,48,24.0,0,0,0
F,CO,M,Y,47,24.0,0,0,0
F,ME,M,N,21,45.0,0,5700,0
F,AK,M,Y,46,0.0,0,0,0
F,IL,M,N,36,16.0,0,4000,0
M,GA,S,N,13,32.0,2700,0,0
F,NV,S,N,39,0.0,0,0,0
F,HI,S,N,35,44.0,1040,0,0
M,NM,S,Y,49,28.0,3300,0,3300
M,DE,M,N,45,31.0,0,220,0
F,MO,M,Y,18,32.0,0,4200,1200
M,NC,M,N,6,32.0,0,6600,0
M,LA,S,Y,17,32.0,4500,0,1000
F,AL,M,Y,16,26.0,0,3000,300
M,MD,M,Y,35,25.0,0,4800,2400
F,DC,S,N,23,48.0,1370,0,0
F,WY,S,N,29,0.0,0,0,0
M,AZ,S,Y,47,22.0,2100,0,2300
F,LA,M,Y,15,32.0,0,9000,1000
M,NM,S,Y,36,28.0,3300,0,3300
F,IN,S,N,41,18.0,1000,0,0
M,VA,S,Y,42,30.0,900,0,900
M,SD,S,N,46,0.0,0,0,0
F,HI,S,N,49,44.0,1040,0,0
M,CT,M,Y,47,26.0,0,24500,0
F,NM,M,N,44,28.0,0,6600,0
F,NV,M,Y,19,0.0,0,0,0
F,AL,M,N,48,26.0,0,3000,0
M,RI,S,N,5,0.0,0,0,0
M,NV,S,N,11,0.0,0,0,0
F,IN,M,N,33,18.0,0,2000,0
M,MT,M,Y,37,37.0,0,3800,1900
F,HI,S,N,13,31.0,1040,0,0
F,MN,S,Y,29,40.0,3300,0,3300
F,NC,M,Y,47,41.0,0,6600,3300
F,MI,M,N,5,20.0,0,6200,0
F,AR,S,Y,45,37.0,20,0,20
F,IN,S,Y,21,18.0,1000,0,1000
M,WA,S,N,40,0.0,0,0,0
M,TN,S,N,42,0.0,0,0,0
M,KY,M,N,14,18.0,0,40,0
F,DC,M,N,9,35.0,0,2740,0
F,AK,S,N,14,0.0,0,0,0
M,KS,M,N,44,34.0,0,4500,0
F,IL,S,N,29,16.0,2000,0,0
F,AL,S,Y,2,26.0,1500,0,300
M,OK,M,N,42,33.0,0,2000,0
F,NM,S,Y,25,28.0,3300,0,3300
F,PA,S,N,1,16.0,0,0,0
F,HI,M,Y,20,44.0,0,2080,1040
